{"type": "FeatureCollection", "features": [{"type": "Feature", "properties": {"GEOID": "47157005000", "NAME": "Census Tract 50", "STATE": "47", "COUNTY": "157", "TRACT": "005000"}, "geometry": {"type": "Polygon", "coordinates": [[[-90.05519199972616, 35.1167719997453], [-90.0548439995716, 35.12677800009281], [-90.04694699974046, 35.12657900011345], [-90.04721999955191, 35.119171999706204], [-90.0472249995748, 35.116527999978324], [-90.04707200031224, 35.115870000108394], [-90.05521299964255, 35.11604199987936], [-90.05519199972616, 35.1167719997453]]]}}, {"type": "Feature", "properties": {"GEOID": "47157003100", "NAME": "Census Tract 31", "STATE": "47", "COUNTY": "157", "TRACT": "003100"}, "geometry": {"type": "Polygon", "coordinates": [[[-89.99068700020784, 35.12707000025296], [-89.9903390000533, 35.13476099964772], [-89.989431999857, 35.141695999738026], [-89.98471299965087, 35.14117700020527], [-89.96473299988487, 35.133896000077215], [-89.96702799960309, 35.130323000232785], [-89.96704299967168, 35.129493999638775], [-89.97073099983298, 35.12954299980044], [-89.97104600037557, 35.128221999639386], [-89.9714780001957, 35.127265000003334], [-89.9729779998706, 35.12505299980299], [-89.97362999979875, 35.125507000248525], [-89.97421200030504, 35.12566000025905], [-89.9842630002874, 35.12593100018213], [-89.98415000030948, 35.12836900012789], [-89.98396199998851, 35.129290000103246], [-89.9906980000785, 35.12672100015578], [-89.99068700020784, 35.12707000025296]]]}}, {"type": "Feature", "properties": {"GEOID": "47157003200", "NAME": "Census Tract 32", "STATE": "47", "COUNTY": "157", "TRACT": "003200"}, "geometry": {"type": "Polygon", "coordinates": [[[-90.00417299973317, 35.13288399997877], [-90.00407300017407, 35.13560699970958], [-90.00380899968512, 35.13558299990711], [-90.00288300012056, 35.14284899983125], [-89.989431999857, 35.141695999738026], [-89.99026700008326, 35.135477000021616], [-89.99047700014555, 35.13172700025637], [-90.00418000030419, 35.13208100034986], [-90.00417299973317, 35.13288399997877]]]}}, {"type": "Feature", "properties": {"GEOID": "47157022210", "NAME": "Census Tract 222.10", "STATE": "47", "COUNTY": "157", "TRACT": "022210"}, "geometry": {"type": "Polygon", "coordinates": [[[-90.11721499992855, 35.06862799986665], [-90.09953599972852, 35.06678300013061], [-90.09799300039592, 35.066813000029484], [-90.09588199990243, 35.067151999885006], [-90.0962829997604, 35.066922000108406], [-90.09580499990953, 35.066103999666794], [-90.09589799979595, 35.06535099982957], [-90.09577099957434, 35.065147999996114], [-90.09530399959411, 35.0649939996589], [-90.09573799996238, 35.06454400028406], [-90.09547000017378, 35.06414800031157], [-90.09527600000501, 35.06314900013372], [-90.09500200036862, 35.0628579996463], [-90.09284400001948, 35.0616789996704], [-90.09346800035854, 35.05844500004356], [-90.09608799976675, 35.055310000251005], [-90.09664500015867, 35.05410300017152], [-90.0965210003101, 35.04463500031581], [-90.0967110002809, 35.03889499974912], [-90.09717800026114, 35.037840000293336], [-90.09879799958664, 35.0360969999208], [-90.09987399983733, 35.03297399992232], [-90.09870100040058, 35.02909899999946], [-90.09661400019654, 35.02469600021025], [-90.09647899957899, 35.02057600031536], [-90.11721099973059, 35.020537000141296], [-90.11727522508956, 35.02], [-90.12, 35.02], [-90.12, 35.06892854525212], [-90.11721499992855, 35.06862799986665]]]}}, {"type": "Feature", "properties": {"GEOID": "47157008200", "NAME": "Census Tract 82", "STATE": "47", "COUNTY": "157", "TRACT": "008200"}, "geometry": {"type": "Polygon", "coordinates": [[[-89.95781600004493, 35.0822299999844], [-89.9575180001191, 35.08240200017083], [-89.9560109998732, 35.08239199966555], [-89.9553149995641, 35.082555000249805], [-89.95328299961164, 35.083762999862884], [-89.95263700042959, 35.08435099981501], [-89.95019100020035, 35.087358000168095], [-89.94957400043228, 35.08885900000839], [-89.94937500024064, 35.093433999849054], [-89.93103200041689, 35.09298499964235], [-89.9313219999468, 35.079865000160304], [-89.94742799977867, 35.08213200006651], [-89.95017699995662, 35.08187199963874], [-89.9555120001059, 35.080212999719386], [-89.95781600004493, 35.0822299999844]]]}}, {"type": "Feature", "properties": {"GEOID": "47157010220", "NAME": "Census Tract 102.20", "STATE": "47", "COUNTY": "157", "TRACT": "010220"}, "geometry": {"type": "MultiPolygon", "coordinates": [[[[-89.99528400021524, 35.18996200021841], [-89.99615299987838, 35.18985599996724], [-89.99696299999027, 35.18944200036276], [-89.9978300000036, 35.1892899997764], [-89.99805299958635, 35.18942100002338], [-90.00029999962398, 35.18905500005382], [-90.00607099979135, 35.18781300028847], [-90.00692100008622, 35.18789000009351], [-90.00809100004825, 35.187722999823166], [-90.00808702996784, 35.19], [-89.9950893659681, 35.19], [-89.99528400021524, 35.18996200021841]]], [[[-89.9896639996606, 35.1899679996467], [-89.98975300024738, 35.18997000019018], [-89.98995188848139, 35.19], [-89.98956559998763, 35.19], [-89.9896639996606, 35.1899679996467]]], [[[-89.96408099995672, 35.18979100017425], [-89.96387400026748, 35.187223999766466], [-89.9643880001034, 35.18296399981922], [-89.96467299961043, 35.18295499990093], [-89.96639099974352, 35.18337300019363], [-89.96688500038626, 35.184038999777044], [-89.96744000023004, 35.18438400014048], [-89.9687399998884, 35.185778000286476], [-89.97052900016662, 35.18714800000386], [-89.97168099968698, 35.187742999935196], [-89.97359299998884, 35.18813899996471], [-89.97579499982061, 35.18803600005743], [-89.97793700027623, 35.18887299973606], [-89.98044399970654, 35.188630000172836], [-89.98159299975217, 35.18801200030267], [-89.98257899959117, 35.18798500001938], [-89.98397200003427, 35.188435999821664], [-89.98442099957282, 35.18897600005066], [-89.98478750177009, 35.19], [-89.9641047624325, 35.19], [-89.96408099995672, 35.18979100017425]]]]}}, {"type": "Feature", "properties": {"GEOID": "47157022026", "NAME": "Census Tract 220.26", "STATE": "47", "COUNTY": "157", "TRACT": "022026"}, "geometry": {"type": "Polygon", "coordinates": [[[-90.01756100024755, 35.06129499995199], [-89.98950100035229, 35.06050100033994], [-89.99031200028911, 35.05925000023816], [-89.99068100036006, 35.057626999957904], [-89.99058099990263, 35.056741000127424], [-89.98987999957068, 35.05440800016467], [-89.9897979995549, 35.053269999748395], [-89.98982199984434, 35.03558200009368], [-89.99994599962164, 35.03557100014196], [-89.99983900038983, 35.03805599983029], [-90.00115900013968, 35.04061599999804], [-90.00127899979027, 35.04111000010434], [-90.0012939998589, 35.04293300029352], [-90.00060000009793, 35.04596499987856], [-90.00067299989288, 35.04681600031608], [-90.00048000044735, 35.04784800034632], [-90.00086600023673, 35.04913799988242], [-90.00093700038184, 35.05079299993308], [-90.00045799980772, 35.05166999985937], [-89.99985500028336, 35.052283999732396], [-89.99855999974957, 35.05297699985015], [-89.99803800041605, 35.05348500029505], [-90.01309700030954, 35.05388699967544], [-90.01665099967822, 35.05913800008535], [-90.01767900024834, 35.06017399968093], [-90.0193520001756, 35.061330999749586], [-90.01756100024755, 35.06129499995199]]]}}, {"type": "Feature", "properties": {"GEOID": "47157022132", "NAME": "Census Tract 221.32", "STATE": "47", "COUNTY": "157", "TRACT": "022132"}, "geometry": {"type": "Polygon", "coordinates": [[[-90.00199500019085, 35.03557800024517], [-89.98982199984434, 35.03558200009368], [-89.98982000019453, 35.021048000041255], [-90.00245700014823, 35.02098600017038], [-90.00236000006383, 35.03369199983237], [-90.00248100043767, 35.03557800024517], [-90.00199500019085, 35.03557800024517]]]}}, {"type": "Feature", "properties": {"GEOID": "47157011401", "NAME": "Census Tract 114.01", "STATE": "47", "COUNTY": "157", "TRACT": "011401"}, "geometry": {"type": "Polygon", "coordinates": [[[-90.04727999982637, 35.13191800034029], [-90.04625499962933, 35.13528200010044], [-90.0462320000631, 35.136795999645166], [-90.04581600013648, 35.13813700011347], [-90.04566799999849, 35.140027999806755], [-90.044802999635, 35.14209299975533], [-90.04390600038276, 35.14309600005309], [-90.04136300006915, 35.14215999973571], [-90.03660899970292, 35.14084999977693], [-90.03348600032946, 35.14052000016959], [-90.03374499989724, 35.138566999949184], [-90.03482899964553, 35.13865999986776], [-90.03487399985136, 35.13761600030002], [-90.03532999996095, 35.13758299982312], [-90.03585600039074, 35.13718299965661], [-90.0351369996171, 35.136562000095466], [-90.03491599968416, 35.136096999945295], [-90.03506399982216, 35.131466000148166], [-90.04208899961715, 35.13161600032103], [-90.04407600026208, 35.13202600021633], [-90.04453300019657, 35.12858600025911], [-90.04491200031325, 35.12922800013593], [-90.04733599990287, 35.13172999991502], [-90.04727999982637, 35.13191800034029]]]}}, {"type": "Feature", "properties": {"GEOID": "47157000800", "NAME": "Census Tract 8", "STATE": "47", "COUNTY": "157", "TRACT": "000800"}, "geometry": {"type": "Polygon", "coordinates": [[[-89.98361100035925, 35.172001000183236], [-89.98362499970462, 35.17449700034381], [-89.98149300019304, 35.17480699984175], [-89.98126700023724, 35.1807920001816], [-89.97957099984544, 35.18101900018624], [-89.97517700022763, 35.180943999776154], [-89.9751269999989, 35.18405700010677], [-89.97579399999569, 35.18607799982028], [-89.97586199976776, 35.18805199964532], [-89.97290400025075, 35.18808099976212], [-89.97140399967753, 35.18763100012549], [-89.97042799988427, 35.18707799981192], [-89.9687399998884, 35.185778000286476], [-89.96744000023004, 35.18438400014048], [-89.96688500038626, 35.184038999777044], [-89.96639099974352, 35.18337300019363], [-89.96524400024605, 35.18300600015893], [-89.9643880001034, 35.18296399981922], [-89.96567299969313, 35.17131399975074], [-89.97549400042004, 35.171577000103944], [-89.9755129997883, 35.17086499994314], [-89.97873099959631, 35.171664999831194], [-89.98362899990258, 35.17188899997542], [-89.98361100035925, 35.172001000183236]]]}}, {"type": "Feature", "properties": {"GEOID": "47157000700", "NAME": "Census Tract 7", "STATE": "47", "COUNTY": "157", "TRACT": "000700"}, "geometry": {"type": "Polygon", "coordinates": [[[-90.01033800008587, 35.16523800015195], [-90.01019499997072, 35.16815899982768], [-90.00867600002925, 35.171384000302], [-90.00847099998984, 35.1727200000264], [-89.98362899990258, 35.17188899997542], [-89.98421600043172, 35.15887500005786], [-89.98584800035111, 35.15922999987786], [-89.99103799983712, 35.159712000362354], [-89.99120199986865, 35.16001800005328], [-89.98960900030733, 35.16092799967145], [-89.98769100015768, 35.16144199974877], [-89.98728100007887, 35.16182300003455], [-89.9870800002374, 35.162339000086064], [-90.01035900000225, 35.16471299966411], [-90.01033800008587, 35.16523800015195]]]}}, {"type": "Feature", "properties": {"GEOID": "47157005500", "NAME": "Census Tract 55", "STATE": "47", "COUNTY": "157", "TRACT": "005500"}, "geometry": {"type": "Polygon", "coordinates": [[[-90.06750099961681, 35.09344300011441], [-90.0672479998968, 35.095221999738776], [-90.06539500004448, 35.098001999633766], [-90.06498300031585, 35.10170899985129], [-90.0647620003829, 35.10778799997493], [-90.05339599977523, 35.107567000294445], [-90.05278099965702, 35.1059519999281], [-90.05263599989206, 35.10435599971154], [-90.05449499959217, 35.089908000201795], [-90.05427100018447, 35.087794000099564], [-90.05243699970043, 35.078120999977635], [-90.0548910003256, 35.078441999748996], [-90.05951900029513, 35.08001199966717], [-90.06130400037539, 35.080183000335495], [-90.06304599989963, 35.08006299974925], [-90.06313999961095, 35.08135800005864], [-90.06496800024722, 35.08733499981362], [-90.0658899996138, 35.08866099971735], [-90.06642299971628, 35.09132600009056], [-90.06736099987471, 35.09273499997167], [-90.06750099961681, 35.09344300011441]]]}}, {"type": "Feature", "properties": {"GEOID": "47157006400", "NAME": "Census Tract 64", "STATE": "47", "COUNTY": "157", "TRACT": "006400"}, "geometry": {"type": "Polygon", "coordinates": [[[-90.00508199957929, 35.10912800025816], [-90.0048149996156, 35.115965999734826], [-90.00503399989873, 35.116433000353275], [-89.99122899963284, 35.11612599984064], [-89.99121699993725, 35.11492599983884], [-89.99144100024326, 35.11432199979174], [-89.99168100044275, 35.11085999999424], [-89.9920019999348, 35.11020699993075], [-89.99260700000731, 35.10978100014921], [-89.99651500027662, 35.10868600021645], [-90.00509099980013, 35.10895499968938], [-90.00508199957929, 35.10912800025816]]]}}, {"type": "Feature", "properties": {"GEOID": "47157007400", "NAME": "Census Tract 74", "STATE": "47", "COUNTY": "157", "TRACT": "007400"}, "geometry": {"type": "Polygon", "coordinates": [[[-89.94603400040899, 35.10809900027265], [-89.94575700039955, 35.1152890002692], [-89.94321999993372, 35.11613599988274], [-89.94175200004585, 35.116295999654696], [-89.9260040004143, 35.11593700035715], [-89.92622899964685, 35.1073929999016], [-89.94604399955642, 35.10788199994669], [-89.94603400040899, 35.10809900027265]]]}}, {"type": "Feature", "properties": {"GEOID": "47157007500", "NAME": "Census Tract 75", "STATE": "47", "COUNTY": "157", "TRACT": "007500"}, "geometry": {"type": "Polygon", "coordinates": [[[-90.0385929999748, 35.09811299980313], [-90.03570999990254, 35.10064299992962], [-90.0355380003734, 35.10054999996268], [-90.03487399985136, 35.10097199990138], [-90.02923699957829, 35.100831000076056], [-90.02705599966292, 35.09636600001058], [-90.02591599983813, 35.09276699987823], [-90.02557400042967, 35.08938600023369], [-90.02569699955501, 35.08349100036644], [-90.02755799980324, 35.08353099963576], [-90.02802800015652, 35.083694999889985], [-90.02988799968153, 35.08570900018545], [-90.03045799959393, 35.08603300010963], [-90.03691900022262, 35.086170000221315], [-90.0368909997352, 35.09063799967093], [-90.03931400039824, 35.097481999907025], [-90.0385929999748, 35.09811299980313]]]}}, {"type": "Feature", "properties": {"GEOID": "47157000900", "NAME": "Census Tract 9", "STATE": "47", "COUNTY": "157", "TRACT": "000900"}, "geometry": {"type": "Polygon", "coordinates": [[[-89.98420300001294, 35.158989999951984], [-89.98362899990258, 35.17188899997542], [-89.97873099959631, 35.171664999831194], [-89.9755129997883, 35.17086499994314], [-89.97549400042004, 35.171577000103944], [-89.96567299969313, 35.17131399975074], [-89.96702900032629, 35.15903400002811], [-89.9719140002138, 35.157933000233534], [-89.97859900025016, 35.15788799999701], [-89.98022299977359, 35.157980000307106], [-89.98421600043172, 35.15887500005786], [-89.98420300001294, 35.158989999951984]]]}}, {"type": "Feature", "properties": {"GEOID": "47157000100", "NAME": "Census Tract 1", "STATE": "47", "COUNTY": "157", "TRACT": "000100"}, "geometry": {"type": "Polygon", "coordinates": [[[-90.03788900016811, 35.18990800020473], [-90.03735199986765, 35.18965799997269], [-90.03669499991663, 35.18982699974979], [-90.03517199977719, 35.18971300006037], [-90.03608300017143, 35.171053999693335], [-90.03889400027369, 35.17114900020612], [-90.03874600013567, 35.170505999662524], [-90.04321699974636, 35.17064200005759], [-90.04439699975413, 35.17725499978241], [-90.04656900034698, 35.1774190000928], [-90.04715099995495, 35.17524499969921], [-90.0471190001679, 35.174055999826535], [-90.04662299987535, 35.17184900002114], [-90.04669099964741, 35.17098999968726], [-90.04859399972844, 35.167342999970074], [-90.04905499986089, 35.16613300008705], [-90.0493589996345, 35.162618000278925], [-90.04956399967392, 35.16171999982875], [-90.0500480002709, 35.1604180003566], [-90.05322800044408, 35.157693999720514], [-90.05489499962525, 35.15310500023708], [-90.06460800039712, 35.15313099999574], [-90.06392200013379, 35.15467900003333], [-90.0644600002591, 35.160897000358766], [-90.0647260003979, 35.167361999773654], [-90.06441400022835, 35.17895299989537], [-90.06077999959544, 35.18137900031041], [-90.05745499965731, 35.18322199998991], [-90.05754300041917, 35.18298900032126], [-90.05742100022043, 35.182856999991955], [-90.05553900005579, 35.18331700023347], [-90.05400699969552, 35.183993000058464], [-90.05186199976517, 35.185286999731765], [-90.05091899958386, 35.1855089998655], [-90.05040100044832, 35.18602100030243], [-90.0481970000684, 35.187441000069036], [-90.04622899969004, 35.188329999782255], [-90.04411999974471, 35.18954900032967], [-90.04457993194788, 35.19], [-90.03788900016811, 35.18990800020473]]]}}, {"type": "Feature", "properties": {"GEOID": "47157004200", "NAME": "Census Tract 42", "STATE": "47", "COUNTY": "157", "TRACT": "004200"}, "geometry": {"type": "Polygon", "coordinates": [[[-90.06586600022268, 35.140530000155074], [-90.0645160003356, 35.148970000094025], [-90.06538099980078, 35.1513829999262], [-90.06632999982986, 35.1531349999579], [-90.0517730000767, 35.153132000353565], [-90.05280300029663, 35.150734999825715], [-90.04832099991695, 35.14949500009208], [-90.05150799976282, 35.14150100002138], [-90.05198599961372, 35.13918900017204], [-90.05441799959925, 35.13577299992484], [-90.05499500008266, 35.13467400025265], [-90.05507500044861, 35.13387099991048], [-90.05462000016395, 35.132739000041575], [-90.06265699973719, 35.13285099978777], [-90.06251399962207, 35.13460199999899], [-90.06091500021296, 35.13678800031838], [-90.06230000026014, 35.13739700035747], [-90.06648299999074, 35.13862100027032], [-90.06586600022268, 35.140530000155074]]]}}, {"type": "Feature", "properties": {"GEOID": "47157006600", "NAME": "Census Tract 66", "STATE": "47", "COUNTY": "157", "TRACT": "006600"}, "geometry": {"type": "Polygon", "coordinates": [[[-89.99174900021482, 35.1106189998609], [-89.99144100024326, 35.11432199979174], [-89.99121699993725, 35.11492599983884], [-89.9906980000785, 35.12672100015578], [-89.98396199998851, 35.129290000103246], [-89.98415000030948, 35.12836900012789], [-89.9842630002874, 35.12593100018213], [-89.97421200030504, 35.12566000025905], [-89.97362999979875, 35.125507000248525], [-89.9729779998706, 35.12505299980299], [-89.97759400014456, 35.1187149998177], [-89.97903799974296, 35.117060000240514], [-89.98912600043356, 35.10889899994057], [-89.99174900021482, 35.1106189998609]]]}}, {"type": "Feature", "properties": {"GEOID": "47157001600", "NAME": "Census Tract 16", "STATE": "47", "COUNTY": "157", "TRACT": "001600"}, "geometry": {"type": "Polygon", "coordinates": [[[-89.99875700029138, 35.14391100026793], [-89.9959589997096, 35.16325299964005], [-89.9870800002374, 35.162339000086064], [-89.98728100007887, 35.16182300003455], [-89.98769100015768, 35.16144199974877], [-89.98960900030733, 35.16092799967145], [-89.99120199986865, 35.16001800005328], [-89.99103799983712, 35.159712000362354], [-89.98584800035111, 35.15922999987786], [-89.98022299977359, 35.157980000307106], [-89.98096400028852, 35.15260399995944], [-89.98165999969932, 35.14940299973555], [-89.9824549997426, 35.14359499988877], [-89.98305899999019, 35.14054099991734], [-89.98471299965087, 35.14117700020527], [-89.98608400035266, 35.141375000001275], [-89.99894399988912, 35.14253199998288], [-89.99875700029138, 35.14391100026793]]]}}, {"type": "Feature", "properties": {"GEOID": "47157006700", "NAME": "Census Tract 67", "STATE": "47", "COUNTY": "157", "TRACT": "006700"}, "geometry": {"type": "Polygon", "coordinates": [[[-89.98861900027038, 35.10929100031359], [-89.97903799974296, 35.117060000240514], [-89.97759400014456, 35.1187149998177], [-89.9729779998706, 35.12505299980299], [-89.9715140001807, 35.123938999729354], [-89.97176400042595, 35.11567200001642], [-89.96909800008868, 35.115600999947894], [-89.96911200033239, 35.114704999675524], [-89.96630200005507, 35.114591999862526], [-89.96630600025303, 35.111630000174884], [-89.96547100002677, 35.11160800018671], [-89.96553999962374, 35.109967000224195], [-89.96507799966638, 35.10994300021466], [-89.9651429999637, 35.107930999881155], [-89.98860199965361, 35.10856500024596], [-89.98912600043356, 35.10889899994057], [-89.98861900027038, 35.10929100031359]]]}}, {"type": "Feature", "properties": {"GEOID": "47157022131", "NAME": "Census Tract 221.31", "STATE": "47", "COUNTY": "157", "TRACT": "022131"}, "geometry": {"type": "Polygon", "coordinates": [[[-90.01256099983402, 35.02376200002535], [-90.01249600043501, 35.024066000272335], [-90.01214200043269, 35.02443600003023], [-90.01208399980806, 35.024957999747635], [-90.01203500030256, 35.03396599974145], [-90.01186000040039, 35.03437299981393], [-90.01139099987202, 35.034593999927644], [-90.01137800035153, 35.035562000113494], [-90.00248100043767, 35.03557800024517], [-90.00236000006383, 35.03369199983237], [-90.00245700014823, 35.02098600017038], [-90.01247100032064, 35.02091200002563], [-90.01256099983402, 35.02376200002535]]]}}, {"type": "Feature", "properties": {"GEOID": "47157022025", "NAME": "Census Tract 220.25", "STATE": "47", "COUNTY": "157", "TRACT": "022025"}, "geometry": {"type": "Polygon", "coordinates": [[[-90.01263700000202, 35.05386799986999], [-89.99803800041605, 35.05348500029505], [-89.99855999974957, 35.05297699985015], [-89.99985500028336, 35.052283999732396], [-90.00045799980772, 35.05166999985937], [-90.00093700038184, 35.05079299993308], [-90.00086600023673, 35.04913799988242], [-90.00048000044735, 35.04784800034632], [-90.00067299989288, 35.04681600031608], [-90.00060000009793, 35.04596499987856], [-90.0012939998589, 35.04293300029352], [-90.00127899979027, 35.04111000010434], [-90.00115900013968, 35.04061599999804], [-89.99983900038983, 35.03805599983029], [-89.99994599962164, 35.03557100014196], [-90.00248100043767, 35.03557800024517], [-90.00291599973252, 35.037937999697704], [-90.00402200012044, 35.04045300023961], [-90.01309700030954, 35.05388699967544], [-90.01263700000202, 35.05386799986999]]]}}, {"type": "Feature", "properties": {"GEOID": "47157004600", "NAME": "Census Tract 46", "STATE": "47", "COUNTY": "157", "TRACT": "004600"}, "geometry": {"type": "Polygon", "coordinates": [[[-90.03527999973223, 35.12510600030263], [-90.03500199989787, 35.1338549999467], [-90.03102800040465, 35.133481999854155], [-90.02978599957429, 35.13298000012447], [-90.02082900028428, 35.132737000293936], [-90.02131100033313, 35.122905000186215], [-90.02327499961521, 35.123318999810984], [-90.02615299966459, 35.12419699977908], [-90.02946099988426, 35.124475999963984], [-90.03527600043259, 35.12460099971313], [-90.03527999973223, 35.12510600030263]]]}}, {"type": "Feature", "properties": {"GEOID": "47157002100", "NAME": "Census Tract 21", "STATE": "47", "COUNTY": "157", "TRACT": "002100"}, "geometry": {"type": "Polygon", "coordinates": [[[-90.05086300040568, 35.159588999996686], [-90.0500480002709, 35.1604180003566], [-90.04956399967392, 35.16171999982875], [-90.0492950000604, 35.16381999997657], [-90.04839000041225, 35.163889000144074], [-90.04437400018791, 35.162777000276606], [-90.04398800039854, 35.16372799966219], [-90.04272999967465, 35.16348700029293], [-90.03843499979104, 35.163224999711446], [-90.03843399996613, 35.16136799989492], [-90.03931900042112, 35.15884899993153], [-90.03959600043055, 35.15746800026112], [-90.04053200004084, 35.1558600000732], [-90.04366500035835, 35.15595600029685], [-90.05247500023357, 35.15831099991568], [-90.05086300040568, 35.159588999996686]]]}}, {"type": "Feature", "properties": {"GEOID": "47157007810", "NAME": "Census Tract 78.10", "STATE": "47", "COUNTY": "157", "TRACT": "007810"}, "geometry": {"type": "Polygon", "coordinates": [[[-90.02910400040723, 35.10082499995299], [-90.01971600022367, 35.10056500032015], [-90.01811100006847, 35.10087999983969], [-90.01288700024728, 35.10070799966962], [-90.01119800042648, 35.100390999678716], [-90.00311599974907, 35.10011399988079], [-89.99936200036385, 35.102332000332126], [-89.98743099986669, 35.096234000261234], [-89.98779699956458, 35.0865300002282], [-89.98636999968461, 35.084267000186344], [-89.98531400042371, 35.08126800019656], [-89.99087700017864, 35.081376000313206], [-89.99122100013523, 35.08114499968542], [-89.99212499995846, 35.08141500011594], [-90.01069999958578, 35.081957999787114], [-90.01024100000147, 35.09239100018326], [-90.01049600026961, 35.09265100015727], [-90.01541799996701, 35.092669999755344], [-90.02561799991228, 35.086605999887645], [-90.02561500043757, 35.0904440001253], [-90.02599399965594, 35.09312700016657], [-90.02705599966292, 35.09636600001058], [-90.02910900043008, 35.10049699965753], [-90.02923699957829, 35.100831000076056], [-90.02910400040723, 35.10082499995299]]]}}, {"type": "Feature", "properties": {"GEOID": "47157002500", "NAME": "Census Tract 25", "STATE": "47", "COUNTY": "157", "TRACT": "002500"}, "geometry": {"type": "Polygon", "coordinates": [[[-90.02257699965631, 35.14475499981299], [-90.02221000013347, 35.14794299963631], [-90.0221759997983, 35.1499479997396], [-90.02135999983862, 35.15309999991531], [-90.02057300019123, 35.158037999954225], [-90.01785499997543, 35.15857800015399], [-90.01174700042247, 35.158155000154785], [-90.01253200042002, 35.1535999997246], [-90.01113999980186, 35.15330900032391], [-90.00893399977211, 35.15359300019802], [-90.01047500035321, 35.143480000271495], [-90.02259900029591, 35.144584000173516], [-90.02257699965631, 35.14475499981299]]]}}, {"type": "Feature", "properties": {"GEOID": "47157002400", "NAME": "Census Tract 24", "STATE": "47", "COUNTY": "157", "TRACT": "002400"}, "geometry": {"type": "Polygon", "coordinates": [[[-90.0324829998737, 35.146714000357754], [-90.0313990001254, 35.153175999925686], [-90.03094399984074, 35.157006000030165], [-90.0244639998438, 35.15721100019099], [-90.02057300019123, 35.158037999954225], [-90.02135999983862, 35.15309999991531], [-90.0221759997983, 35.1499479997396], [-90.02221000013347, 35.14794299963631], [-90.02259900029591, 35.144584000173516], [-90.03273599959368, 35.14552900018264], [-90.0324829998737, 35.146714000357754]]]}}, {"type": "Feature", "properties": {"GEOID": "47157010620", "NAME": "Census Tract 106.20", "STATE": "47", "COUNTY": "157", "TRACT": "010620"}, "geometry": {"type": "Polygon", "coordinates": [[[-89.93390000042054, 35.05262999973041], [-89.93379599976515, 35.054176999678994], [-89.93352700015164, 35.05497099975422], [-89.93125199962661, 35.05897100034686], [-89.93091500024104, 35.06002000025489], [-89.93107099987665, 35.061464000109936], [-89.93222099974716, 35.06362300026067], [-89.93233000042545, 35.064877000177724], [-89.92143599982089, 35.06468900023913], [-89.9215139996387, 35.06298799974209], [-89.92210899966544, 35.061900000181105], [-89.92223199968907, 35.05937500000409], [-89.9223039996591, 35.05666499985861], [-89.921831999656, 35.054872000098506], [-89.92195999970254, 35.05152900011831], [-89.9339199996137, 35.0518699997213], [-89.93390000042054, 35.05262999973041]]]}}, {"type": "Feature", "properties": {"GEOID": "47157010630", "NAME": "Census Tract 106.30", "STATE": "47", "COUNTY": "157", "TRACT": "010630"}, "geometry": {"type": "Polygon", "coordinates": [[[-89.92019499971374, 35.0514960000812], [-89.92195999970254, 35.05152900011831], [-89.921831999656, 35.054872000098506], [-89.9223039996591, 35.05666499985861], [-89.92223199968907, 35.05937500000409], [-89.92210899966544, 35.061900000181105], [-89.9215139996387, 35.06298799974209], [-89.92143599982089, 35.06468900023913], [-89.92, 35.064592169895015], [-89.92, 35.05149178018874], [-89.92019499971374, 35.0514960000812]]]}}, {"type": "Feature", "properties": {"GEOID": "47157010610", "NAME": "Census Tract 106.10", "STATE": "47", "COUNTY": "157", "TRACT": "010610"}, "geometry": {"type": "Polygon", "coordinates": [[[-89.92014500038336, 35.064628000365474], [-89.93233000042545, 35.064877000177724], [-89.93203099977637, 35.07104199974161], [-89.9313219999468, 35.079865000160304], [-89.92, 35.07827197358142], [-89.92, 35.064592169895015], [-89.92014500038336, 35.064628000365474]]]}}, {"type": "Feature", "properties": {"GEOID": "47157007000", "NAME": "Census Tract 70", "STATE": "47", "COUNTY": "157", "TRACT": "007000"}, "geometry": {"type": "Polygon", "coordinates": [[[-89.96910499976138, 35.1150830002457], [-89.96909800008868, 35.115600999947894], [-89.94773699957517, 35.115133999704355], [-89.94574599963059, 35.11546299996884], [-89.94604399955642, 35.10788199994669], [-89.95687100021382, 35.10768800027686], [-89.9651429999637, 35.107930999881155], [-89.96507799966638, 35.10994300021466], [-89.96553999962374, 35.109967000224195], [-89.96547100002677, 35.11160800018671], [-89.96630600025303, 35.111630000174884], [-89.96626699989497, 35.11453799977296], [-89.96647100010946, 35.11465800033159], [-89.96911200033239, 35.114704999675524], [-89.96910499976138, 35.1150830002457]]]}}, {"type": "Feature", "properties": {"GEOID": "47157011700", "NAME": "Census Tract 117", "STATE": "47", "COUNTY": "157", "TRACT": "011700"}, "geometry": {"type": "Polygon", "coordinates": [[[-90.07718699972618, 35.121036999995425], [-90.07661099996601, 35.12285799969469], [-90.07386500016109, 35.12599600032512], [-90.07275700012337, 35.12516199993367], [-90.07175899969047, 35.12484700022268], [-90.05984999983292, 35.12461400010512], [-90.05980200015235, 35.12690000014613], [-90.0548439995716, 35.12677800009281], [-90.05533099964333, 35.10759299989891], [-90.0756600002871, 35.10803600016646], [-90.07497599967357, 35.11158000012637], [-90.07464299958764, 35.112589000032834], [-90.07177700013214, 35.11690700024196], [-90.07664100010322, 35.11931200009324], [-90.07722299971118, 35.1200700001418], [-90.07718699972618, 35.121036999995425]]]}}, {"type": "Feature", "properties": {"GEOID": "47157022500", "NAME": "Census Tract 225", "STATE": "47", "COUNTY": "157", "TRACT": "022500"}, "geometry": {"type": "Polygon", "coordinates": [[[-90.05993199984869, 35.05630399963791], [-90.05821399971559, 35.072690000030136], [-90.05784499964464, 35.074322000231405], [-90.05724700014316, 35.078467999819495], [-90.05725399981586, 35.079285000047], [-90.05538900026798, 35.07857999991526], [-90.05392399985486, 35.078224999883865], [-90.04824899994695, 35.07762499990186], [-90.04001400000699, 35.07533200014836], [-90.02254700041738, 35.07153499972752], [-90.02082699973614, 35.07129699992867], [-90.01920999988536, 35.07130300001863], [-90.0166919996861, 35.071640999717246], [-89.99160100007681, 35.07612200025764], [-89.98860400020175, 35.07632599982878], [-89.98547900028015, 35.07617100016512], [-89.98697899995506, 35.07013499968016], [-89.98681599974844, 35.070025000307815], [-89.98701999996295, 35.06942000000707], [-89.98989100033964, 35.06494600036338], [-89.98721199958356, 35.06370499984829], [-89.98950100035229, 35.06050100033994], [-90.0193520001756, 35.061330999749586], [-90.02355099979974, 35.06169699985414], [-90.02451099969947, 35.05762800001784], [-90.02500299979405, 35.05425600036112], [-90.02514900028224, 35.03550400006969], [-90.02695699992871, 35.03532399989986], [-90.04185199979068, 35.035316000177325], [-90.0437609997195, 35.044577000093206], [-90.04736900041316, 35.05491400034588], [-90.06011199977374, 35.055262999762874], [-90.05993199984869, 35.05630399963791]]]}}, {"type": "Feature", "properties": {"GEOID": "47157007300", "NAME": "Census Tract 73", "STATE": "47", "COUNTY": "157", "TRACT": "007300"}, "geometry": {"type": "Polygon", "coordinates": [[[-89.94574800017871, 35.115427999894415], [-89.94521900027421, 35.127789999666774], [-89.92576800041273, 35.12369500012084], [-89.9260040004143, 35.11593700035715], [-89.94175200004585, 35.116295999654696], [-89.94321999993372, 35.11613599988274], [-89.94575700039955, 35.1152890002692], [-89.94574800017871, 35.115427999894415]]]}}, {"type": "Feature", "properties": {"GEOID": "47157000400", "NAME": "Census Tract 4", "STATE": "47", "COUNTY": "157", "TRACT": "000400"}, "geometry": {"type": "Polygon", "coordinates": [[[-90.02509400003066, 35.16969200016664], [-90.02498100005276, 35.17455600005506], [-90.02432699957645, 35.17452299987337], [-90.02399400038883, 35.18049000018236], [-90.02410099962064, 35.1807450000755], [-90.02471800028701, 35.18101000005257], [-90.02471400008905, 35.18159100002913], [-90.02447399988954, 35.18209600017585], [-90.0208019996218, 35.1831209997019], [-90.01963699968265, 35.183853000052416], [-90.01796100028064, 35.18506599969076], [-90.01795200005981, 35.1867609997819], [-90.01503800002541, 35.18673900027356], [-90.01392599978972, 35.186343999978305], [-90.01325600031821, 35.18635500015379], [-90.01190999973079, 35.186860000065344], [-90.00809100004825, 35.187722999823166], [-90.00847099998984, 35.1727200000264], [-90.01182299969214, 35.17277900029298], [-90.01260600003987, 35.17259199964942], [-90.02514599990918, 35.16797799989101], [-90.02509400003066, 35.16969200016664]]]}}, {"type": "Feature", "properties": {"GEOID": "47157000300", "NAME": "Census Tract 3", "STATE": "47", "COUNTY": "157", "TRACT": "000300"}, "geometry": {"type": "Polygon", "coordinates": [[[-90.02840999974794, 35.18861699972862], [-90.02748300035849, 35.18798999966466], [-90.02589900011968, 35.188058999877015], [-90.02337000004977, 35.18786800015665], [-90.0196629996219, 35.18733700007415], [-90.01795200005981, 35.1867609997819], [-90.01796100028064, 35.18506599969076], [-90.0208019996218, 35.1831209997019], [-90.02447399988954, 35.18209600017585], [-90.02471400008905, 35.18159100002913], [-90.02469900002043, 35.18097300022684], [-90.02410099962064, 35.1807450000755], [-90.02399400038883, 35.18049000018236], [-90.02432699957645, 35.17452299987337], [-90.02498100005276, 35.17455600005506], [-90.02514599990918, 35.16797799989101], [-90.03671300035829, 35.16373100034462], [-90.03618399955546, 35.1680560003026], [-90.03517199977719, 35.18971300006037], [-90.03445847053035, 35.19], [-90.02964053131454, 35.19], [-90.02840999974794, 35.18861699972862]]]}}, {"type": "Feature", "properties": {"GEOID": "47157006800", "NAME": "Census Tract 68", "STATE": "47", "COUNTY": "157", "TRACT": "006800"}, "geometry": {"type": "Polygon", "coordinates": [[[-89.98851600033821, 35.10856199973427], [-89.96971099965879, 35.108060000002695], [-89.9701550000728, 35.09501300016715], [-89.97205599960569, 35.0971780002267], [-89.97340200019313, 35.0982870001618], [-89.98089399996834, 35.1022729996991], [-89.98600900000959, 35.105578999927324], [-89.98676200022008, 35.1062699998043], [-89.98785799966393, 35.10775300027831], [-89.9886929998902, 35.108578999692995], [-89.98851600033821, 35.10856199973427]]]}}, {"type": "Feature", "properties": {"GEOID": "47157006900", "NAME": "Census Tract 69", "STATE": "47", "COUNTY": "157", "TRACT": "006900"}, "geometry": {"type": "Polygon", "coordinates": [[[-89.98757800017978, 35.09192100033171], [-89.98726799966008, 35.09965999978181], [-89.98565400018235, 35.105328999923024], [-89.98015199962849, 35.101844999832835], [-89.97340200019313, 35.0982870001618], [-89.97205599960569, 35.0971780002267], [-89.9701550000728, 35.09501300016715], [-89.97035199971629, 35.09110299984782], [-89.9743589997198, 35.09117100026004], [-89.97437100031368, 35.08698800019861], [-89.9796179997011, 35.08854799981476], [-89.9851510002171, 35.091525999815964], [-89.98759200042348, 35.091535000291906], [-89.98757800017978, 35.09192100033171]]]}}, {"type": "Feature", "properties": {"GEOID": "47157011200", "NAME": "Census Tract 112", "STATE": "47", "COUNTY": "157", "TRACT": "011200"}, "geometry": {"type": "Polygon", "coordinates": [[[-90.0202600001968, 35.15994600018636], [-90.01901700043983, 35.16427299991103], [-90.01853200001796, 35.17044800009435], [-90.01214200043269, 35.172712999942156], [-90.00847099998984, 35.1727200000264], [-90.00867600002925, 35.171384000302], [-90.01019499997072, 35.16815899982768], [-90.01035900000225, 35.16471299966411], [-90.01089499957945, 35.164764999831476], [-90.01185500037751, 35.15816000016593], [-90.01785499997543, 35.15857800015399], [-90.02057300019123, 35.158037999954225], [-90.0202600001968, 35.15994600018636]]]}}, {"type": "Feature", "properties": {"GEOID": "47157010500", "NAME": "Census Tract 105", "STATE": "47", "COUNTY": "157", "TRACT": "010500"}, "geometry": {"type": "Polygon", "coordinates": [[[-89.95380499984346, 35.06872599982911], [-89.94510299992326, 35.06850899985911], [-89.94435100043599, 35.06876200002581], [-89.9483729996098, 35.073992000220365], [-89.9511539995748, 35.07657800019485], [-89.95091099990056, 35.07667699999449], [-89.94881799984873, 35.07699800030078], [-89.94323900020028, 35.07692099995312], [-89.93152299978826, 35.07641000028235], [-89.93203099977637, 35.07104199974161], [-89.93235299999166, 35.06427999978055], [-89.93210199992149, 35.063347999831905], [-89.93107099987665, 35.061464000109936], [-89.93091500024104, 35.06002000025489], [-89.93125199962661, 35.05897100034686], [-89.93371299992447, 35.054482000131145], [-89.9339199996137, 35.0518699997213], [-89.95167300033188, 35.05224399985489], [-89.95145499987369, 35.05369300025445], [-89.95029599978231, 35.056741000127424], [-89.95009400011595, 35.058859999856175], [-89.95031199967583, 35.05968100019404], [-89.9507300001506, 35.06044899977178], [-89.95312799980096, 35.06327899976611], [-89.95385099987422, 35.064444999735734], [-89.95409000024881, 35.06533800027914], [-89.95406199976141, 35.067595999960645], [-89.95420700042467, 35.06874399992942], [-89.95380499984346, 35.06872599982911]]]}}, {"type": "Feature", "properties": {"GEOID": "47157004500", "NAME": "Census Tract 45", "STATE": "47", "COUNTY": "157", "TRACT": "004500"}, "geometry": {"type": "Polygon", "coordinates": [[[-90.04443000026441, 35.1289830002892], [-90.04407600026208, 35.13202600021633], [-90.04208899961715, 35.13161600032103], [-90.03506399982216, 35.131466000148166], [-90.03527600043259, 35.12460099971313], [-90.03793500019886, 35.124798000174465], [-90.0412330003728, 35.12616100034205], [-90.0432469998836, 35.12652399993741], [-90.04434499987559, 35.128068000102495], [-90.04453300019657, 35.12858600025911], [-90.04443000026441, 35.1289830002892]]]}}, {"type": "Feature", "properties": {"GEOID": "47157980300", "NAME": "Census Tract 9803", "STATE": "47", "COUNTY": "157", "TRACT": "980300"}, "geometry": {"type": "Polygon", "coordinates": [[[-90.11730600016513, 35.073652000239086], [-90.10743599993275, 35.07242799989909], [-90.10075599991927, 35.07601399980253], [-90.09547600002155, 35.08070099981172], [-90.09169199960081, 35.08469100005367], [-90.0911209998635, 35.08404200028234], [-90.08792099959885, 35.082906000081884], [-90.08622400028045, 35.08261800019895], [-90.08368299961664, 35.08153800021997], [-90.08084700029838, 35.08122499977], [-90.07863299987272, 35.08001199966717], [-90.08730899985366, 35.070681999764474], [-90.08958699985341, 35.06935299975991], [-90.09661900021939, 35.067000000277936], [-90.09799300039592, 35.066813000029484], [-90.09992599971586, 35.066813000029484], [-90.12, 35.06892854525212], [-90.12, 35.07398533109098], [-90.11730600016513, 35.073652000239086]]]}}, {"type": "Feature", "properties": {"GEOID": "47157005600", "NAME": "Census Tract 56", "STATE": "47", "COUNTY": "157", "TRACT": "005600"}, "geometry": {"type": "Polygon", "coordinates": [[[-90.05443600004094, 35.0910529997031], [-90.05298900006947, 35.101535999703664], [-90.05098200023136, 35.101350999755475], [-90.05063800027479, 35.101455999698146], [-90.04697400040294, 35.10139200007819], [-90.03562899971169, 35.10096299973217], [-90.03570999990254, 35.10064299992962], [-90.03931400039824, 35.097481999907025], [-90.0368909997352, 35.09063799967093], [-90.03691900022262, 35.086170000221315], [-90.0305959996862, 35.08605999967767], [-90.02988799968153, 35.08570900018545], [-90.02892899960672, 35.08463600027329], [-90.04004900016707, 35.07801299996298], [-90.0423670003498, 35.07706000030833], [-90.04468399980931, 35.076665999695926], [-90.04824899994695, 35.07762499990186], [-90.05243699970043, 35.078120999977635], [-90.05427100018447, 35.087794000099564], [-90.05447600022391, 35.089368000276586], [-90.05443600004094, 35.0910529997031]]]}}, {"type": "Feature", "properties": {"GEOID": "47157005800", "NAME": "Census Tract 58", "STATE": "47", "COUNTY": "157", "TRACT": "005800"}, "geometry": {"type": "Polygon", "coordinates": [[[-90.05531999977266, 35.10785100027289], [-90.05521299964255, 35.11604199987936], [-90.04707200031224, 35.115870000108394], [-90.04712400019076, 35.11222200029852], [-90.04688999983904, 35.11221699967002], [-90.04701600023573, 35.10741500029276], [-90.05533099964333, 35.10759299989891], [-90.05531999977266, 35.10785100027289]]]}}, {"type": "Feature", "properties": {"GEOID": "47157005900", "NAME": "Census Tract 59", "STATE": "47", "COUNTY": "157", "TRACT": "005900"}, "geometry": {"type": "Polygon", "coordinates": [[[-90.04709900007643, 35.112966000015156], [-90.04707200031224, 35.115870000108394], [-90.03032000039998, 35.11549000007898], [-90.03056499972406, 35.1070509998713], [-90.04701600023573, 35.10741500029276], [-90.04688999983904, 35.11221699967002], [-90.04712400019076, 35.11222200029852], [-90.04709900007643, 35.112966000015156]]]}}, {"type": "Feature", "properties": {"GEOID": "47157980100", "NAME": "Census Tract 9801", "STATE": "47", "COUNTY": "157", "TRACT": "980100"}, "geometry": {"type": "Polygon", "coordinates": [[[-89.99064100017708, 35.05817800024676], [-89.99012300014323, 35.05960999989886], [-89.98721199958356, 35.06370499984829], [-89.98989100033964, 35.06494600036338], [-89.98701999996295, 35.06942000000707], [-89.98681599974844, 35.070025000307815], [-89.98697899995506, 35.07013499968016], [-89.98529400033225, 35.07702300027394], [-89.97754899993872, 35.07653000036016], [-89.96424699963808, 35.077782999918284], [-89.96160700013837, 35.07843399983877], [-89.9559549997967, 35.080586000351076], [-89.9555120001059, 35.080212999719386], [-89.95017699995662, 35.08187199963874], [-89.9477600000397, 35.08213599984038], [-89.94550799997921, 35.081957999787114], [-89.9313219999468, 35.079865000160304], [-89.93152299978826, 35.07641000028235], [-89.94323900020028, 35.07692099995312], [-89.94881799984873, 35.07699800030078], [-89.95013699977366, 35.07686500025609], [-89.9511539995748, 35.07657800019485], [-89.9483729996098, 35.073992000220365], [-89.94435100043599, 35.06876200002581], [-89.94510299992326, 35.06850899985911], [-89.95420700042467, 35.06874399992942], [-89.95406199976141, 35.067595999960645], [-89.95409000024881, 35.06533800027914], [-89.95385099987422, 35.064444999735734], [-89.95312799980096, 35.06327899976611], [-89.9507300001506, 35.06044899977178], [-89.95031199967583, 35.05968100019404], [-89.95009400011595, 35.058859999856175], [-89.95029599978231, 35.056741000127424], [-89.95145499987369, 35.05369300025445], [-89.95167300033188, 35.05224399985489], [-89.96398100039761, 35.05266799991286], [-89.96394799988734, 35.037685999941075], [-89.96373600017523, 35.034443999982194], [-89.96364699958846, 35.02084499970754], [-89.98982000019453, 35.021048000041255], [-89.98975400007228, 35.051569000346014], [-89.98987999957068, 35.05440800016467], [-89.99060199981902, 35.056831999901505], [-89.99064100017708, 35.05817800024676]]]}}, {"type": "Feature", "properties": {"GEOID": "47157011100", "NAME": "Census Tract 111", "STATE": "47", "COUNTY": "157", "TRACT": "011100"}, "geometry": {"type": "Polygon", "coordinates": [[[-89.96701300043279, 35.15917200034625], [-89.9643880001034, 35.18296399981922], [-89.96390400040472, 35.18284700006948], [-89.96282700032911, 35.183022999993064], [-89.95883100019626, 35.184773999841184], [-89.9574839997839, 35.18521300028662], [-89.9535270000091, 35.18578999976045], [-89.95149900025461, 35.18589400026687], [-89.95028599973658, 35.186213999860804], [-89.94959699999849, 35.18618499981186], [-89.94968700041018, 35.18146799971595], [-89.94863799992368, 35.18128600002725], [-89.9481190000649, 35.18091200000106], [-89.94783299983463, 35.17986099976655], [-89.94782199996399, 35.17631800027355], [-89.94806100033858, 35.17315300028975], [-89.94858500022022, 35.1726970002718], [-89.93994100002635, 35.175355000254974], [-89.9420659998652, 35.172959999822965], [-89.94339800020894, 35.17177199970496], [-89.94884700016104, 35.16789100002152], [-89.95252799975133, 35.1649080003039], [-89.95634499978402, 35.162461999965274], [-89.95798500009934, 35.16169599964798], [-89.96236199999872, 35.160132000262976], [-89.96702900032629, 35.15903400002811], [-89.96701300043279, 35.15917200034625]]]}}, {"type": "Feature", "properties": {"GEOID": "47157007100", "NAME": "Census Tract 71", "STATE": "47", "COUNTY": "157", "TRACT": "007100"}, "geometry": {"type": "Polygon", "coordinates": [[[-89.9727119997318, 35.12541100010959], [-89.97129800027064, 35.1276259999479], [-89.97073099983298, 35.12954299980044], [-89.96704299967168, 35.129493999638775], [-89.96702799960309, 35.130323000232785], [-89.96473299988487, 35.133896000077215], [-89.95847499964579, 35.13160699986299], [-89.95880400043207, 35.12352200035606], [-89.96230000007442, 35.12362699965402], [-89.96253799972581, 35.11546199988299], [-89.97176400042595, 35.11567200001642], [-89.97149499991411, 35.123764999764084], [-89.9715140001807, 35.123938999729354], [-89.9729779998706, 35.12505299980299], [-89.9727119997318, 35.12541100010959]]]}}, {"type": "Feature", "properties": {"GEOID": "47157007200", "NAME": "Census Tract 72", "STATE": "47", "COUNTY": "157", "TRACT": "007200"}, "geometry": {"type": "Polygon", "coordinates": [[[-89.96252199983226, 35.11598699993655], [-89.96230000007442, 35.12362699965402], [-89.95880400043207, 35.12352200035606], [-89.95847499964579, 35.13160699986299], [-89.95175899964728, 35.12950699998443], [-89.94521900027421, 35.127789999666774], [-89.94574599963059, 35.11546299996884], [-89.94773699957517, 35.115133999704355], [-89.96253799972581, 35.11546199988299], [-89.96252199983226, 35.11598699993655]]]}}, {"type": "Feature", "properties": {"GEOID": "47157011600", "NAME": "Census Tract 116", "STATE": "47", "COUNTY": "157", "TRACT": "011600"}, "geometry": {"type": "Polygon", "coordinates": [[[-90.04721200005432, 35.116811000254664], [-90.04694699974046, 35.12657900011345], [-90.04209100016529, 35.126384000190015], [-90.04084000001241, 35.126018000101794], [-90.03877700009781, 35.12505299980299], [-90.0374189998148, 35.12470199993459], [-90.03238800033745, 35.12452400023126], [-90.03257199956217, 35.11932099970574], [-90.03068600009789, 35.11927200000719], [-90.0308140001444, 35.11550100028459], [-90.04707200031224, 35.115870000108394], [-90.04721200005432, 35.116811000254664]]]}}, {"type": "Feature", "properties": {"GEOID": "47157011300", "NAME": "Census Tract 113", "STATE": "47", "COUNTY": "157", "TRACT": "011300"}, "geometry": {"type": "Polygon", "coordinates": [[[-90.05487399970885, 35.153169000362574], [-90.05322800044408, 35.157693999720514], [-90.05247500023357, 35.15831099991568], [-90.04344900044829, 35.15592600014734], [-90.03747200041657, 35.15566299985614], [-90.03732500010348, 35.15661499973848], [-90.03587099956101, 35.15649399972959], [-90.03374499989724, 35.15697100018394], [-90.03094399984074, 35.157006000030165], [-90.0313990001254, 35.153175999925686], [-90.03273599959368, 35.14552900018264], [-90.03421500025053, 35.14572599996139], [-90.05280300029663, 35.150734999825715], [-90.0517730000767, 35.153132000353565], [-90.05487399970885, 35.153169000362574]]]}}, {"type": "Feature", "properties": {"GEOID": "05035030602", "NAME": "Census Tract 306.02", "STATE": "05", "COUNTY": "035", "TRACT": "030602"}, "geometry": {"type": "Polygon", "coordinates": [[[-90.1199780003502, 35.156315999759606], [-90.10450900037787, 35.15351099992752], [-90.10129499986952, 35.15316099970697], [-90.06632999982986, 35.1531349999579], [-90.06538099980078, 35.1513829999262], [-90.0645160003356, 35.148970000094025], [-90.06586600022268, 35.140530000155074], [-90.06621000017927, 35.13922400032089], [-90.06674699958138, 35.13804999991826], [-90.06925499973492, 35.13445200018439], [-90.07106499992952, 35.13234500032671], [-90.07249500018254, 35.13104199964432], [-90.0791519997315, 35.126006999846815], [-90.08557700037515, 35.12162400005197], [-90.09133099992579, 35.11957999972212], [-90.09783400038725, 35.11869300027286], [-90.10067700027653, 35.11880400018675], [-90.10226499981499, 35.11904000014962], [-90.10530799972081, 35.11964499978992], [-90.10746900044302, 35.12027800010061], [-90.11513199992247, 35.12315299992309], [-90.1181139997289, 35.12524400011109], [-90.12, 35.12636933802779], [-90.1199780003502, 35.156315999759606]]]}}, {"type": "Feature", "properties": {"GEOID": "47157011402", "NAME": "Census Tract 114.02", "STATE": "47", "COUNTY": "157", "TRACT": "011402"}, "geometry": {"type": "Polygon", "coordinates": [[[-90.05506100020492, 35.13443399989423], [-90.05441799959925, 35.13577299992484], [-90.05198599961372, 35.13918900017204], [-90.05150799976282, 35.14150100002138], [-90.04832099991695, 35.14949500009208], [-90.04442199986849, 35.148462999777145], [-90.04449100036378, 35.147374999855344], [-90.0438670000247, 35.147215000173865], [-90.04417499999627, 35.146039999991366], [-90.04357300029682, 35.144617000015934], [-90.04350999964932, 35.144028000215656], [-90.04372899993244, 35.143300000256964], [-90.04487299995519, 35.141969999932925], [-90.04566799999849, 35.140027999806755], [-90.04581600013648, 35.13813700011347], [-90.0462320000631, 35.136795999645166], [-90.04625499962933, 35.13528200010044], [-90.04733599990287, 35.13172999991502], [-90.04491200031325, 35.12922800013593], [-90.0442600003851, 35.12789200027515], [-90.0432469998836, 35.12652399993741], [-90.0548439995716, 35.12677800009281], [-90.05462000016395, 35.132739000041575], [-90.05507500044861, 35.13387099991048], [-90.05506100020492, 35.13443399989423]]]}}, {"type": "Feature", "properties": {"GEOID": "47157011020", "NAME": "Census Tract 110.20", "STATE": "47", "COUNTY": "157", "TRACT": "011020"}, "geometry": {"type": "Polygon", "coordinates": [[[-89.95630299995123, 35.030643000106316], [-89.95611200015553, 35.03315600010297], [-89.95488600011703, 35.03407100034632], [-89.95466400035919, 35.03461400014474], [-89.95477499978894, 35.037513999672655], [-89.95557200038037, 35.03847999998495], [-89.9557449997344, 35.03913299985915], [-89.95477099959098, 35.04157600034331], [-89.95480699957598, 35.052316000061516], [-89.9339199996137, 35.0518699997213], [-89.93385900041267, 35.05102899966373], [-89.9333410003788, 35.04892399982511], [-89.93329699999788, 35.04580800025337], [-89.93344299958773, 35.045114000136195], [-89.9339179999639, 35.044167999649424], [-89.93600799964267, 35.04212200029732], [-89.93670899997463, 35.04076399984895], [-89.93679799966309, 35.03849800013367], [-89.93653499989735, 35.036453999914215], [-89.93699799967963, 35.03404900003465], [-89.93697900031138, 35.02797300002274], [-89.95472899975819, 35.02797200033534], [-89.9548719998733, 35.02841499969139], [-89.95618199957741, 35.02971800013227], [-89.95630299995123, 35.030643000106316]]]}}, {"type": "Feature", "properties": {"GEOID": "47157011010", "NAME": "Census Tract 110.10", "STATE": "47", "COUNTY": "157", "TRACT": "011010"}, "geometry": {"type": "Polygon", "coordinates": [[[-89.96398399987234, 35.05168900017618], [-89.96398100039761, 35.05266799991286], [-89.95480699957598, 35.052316000061516], [-89.95477099959098, 35.04157600034331], [-89.9557449997344, 35.03913299985915], [-89.95557200038037, 35.03847999998495], [-89.95477499978894, 35.037513999672655], [-89.95466400035919, 35.03461400014474], [-89.95488600011703, 35.03407100034632], [-89.95611200015553, 35.03315600010297], [-89.95633700028642, 35.03021600003062], [-89.95618199957741, 35.02971800013227], [-89.95474300000188, 35.028172000101094], [-89.9545749997724, 35.02075599985893], [-89.96364699958846, 35.02084499970754], [-89.96373600017523, 35.034443999982194], [-89.96394799988734, 35.037685999941075], [-89.96398399987234, 35.05168900017618]]]}}, {"type": "Feature", "properties": {"GEOID": "47157980200", "NAME": "Census Tract 9802", "STATE": "47", "COUNTY": "157", "TRACT": "980200"}, "geometry": {"type": "Polygon", "coordinates": [[[-90.1181139997289, 35.12524400011109], [-90.11513199992247, 35.12315299992309], [-90.10746900044302, 35.12027800010061], [-90.10530799972081, 35.11964499978992], [-90.10226499981499, 35.11904000014962], [-90.10067700027653, 35.11880400018675], [-90.09783400038725, 35.11869300027286], [-90.09133099992579, 35.11957999972212], [-90.08557700037515, 35.12162400005197], [-90.07637599978936, 35.128027999907935], [-90.07386500016109, 35.12599600032512], [-90.07678099984533, 35.12256299986741], [-90.07723299975692, 35.120789999714816], [-90.07722299971118, 35.1200700001418], [-90.07683699992181, 35.11947200024097], [-90.07628100025312, 35.11909899966614], [-90.07177700013214, 35.11690700024196], [-90.07464299958764, 35.112589000032834], [-90.07497599967357, 35.11158000012637], [-90.0756600002871, 35.10803600016646], [-90.08359899995106, 35.10811399997584], [-90.08487299967015, 35.09602599993307], [-90.09169199960081, 35.08469100005367], [-90.09547600002155, 35.08070099981172], [-90.10075599991927, 35.07601399980253], [-90.10743599993275, 35.07242799989909], [-90.12, 35.07398533109098], [-90.12, 35.12636933802779], [-90.1181139997289, 35.12524400011109]]]}}, {"type": "Feature", "properties": {"GEOID": "47157006500", "NAME": "Census Tract 65", "STATE": "47", "COUNTY": "157", "TRACT": "006500"}, "geometry": {"type": "Polygon", "coordinates": [[[-90.0090810000852, 35.109083000230484], [-89.99651500027662, 35.10868600021645], [-89.99260700000731, 35.10978100014921], [-89.99178400037492, 35.110538999951814], [-89.99140100006028, 35.11032200024389], [-89.98844799966781, 35.10837899991064], [-89.98676200022008, 35.1062699998043], [-89.98565400018235, 35.105328999923024], [-89.9871789999716, 35.100145999831255], [-89.98743099986669, 35.096234000261234], [-89.99936200036385, 35.102332000332126], [-90.00311599974907, 35.10011399988079], [-90.00950000038485, 35.10033900027662], [-90.00951000043061, 35.10091299975395], [-90.00983400029571, 35.101876000321084], [-90.00962000003545, 35.108326999725186], [-90.00998099971048, 35.109109000086214], [-90.0090810000852, 35.109083000230484]]]}}, {"type": "Feature", "properties": {"GEOID": "47157020543", "NAME": "Census Tract 205.43", "STATE": "47", "COUNTY": "157", "TRACT": "020543"}, "geometry": {"type": "Polygon", "coordinates": [[[-89.94135899968548, 35.189802999789855], [-89.94273100021216, 35.18843799966869], [-89.9441489998713, 35.18660800010778], [-89.94479199957863, 35.186578000253014], [-89.94609700015819, 35.18604300000516], [-89.94828999976913, 35.18593399991794], [-89.95028599973658, 35.186213999860804], [-89.95149900025461, 35.18589400026687], [-89.9535270000091, 35.18578999976045], [-89.95760599998265, 35.18514599978831], [-89.9566660001744, 35.18772800021867], [-89.9564345693782, 35.19], [-89.94133330468486, 35.19], [-89.94135899968548, 35.189802999789855]]]}}, {"type": "Feature", "properties": {"GEOID": "47157006000", "NAME": "Census Tract 60", "STATE": "47", "COUNTY": "157", "TRACT": "006000"}, "geometry": {"type": "Polygon", "coordinates": [[[-90.02943900014297, 35.10380500035027], [-90.02931000027154, 35.10701800023725], [-90.02117999991354, 35.10689199977461], [-90.02172100041196, 35.10947999978035], [-90.00998099971048, 35.109109000086214], [-90.00965400037066, 35.108603000104225], [-90.00983400029571, 35.101876000321084], [-90.00951000043061, 35.10091299975395], [-90.00950000038485, 35.10033900027662], [-90.01160299958413, 35.100412999754994], [-90.0131709999294, 35.10072600006333], [-90.01811100006847, 35.10087999983969], [-90.01971600022367, 35.10056500032015], [-90.02923699957829, 35.100831000076056], [-90.02946400025732, 35.10183399998869], [-90.02943900014297, 35.10380500035027]]]}}, {"type": "Feature", "properties": {"GEOID": "47157006200", "NAME": "Census Tract 62", "STATE": "47", "COUNTY": "157", "TRACT": "006200"}, "geometry": {"type": "Polygon", "coordinates": [[[-90.02135599964063, 35.12178900010858], [-90.02131100033313, 35.122905000186215], [-90.01866099988938, 35.12312700014018], [-90.00636700006736, 35.12373500023924], [-90.00638700015884, 35.12318599963563], [-90.00492199974572, 35.12314000003266], [-90.005095999823, 35.116522000276], [-90.0048149996156, 35.115965999734826], [-90.00509099980013, 35.10895499968938], [-90.0098409999684, 35.109107999922315], [-90.01356199974165, 35.11285099975907], [-90.01907400034125, 35.11964499978992], [-90.0213659996864, 35.12154799997131], [-90.02135599964063, 35.12178900010858]]]}}, {"type": "Feature", "properties": {"GEOID": "05035030803", "NAME": "Census Tract 308.03", "STATE": "05", "COUNTY": "035", "TRACT": "030803"}, "geometry": {"type": "Polygon", "coordinates": [[[-90.11913700027615, 35.16403799982714], [-90.1051029996814, 35.156038999894044], [-90.10004700008967, 35.153144999862356], [-90.10393799974226, 35.153418000085075], [-90.12, 35.156321811042375], [-90.12, 35.16453261911244], [-90.11913700027615, 35.16403799982714]]]}}, {"type": "Feature", "properties": {"GEOID": "47157009902", "NAME": "Census Tract 99.02", "STATE": "47", "COUNTY": "157", "TRACT": "009902"}, "geometry": {"type": "MultiPolygon", "coordinates": [[[[-90.04441699984561, 35.189871000025036], [-90.04411999974471, 35.18954900032967], [-90.04601199995507, 35.18845499983489], [-90.04633900019323, 35.1895209999128], [-90.04664303459367, 35.19], [-90.04457993194788, 35.19], [-90.04441699984561, 35.189871000025036]]], [[[-90.0351580004318, 35.18997000019018], [-90.03517199977719, 35.18971300006037], [-90.03669499991663, 35.18982699974979], [-90.03735199986765, 35.18965799997269], [-90.0380102413255, 35.19], [-90.0351580004318, 35.18997000019018]]]]}}, {"type": "Feature", "properties": {"GEOID": "47157003000", "NAME": "Census Tract 30", "STATE": "47", "COUNTY": "157", "TRACT": "003000"}, "geometry": {"type": "Polygon", "coordinates": [[[-89.9675570004059, 35.13577700000551], [-89.96435700014125, 35.13700999989403], [-89.96167699956027, 35.13767299995704], [-89.9616570003671, 35.140613999837846], [-89.96138600020545, 35.14180799965034], [-89.95163700034686, 35.14165600036161], [-89.9517379997309, 35.13921100005748], [-89.94481099984522, 35.14027499977381], [-89.94521900027421, 35.127789999666774], [-89.95175899964728, 35.12950699998443], [-89.95847499964579, 35.13160699986299], [-89.96870100042865, 35.135332000294255], [-89.9675570004059, 35.13577700000551]]]}}, {"type": "Feature", "properties": {"GEOID": "47157008120", "NAME": "Census Tract 81.20", "STATE": "47", "COUNTY": "157", "TRACT": "008120"}, "geometry": {"type": "Polygon", "coordinates": [[[-89.97400200024275, 35.07716499991722], [-89.9727750003793, 35.07830199973608], [-89.97203499968928, 35.07838300020867], [-89.97180700008367, 35.08434200001648], [-89.97159600019646, 35.084766999956436], [-89.97077199984086, 35.08542599997464], [-89.97052300031883, 35.08592699970438], [-89.9701550000728, 35.09501300016715], [-89.9493309998597, 35.0946420000406], [-89.94957400043228, 35.08885900000839], [-89.95019100020035, 35.087358000168095], [-89.95263700042959, 35.08435099981501], [-89.95328299961164, 35.083762999862884], [-89.9553149995641, 35.082555000249805], [-89.9560109998732, 35.08239199966555], [-89.9575180001191, 35.08240200017083], [-89.95787200012144, 35.08218900031813], [-89.9559549997967, 35.080586000351076], [-89.96154400038918, 35.07845599995767], [-89.96368400029668, 35.07786199981176], [-89.97450900040594, 35.07675600022366], [-89.97400200024275, 35.07716499991722]]]}}, {"type": "Feature", "properties": {"GEOID": "47157008700", "NAME": "Census Tract 87", "STATE": "47", "COUNTY": "157", "TRACT": "008700"}, "geometry": {"type": "Polygon", "coordinates": [[[-89.92003999990305, 35.14896199976007], [-89.9280329999937, 35.14911699984728], [-89.92797100006942, 35.15138000025728], [-89.9275619998155, 35.1520939998729], [-89.9272589998668, 35.162259000309554], [-89.92, 35.16208533316851], [-89.92003999990305, 35.14896199976007]]]}}, {"type": "Feature", "properties": {"GEOID": "47157008600", "NAME": "Census Tract 86", "STATE": "47", "COUNTY": "157", "TRACT": "008600"}, "geometry": {"type": "Polygon", "coordinates": [[[-89.92008799958363, 35.13137900017115], [-89.92861999962453, 35.13157300000097], [-89.9280329999937, 35.14911699984728], [-89.92, 35.14896098079527], [-89.92008799958363, 35.13137900017115]]]}}, {"type": "Feature", "properties": {"GEOID": "47157020511", "NAME": "Census Tract 205.11", "STATE": "47", "COUNTY": "157", "TRACT": "020511"}, "geometry": {"type": "Polygon", "coordinates": [[[-89.95643500019573, 35.18998899984472], [-89.9566660001744, 35.18772800021867], [-89.95760599998265, 35.18514599978831], [-89.95883100019626, 35.184773999841184], [-89.96282700032911, 35.183022999993064], [-89.96390400040472, 35.18284700006948], [-89.9643880001034, 35.18296399981922], [-89.96387400026748, 35.187223999766466], [-89.9641047624325, 35.19], [-89.95643500019573, 35.18998899984472]]]}}, {"type": "Feature", "properties": {"GEOID": "47157022024", "NAME": "Census Tract 220.24", "STATE": "47", "COUNTY": "157", "TRACT": "022024"}, "geometry": {"type": "Polygon", "coordinates": [[[-90.02514300043447, 35.03652900028324], [-90.02507099956613, 35.05128600013411], [-90.02348600040071, 35.05126799986138], [-90.02242100002069, 35.05119000010453], [-90.02148399968716, 35.05059799963488], [-90.02138400012807, 35.049526000047834], [-90.02154700033469, 35.04839700008398], [-90.0212669999522, 35.04792799997515], [-90.020795999774, 35.047681000317056], [-90.01950699998629, 35.04760700007167], [-90.01764599973806, 35.04783100023125], [-90.01484100038192, 35.04762999985695], [-90.01147799991065, 35.0479479998701], [-90.0095179999282, 35.047457999930614], [-90.00788699983373, 35.04511800025337], [-90.0075389996792, 35.04507099978343], [-90.00754700007512, 35.04575400021418], [-90.00429900012988, 35.04092699972244], [-90.00291599973252, 35.037937999697704], [-90.00248100043767, 35.03557800024517], [-90.02514900028224, 35.03550400006969], [-90.02514300043447, 35.03652900028324]]]}}, {"type": "Feature", "properties": {"GEOID": "47157022023", "NAME": "Census Tract 220.23", "STATE": "47", "COUNTY": "157", "TRACT": "022023"}, "geometry": {"type": "Polygon", "coordinates": [[[-90.02506600044156, 35.05179699972547], [-90.02479799975464, 35.05601199967497], [-90.02355099979974, 35.06169699985414], [-90.0193520001756, 35.061330999749586], [-90.01767900024834, 35.06017399968093], [-90.01646800027842, 35.05890200025834], [-90.00754700007512, 35.04575400021418], [-90.0075389996792, 35.04507099978343], [-90.00794899975803, 35.045169000075525], [-90.0095179999282, 35.047457999930614], [-90.01101500012837, 35.04789899993488], [-90.01245100022918, 35.0479439998915], [-90.01531400020994, 35.04761699969131], [-90.01764599973806, 35.04783100023125], [-90.01950699998629, 35.04760700007167], [-90.020795999774, 35.047681000317056], [-90.0212669999522, 35.04792799997515], [-90.02154700033469, 35.04839700008398], [-90.02137699955703, 35.04998499974194], [-90.02159599984017, 35.05073599981487], [-90.02263600010583, 35.05122900035997], [-90.02507099956613, 35.05128600013411], [-90.02506600044156, 35.05179699972547]]]}}, {"type": "Feature", "properties": {"GEOID": "47157022121", "NAME": "Census Tract 221.21", "STATE": "47", "COUNTY": "157", "TRACT": "022121"}, "geometry": {"type": "Polygon", "coordinates": [[[-90.03882700032652, 35.02026900025311], [-90.03897499956621, 35.0209790002888], [-90.00752799980853, 35.02095100002076], [-90.00753586229742, 35.02], [-90.03877093153433, 35.02], [-90.03882700032652, 35.02026900025311]]]}}, {"type": "Feature", "properties": {"GEOID": "47157022220", "NAME": "Census Tract 222.20", "STATE": "47", "COUNTY": "157", "TRACT": "022220"}, "geometry": {"type": "Polygon", "coordinates": [[[-90.09588199990243, 35.067151999885006], [-90.08958699985341, 35.06935299975991], [-90.08730899985366, 35.070681999764474], [-90.07863299987272, 35.08001199966717], [-90.0782229997939, 35.07972799975134], [-90.0764209999952, 35.07676400029846], [-90.07589899976338, 35.076476999881955], [-90.07302499991196, 35.0761490001653], [-90.0648250001321, 35.075848999709315], [-90.06286500014966, 35.075556999813784], [-90.06304599989963, 35.08006299974925], [-90.06007099976587, 35.08010600005313], [-90.05725399981586, 35.079285000047], [-90.05724700014316, 35.078467999819495], [-90.05784499964464, 35.074322000231405], [-90.05821399971559, 35.072690000030136], [-90.05954100003645, 35.059311999757746], [-90.06011199977374, 35.055262999762874], [-90.09531299981495, 35.05620299997285], [-90.09346800035854, 35.05844500004356], [-90.09284400001948, 35.0616789996704], [-90.09500200036862, 35.0628579996463], [-90.09527600000501, 35.06314900013372], [-90.09547000017378, 35.06414800031157], [-90.09573799996238, 35.06454400028406], [-90.09530399959411, 35.0649939996589], [-90.09577099957434, 35.065147999996114], [-90.09589799979595, 35.06535099982957], [-90.09580499990953, 35.066103999666794], [-90.0962829997604, 35.066922000108406], [-90.09588199990243, 35.067151999885006]]]}}, {"type": "Feature", "properties": {"GEOID": "47157022122", "NAME": "Census Tract 221.22", "STATE": "47", "COUNTY": "157", "TRACT": "022122"}, "geometry": {"type": "Polygon", "coordinates": [[[-90.00753500037955, 35.020074999720116], [-90.00752799980853, 35.02095100002076], [-89.98982000019453, 35.021048000041255], [-89.98983023041646, 35.02], [-90.00753500037955, 35.020074999720116]]]}}, {"type": "Feature", "properties": {"GEOID": "47157022600", "NAME": "Census Tract 226", "STATE": "47", "COUNTY": "157", "TRACT": "022600"}, "geometry": {"type": "Polygon", "coordinates": [[[-89.93683600019624, 35.02005300005531], [-89.93699799967963, 35.03404900003465], [-89.93653499989735, 35.036453999914215], [-89.93679799966309, 35.03849800013367], [-89.93677599992178, 35.0404070002986], [-89.93621699988005, 35.04184299999273], [-89.93423799963102, 35.04375199996198], [-89.93343400026521, 35.0451390003138], [-89.93327899955621, 35.04608399965104], [-89.93332299993713, 35.04871600022185], [-89.9339199996137, 35.0518699997213], [-89.92, 35.05149178018874], [-89.92, 35.02], [-89.93683600019624, 35.02005300005531]]]}}, {"type": "Feature", "properties": {"GEOID": "47157020101", "NAME": "Census Tract 201.01", "STATE": "47", "COUNTY": "157", "TRACT": "020101"}, "geometry": {"type": "Polygon", "coordinates": [[[-90.06355999973552, 35.18946900016185], [-90.0645089997646, 35.17778300022633], [-90.0647260003979, 35.167361999773654], [-90.0644600002591, 35.160897000358766], [-90.06392200013379, 35.15467900003333], [-90.06460800039712, 35.15313099999574], [-90.06632999982986, 35.1531349999579], [-90.0675290001042, 35.15484099966713], [-90.06867300012695, 35.15599900022265], [-90.07039600028293, 35.156700000025644], [-90.07521300039835, 35.15809899971569], [-90.07955400031271, 35.15970799998919], [-90.08241100044569, 35.16121800020298], [-90.08857800044818, 35.16411999976791], [-90.0901710000095, 35.16522199974512], [-90.09383999990422, 35.16733200015903], [-90.09809999962772, 35.16900500005189], [-90.10268699958937, 35.171963999928394], [-90.10560800019478, 35.174520000323454], [-90.10690799985312, 35.17646000018352], [-90.10760800036019, 35.178342000194746], [-90.10784299963852, 35.180406999840095], [-90.10813800008961, 35.18157099987149], [-90.11265800010412, 35.18283600015339], [-90.11364999979091, 35.18329299981918], [-90.11422800009922, 35.18375699972007], [-90.11645900024331, 35.18626600022644], [-90.11719099963909, 35.18829700005341], [-90.11738056213916, 35.19], [-90.06351718187388, 35.19], [-90.06355999973552, 35.18946900016185]]]}}, {"type": "Feature", "properties": {"GEOID": "47157009700", "NAME": "Census Tract 97", "STATE": "47", "COUNTY": "157", "TRACT": "009700"}, "geometry": {"type": "Polygon", "coordinates": [[[-89.92077399984697, 35.078384000014324], [-89.9232460000155, 35.07874200022808], [-89.92303699977813, 35.08143199985448], [-89.92080599963403, 35.08133099966938], [-89.92066199969399, 35.08599500002179], [-89.92, 35.08593465706715], [-89.92, 35.07827197358142], [-89.92077399984697, 35.078384000014324]]]}}, {"type": "Feature", "properties": {"GEOID": "47157001900", "NAME": "Census Tract 19", "STATE": "47", "COUNTY": "157", "TRACT": "001900"}, "geometry": {"type": "Polygon", "coordinates": [[[-90.02806999998931, 35.158503999897874], [-90.02684599960062, 35.16736100032524], [-90.01853200001796, 35.17044800009435], [-90.01901700043983, 35.16427299991103], [-90.02010200001304, 35.16079900029807], [-90.02057300019123, 35.158037999954225], [-90.0244639998438, 35.15721100019099], [-90.02825999996013, 35.15707800029594], [-90.02806999998931, 35.158503999897874]]]}}, {"type": "Feature", "properties": {"GEOID": "47157002000", "NAME": "Census Tract 20", "STATE": "47", "COUNTY": "157", "TRACT": "002000"}, "geometry": {"type": "Polygon", "coordinates": [[[-90.04037700023014, 35.15610499982297], [-90.03959600043055, 35.15746800026112], [-90.03931900042112, 35.15884899993153], [-90.03833699988176, 35.16171600028875], [-90.03843499979104, 35.163224999711446], [-90.0363059997542, 35.16386600009476], [-90.02684599960062, 35.16736100032524], [-90.02825999996013, 35.15707800029594], [-90.03374499989724, 35.15697100018394], [-90.03587099956101, 35.15649399972959], [-90.03732500010348, 35.15661499973848], [-90.03747200041657, 35.15566299985614], [-90.04053200004084, 35.1558600000732], [-90.04037700023014, 35.15610499982297]]]}}, {"type": "Feature", "properties": {"GEOID": "47157022322", "NAME": "Census Tract 223.22", "STATE": "47", "COUNTY": "157", "TRACT": "022322"}, "geometry": {"type": "Polygon", "coordinates": [[[-90.0701400001899, 35.03500099981469], [-90.07003600043281, 35.03548799992353], [-90.06207599995413, 35.03554400005356], [-90.05830099975422, 35.03466299995721], [-90.04553699957891, 35.03473100032375], [-90.04311499963912, 35.03523700030085], [-90.04185199979068, 35.035316000177325], [-90.03897499956621, 35.0209790002888], [-90.04986300032297, 35.02082000018964], [-90.06822799988802, 35.02089399968204], [-90.06830599970584, 35.02435799966784], [-90.06997000031058, 35.028279999844706], [-90.0701400001899, 35.03500099981469]]]}}, {"type": "Feature", "properties": {"GEOID": "47157003800", "NAME": "Census Tract 38", "STATE": "47", "COUNTY": "157", "TRACT": "003800"}, "geometry": {"type": "Polygon", "coordinates": [[[-90.03370899991222, 35.139028000028155], [-90.03273599959368, 35.14552900018264], [-90.02259900029591, 35.144584000173516], [-90.02309499969016, 35.14124499997431], [-90.02404700009228, 35.13881899967208], [-90.02433499997238, 35.1376069997706], [-90.03374499989724, 35.138566999949184], [-90.03370899991222, 35.139028000028155]]]}}, {"type": "Feature", "properties": {"GEOID": "47157003900", "NAME": "Census Tract 39", "STATE": "47", "COUNTY": "157", "TRACT": "003900"}, "geometry": {"type": "Polygon", "coordinates": [[[-90.04439099990634, 35.14766199968018], [-90.04442199986849, 35.148462999777145], [-90.03421500025053, 35.14572599996139], [-90.03273599959368, 35.14552900018264], [-90.03348600032946, 35.14052000016959], [-90.03660899970292, 35.14084999977693], [-90.04136300006915, 35.14215999973571], [-90.04390600038276, 35.14309600005309], [-90.04355300020535, 35.143814999789676], [-90.04352600044118, 35.144440999967166], [-90.04417499999627, 35.146039999991366], [-90.0438670000247, 35.147215000173865], [-90.04449100036378, 35.147374999855344], [-90.04439099990634, 35.14766199968018]]]}}, {"type": "Feature", "properties": {"GEOID": "47157004300", "NAME": "Census Tract 43", "STATE": "47", "COUNTY": "157", "TRACT": "004300"}, "geometry": {"type": "Polygon", "coordinates": [[[-90.07598499997711, 35.12830999997867], [-90.07249500018254, 35.13104199964432], [-90.07106499992952, 35.13234500032671], [-90.06925499973492, 35.13445200018439], [-90.06648299999074, 35.13862100027032], [-90.06230000026014, 35.13739700035747], [-90.06091500021296, 35.13678800031838], [-90.06251399962207, 35.13460199999899], [-90.06265699973719, 35.13285099978777], [-90.05462000016395, 35.132739000041575], [-90.0548439995716, 35.12677800009281], [-90.05980200015235, 35.12690000014613], [-90.05984999983292, 35.12461400010512], [-90.071922999722, 35.12487100025051], [-90.0729799997061, 35.125289000029966], [-90.07637599978936, 35.128027999907935], [-90.07598499997711, 35.12830999997867]]]}}, {"type": "Feature", "properties": {"GEOID": "47157009901", "NAME": "Census Tract 99.01", "STATE": "47", "COUNTY": "157", "TRACT": "009901"}, "geometry": {"type": "Polygon", "coordinates": [[[-90.04655799957803, 35.18989699977607], [-90.04601199995507, 35.18845499983489], [-90.0481970000684, 35.187441000069036], [-90.05040100044832, 35.18602100030243], [-90.05091899958386, 35.1855089998655], [-90.05186199976517, 35.185286999731765], [-90.05400699969552, 35.183993000058464], [-90.05553900005579, 35.18331700023347], [-90.0568420000872, 35.182967999782576], [-90.05742100022043, 35.182856999991955], [-90.05754300041917, 35.18298900032126], [-90.05745499965731, 35.18322199998991], [-90.06077999959544, 35.18137900031041], [-90.06441400022835, 35.17895299989537], [-90.06351718187388, 35.19], [-90.04664303459367, 35.19], [-90.04655799957803, 35.18989699977607]]]}}, {"type": "Feature", "properties": {"GEOID": "47157010120", "NAME": "Census Tract 101.20", "STATE": "47", "COUNTY": "157", "TRACT": "010120"}, "geometry": {"type": "MultiPolygon", "coordinates": [[[[-90.03446999962031, 35.189982999683814], [-90.03517199977719, 35.18971300006037], [-90.03515714266449, 35.19], [-90.03446999962031, 35.189982999683814]]], [[[-90.00810600011685, 35.18956899999227], [-90.00809100004825, 35.187722999823166], [-90.01190999973079, 35.186860000065344], [-90.01325600031821, 35.18635500015379], [-90.01392599978972, 35.186343999978305], [-90.01503800002541, 35.18673900027356], [-90.01784499992968, 35.186738000329115], [-90.0196629996219, 35.18733700007415], [-90.02337000004977, 35.18786800015665], [-90.02589900011968, 35.188058999877015], [-90.02748300035849, 35.18798999966466], [-90.02840999974794, 35.18861699972862], [-90.02964053131454, 35.19], [-90.00808702996784, 35.19], [-90.00810600011685, 35.18956899999227]]]]}}, {"type": "Feature", "properties": {"GEOID": "47157001100", "NAME": "Census Tract 11", "STATE": "47", "COUNTY": "157", "TRACT": "001100"}, "geometry": {"type": "Polygon", "coordinates": [[[-89.95259800007152, 35.1648579999208], [-89.94884700016104, 35.16789100002152], [-89.94339800020894, 35.17177199970496], [-89.9420659998652, 35.172959999822965], [-89.93994100002635, 35.175355000254974], [-89.93840899966608, 35.175807999813514], [-89.93434399993625, 35.173109999886826], [-89.93356499978647, 35.17294199997296], [-89.9336090001674, 35.16971200030964], [-89.9334269996942, 35.169677000056154], [-89.93364199977935, 35.16239000005855], [-89.93948400009185, 35.16249199990761], [-89.93961299996327, 35.16093800008684], [-89.9508220002121, 35.16311899984178], [-89.95319899994607, 35.16445999985831], [-89.95259800007152, 35.1648579999208]]]}}, {"type": "Feature", "properties": {"GEOID": "47157003500", "NAME": "Census Tract 35", "STATE": "47", "COUNTY": "157", "TRACT": "003500"}, "geometry": {"type": "Polygon", "coordinates": [[[-90.02130100028738, 35.12312200018097], [-90.02082900028428, 35.132737000293936], [-90.00545999987106, 35.132113000236814], [-90.0056170002299, 35.12965899991567], [-90.00530599988527, 35.127842999854806], [-90.00531799958085, 35.12628599970933], [-90.00628800042463, 35.12631100000059], [-90.00636700006736, 35.12373500023924], [-90.01820999980266, 35.12316399982871], [-90.02087600013994, 35.122886000287814], [-90.02131100033313, 35.122905000186215], [-90.02130100028738, 35.12312200018097]]]}}, {"type": "Feature", "properties": {"GEOID": "47157001400", "NAME": "Census Tract 14", "STATE": "47", "COUNTY": "157", "TRACT": "001400"}, "geometry": {"type": "Polygon", "coordinates": [[[-89.96786299982934, 35.15098799971959], [-89.96702900032629, 35.15903400002811], [-89.96269699973446, 35.1600320002036], [-89.9589540002199, 35.16135200019557], [-89.95581199968156, 35.15795099973364], [-89.95598499993392, 35.149393999774944], [-89.96803299970865, 35.149698000015675], [-89.96786299982934, 35.15098799971959]]]}}, {"type": "Feature", "properties": {"GEOID": "47157001500", "NAME": "Census Tract 15", "STATE": "47", "COUNTY": "157", "TRACT": "001500"}, "geometry": {"type": "Polygon", "coordinates": [[[-89.98168099961572, 35.14924600011654], [-89.98096400028852, 35.15260399995944], [-89.98022299977359, 35.157980000307106], [-89.9719140002138, 35.157933000233534], [-89.96702900032629, 35.15903400002811], [-89.96832899998465, 35.14747299992726], [-89.97069499984796, 35.147561000026165], [-89.9771870004388, 35.148203999805915], [-89.97752700019741, 35.14761899975556], [-89.97948100033207, 35.14839300006473], [-89.9817579996086, 35.14870700008778], [-89.98168099961572, 35.14924600011654]]]}}, {"type": "Feature", "properties": {"GEOID": "47157001700", "NAME": "Census Tract 17", "STATE": "47", "COUNTY": "157", "TRACT": "001700"}, "geometry": {"type": "Polygon", "coordinates": [[[-90.01249399988687, 35.1537869999714], [-90.01174700042247, 35.158155000154785], [-90.01185500037751, 35.15816000016593], [-90.01089499957945, 35.164764999831476], [-89.9959589997096, 35.16325299964005], [-89.99748900042006, 35.152629000248766], [-90.00794999958292, 35.15366099987594], [-90.01125100012993, 35.15331199992172], [-90.01253200042002, 35.1535999997246], [-90.01249399988687, 35.1537869999714]]]}}, {"type": "Feature", "properties": {"GEOID": "47157021900", "NAME": "Census Tract 219", "STATE": "47", "COUNTY": "157", "TRACT": "021900"}, "geometry": {"type": "Polygon", "coordinates": [[[-89.98982400039247, 35.0205990003527], [-89.98982000019453, 35.021048000041255], [-89.9545749997724, 35.02075599985893], [-89.95472899975819, 35.02797200033534], [-89.93697900031138, 35.02797300002274], [-89.93682968097222, 35.02], [-89.98983023041646, 35.02], [-89.98982400039247, 35.0205990003527]]]}}, {"type": "Feature", "properties": {"GEOID": "47157007821", "NAME": "Census Tract 78.21", "STATE": "47", "COUNTY": "157", "TRACT": "007821"}, "geometry": {"type": "Polygon", "coordinates": [[[-90.02110999959335, 35.07157600033638], [-90.01876499964644, 35.08157799971184], [-90.0184869998121, 35.084388000201564], [-90.0182190000235, 35.09099999983964], [-90.01541799996701, 35.092669999755344], [-90.01049600026961, 35.09265100015727], [-90.01024100000147, 35.092463000259094], [-90.01069999958578, 35.081957999787114], [-89.99212499995846, 35.08141500011594], [-89.99122100013523, 35.08114499968542], [-89.99087700017864, 35.081376000313206], [-89.98531400042371, 35.08126800019656], [-89.98491100001759, 35.07991099992941], [-89.984855999766, 35.078968999644275], [-89.98547900028015, 35.07617100016512], [-89.98860400020175, 35.07632599982878], [-89.99160100007681, 35.07612200025764], [-90.0166919996861, 35.071640999717246], [-90.0198660000115, 35.07127599997799], [-90.02117200041594, 35.071325999746705], [-90.02110999959335, 35.07157600033638]]]}}, {"type": "Feature", "properties": {"GEOID": "47157007900", "NAME": "Census Tract 79", "STATE": "47", "COUNTY": "157", "TRACT": "007900"}, "geometry": {"type": "Polygon", "coordinates": [[[-89.97014599985195, 35.09617599994746], [-89.96971099965879, 35.108060000002695], [-89.95687100021382, 35.10768800027686], [-89.94889300019179, 35.1078380001454], [-89.9493309998597, 35.0946420000406], [-89.9701550000728, 35.09501300016715], [-89.97014599985195, 35.09617599994746]]]}}, {"type": "Feature", "properties": {"GEOID": "47157007822", "NAME": "Census Tract 78.22", "STATE": "47", "COUNTY": "157", "TRACT": "007822"}, "geometry": {"type": "Polygon", "coordinates": [[[-90.04430300004279, 35.07670699993229], [-90.0423670003498, 35.07706000030833], [-90.04055899980501, 35.077743999849616], [-90.02892899960672, 35.08463600027329], [-90.02787199962262, 35.08361700024052], [-90.02569699955501, 35.08349100036644], [-90.02561799991228, 35.086605999887645], [-90.0182190000235, 35.09099999983964], [-90.0185000002309, 35.0841709999798], [-90.01882900011886, 35.08114799973596], [-90.02117200041594, 35.071325999746705], [-90.03889000007571, 35.07507299995154], [-90.04468399980931, 35.076665999695926], [-90.04430300004279, 35.07670699993229]]]}}, {"type": "Feature", "properties": {"GEOID": "05035030806", "NAME": "Census Tract 308.06", "STATE": "05", "COUNTY": "035", "TRACT": "030806"}, "geometry": {"type": "Polygon", "coordinates": [[[-90.11736300006655, 35.18957500018373], [-90.11719099963909, 35.18829700005341], [-90.11645900024331, 35.18626600022644], [-90.11422800009922, 35.18375699972007], [-90.11364999979091, 35.18329299981918], [-90.11265800010412, 35.18283600015339], [-90.10813800008961, 35.18157099987149], [-90.10784299963852, 35.180406999840095], [-90.10760800036019, 35.178342000194746], [-90.10690799985312, 35.17646000018352], [-90.10560800019478, 35.174520000323454], [-90.10268699958937, 35.171963999928394], [-90.09809999962772, 35.16900500005189], [-90.09383999990422, 35.16733200015903], [-90.0901710000095, 35.16522199974512], [-90.08857800044818, 35.16411999976791], [-90.08241100044569, 35.16121800020298], [-90.07955400031271, 35.15970799998919], [-90.07521300039835, 35.15809899971569], [-90.07039600028293, 35.156700000025644], [-90.06867300012695, 35.15599900022265], [-90.0675290001042, 35.15484099966713], [-90.06632999982986, 35.1531349999579], [-90.10004700008967, 35.153144999862356], [-90.12, 35.16453261911244], [-90.12, 35.19], [-90.11738056213916, 35.19], [-90.11736300006655, 35.18957500018373]]]}}, {"type": "Feature", "properties": {"GEOID": "47157001200", "NAME": "Census Tract 12", "STATE": "47", "COUNTY": "157", "TRACT": "001200"}, "geometry": {"type": "Polygon", "coordinates": [[[-89.94447100008658, 35.15051900035927], [-89.94404599993914, 35.16175600008663], [-89.93961299996327, 35.16093800008684], [-89.93948400009185, 35.16249199990761], [-89.9272589998668, 35.162259000309554], [-89.9275619998155, 35.1520939998729], [-89.92797100006942, 35.15138000025728], [-89.9280329999937, 35.14911699984728], [-89.94451299991938, 35.14946699983491], [-89.94447100008658, 35.15051900035927]]]}}, {"type": "Feature", "properties": {"GEOID": "47157001300", "NAME": "Census Tract 13", "STATE": "47", "COUNTY": "157", "TRACT": "001300"}, "geometry": {"type": "Polygon", "coordinates": [[[-89.9583270004061, 35.16157400033318], [-89.95634499978402, 35.162461999965274], [-89.95319899994607, 35.16445999985831], [-89.9508220002121, 35.16311899984178], [-89.94404599993914, 35.16175600008663], [-89.94451299991938, 35.14946699983491], [-89.95598499993392, 35.149393999774944], [-89.95577300022181, 35.157847999765835], [-89.9589540002199, 35.16135200019557], [-89.9583270004061, 35.16157400033318]]]}}, {"type": "Feature", "properties": {"GEOID": "47157022410", "NAME": "Census Tract 224.10", "STATE": "47", "COUNTY": "157", "TRACT": "022410"}, "geometry": {"type": "Polygon", "coordinates": [[[-90.11722999999715, 35.02025099976802], [-90.11721099973059, 35.020537000141296], [-90.09824199991796, 35.020554999827795], [-90.08054099997662, 35.0209300003652], [-90.06822799988802, 35.02089399968204], [-90.06824204326065, 35.02], [-90.11727522508956, 35.02], [-90.11722999999715, 35.02025099976802]]]}}, {"type": "Feature", "properties": {"GEOID": "47157005300", "NAME": "Census Tract 53", "STATE": "47", "COUNTY": "157", "TRACT": "005300"}, "geometry": {"type": "Polygon", "coordinates": [[[-90.09139600022311, 35.08517899982192], [-90.08487299967015, 35.09602599993307], [-90.08359899995106, 35.10811399997584], [-90.0647620003829, 35.10778799997493], [-90.06498300031585, 35.10170899985129], [-90.06539500004448, 35.098001999633766], [-90.0672479998968, 35.095221999738776], [-90.06749899996697, 35.093133999746016], [-90.06642299971628, 35.09132600009056], [-90.0659449998654, 35.088820999767094], [-90.06503299964625, 35.08751500001741], [-90.06313999961095, 35.08135800005864], [-90.06286500014966, 35.075556999813784], [-90.0648250001321, 35.075848999709315], [-90.07302499991196, 35.0761490001653], [-90.07589899976338, 35.076476999881955], [-90.0764209999952, 35.07676400029846], [-90.07687299990683, 35.07735100015299], [-90.0782229997939, 35.07972799975134], [-90.07913199964001, 35.08035000004907], [-90.08084700029838, 35.08122499977], [-90.08368299961664, 35.08153800021997], [-90.08622400028045, 35.08261800019895], [-90.08792099959885, 35.082906000081884], [-90.0911209998635, 35.08404200028234], [-90.09169199960081, 35.08469100005367], [-90.09139600022311, 35.08517899982192]]]}}, {"type": "Feature", "properties": {"GEOID": "47157008500", "NAME": "Census Tract 85", "STATE": "47", "COUNTY": "157", "TRACT": "008500"}, "geometry": {"type": "Polygon", "coordinates": [[[-89.92015200005606, 35.1072349999241], [-89.92622899964685, 35.1073929999016], [-89.92553700043405, 35.13149699965314], [-89.92, 35.131375770582544], [-89.92, 35.10723087346407], [-89.92015200005606, 35.1072349999241]]]}}, {"type": "Feature", "properties": {"GEOID": "47157005700", "NAME": "Census Tract 57", "STATE": "47", "COUNTY": "157", "TRACT": "005700"}, "geometry": {"type": "Polygon", "coordinates": [[[-90.0533430000718, 35.107564999928854], [-90.02931000027154, 35.10701800023725], [-90.02948599999864, 35.10216500006163], [-90.02923699957829, 35.100831000076056], [-90.0347359997591, 35.10099500008432], [-90.03559399955158, 35.10054099974693], [-90.0357350000169, 35.1005460003569], [-90.03562899971169, 35.10096299973217], [-90.0358970003986, 35.10098499965407], [-90.04697400040294, 35.10139200007819], [-90.05063800027479, 35.101455999698146], [-90.05098200023136, 35.101350999755475], [-90.05298900006947, 35.101535999703664], [-90.05263300041733, 35.10507499976828], [-90.05286799969565, 35.10627500006282], [-90.0533430000718, 35.107564999928854]]]}}, {"type": "Feature", "properties": {"GEOID": "47157003300", "NAME": "Census Tract 33", "STATE": "47", "COUNTY": "157", "TRACT": "003300"}, "geometry": {"type": "Polygon", "coordinates": [[[-90.00633199990725, 35.12489700021147], [-90.00628800042463, 35.12631100000059], [-90.00531799958085, 35.12628599970933], [-90.00530599988527, 35.127842999854806], [-90.0056170002299, 35.12965899991567], [-90.00545999987106, 35.132113000236814], [-89.99047700014555, 35.13172700025637], [-89.9906980000785, 35.12672100015578], [-89.99719300014405, 35.12419099990685], [-90.00636700006736, 35.12373500023924], [-90.00633199990725, 35.12489700021147]]]}}, {"type": "Feature", "properties": {"GEOID": "47157000600", "NAME": "Census Tract 6", "STATE": "47", "COUNTY": "157", "TRACT": "000600"}, "geometry": {"type": "Polygon", "coordinates": [[[-89.98467099981806, 35.189541000316446], [-89.98397200003427, 35.188435999821664], [-89.98257899959117, 35.18798500001938], [-89.98159299975217, 35.18801200030267], [-89.98044399970654, 35.188630000172836], [-89.97876199955846, 35.18888199973314], [-89.97780900022971, 35.188844999820404], [-89.97586199976776, 35.18805199964532], [-89.97579399999569, 35.18607799982028], [-89.97509500021187, 35.18369800007907], [-89.97517700022763, 35.180943999776154], [-89.97957099984544, 35.18101900018624], [-89.98126700023724, 35.1807920001816], [-89.98149300019304, 35.17480699984175], [-89.98362499970462, 35.17449700034381], [-89.98362899990258, 35.17188899997542], [-90.00847099998984, 35.1727200000264], [-90.00809100004825, 35.187722999823166], [-90.00692100008622, 35.18789000009351], [-90.00607099979135, 35.18781300028847], [-90.00029999962398, 35.18905500005382], [-89.99805299958635, 35.18942100002338], [-89.9978300000036, 35.1892899997764], [-89.99696299999027, 35.18944200036276], [-89.99615299987838, 35.18985599996724], [-89.9950893659681, 35.19], [-89.98478750177009, 35.19], [-89.98467099981806, 35.189541000316446]]]}}, {"type": "Feature", "properties": {"GEOID": "47157022700", "NAME": "Census Tract 227", "STATE": "47", "COUNTY": "157", "TRACT": "022700"}, "geometry": {"type": "Polygon", "coordinates": [[[-90.06824899980442, 35.02050899972196], [-90.06822799988802, 35.02089399968204], [-90.06568200009967, 35.02094300036283], [-90.04986300032297, 35.02082000018964], [-90.03897499956621, 35.0209790002888], [-90.03877093153433, 35.02], [-90.06824204326065, 35.02], [-90.06824899980442, 35.02050899972196]]]}}, {"type": "Feature", "properties": {"GEOID": "47157008900", "NAME": "Census Tract 89", "STATE": "47", "COUNTY": "157", "TRACT": "008900"}, "geometry": {"type": "Polygon", "coordinates": [[[-89.92014500038336, 35.181385999648455], [-89.94858500022022, 35.1726970002718], [-89.94806100033858, 35.17315300028975], [-89.94782199996399, 35.17631800027355], [-89.94783299983463, 35.17986099976655], [-89.9481190000649, 35.18091200000106], [-89.94863799992368, 35.18128600002725], [-89.94968700041018, 35.18146799971595], [-89.94959699999849, 35.18618499981186], [-89.94828999976913, 35.18593399991794], [-89.94609700015819, 35.18604300000516], [-89.94479199957863, 35.186578000253014], [-89.9441489998713, 35.18660800010778], [-89.94273100021216, 35.18843799966869], [-89.9413679999063, 35.189787999719506], [-89.94133330468486, 35.19], [-89.92, 35.19], [-89.92, 35.18143156356743], [-89.92014500038336, 35.181385999648455]]]}}, {"type": "Feature", "properties": {"GEOID": "47157011800", "NAME": "Census Tract 118", "STATE": "47", "COUNTY": "157", "TRACT": "011800"}, "geometry": {"type": "Polygon", "coordinates": [[[-89.92029199979814, 35.08594300025984], [-89.92066199969399, 35.08599500002179], [-89.9207040004251, 35.085836999737566], [-89.92080599963403, 35.08133099966938], [-89.92303699977813, 35.08143199985448], [-89.9232460000155, 35.07874200022808], [-89.9313219999468, 35.079865000160304], [-89.93066800036884, 35.107499999777474], [-89.92, 35.10723087346407], [-89.92, 35.08593465706715], [-89.92029199979814, 35.08594300025984]]]}}, {"type": "Feature", "properties": {"GEOID": "47157008800", "NAME": "Census Tract 88", "STATE": "47", "COUNTY": "157", "TRACT": "008800"}, "geometry": {"type": "Polygon", "coordinates": [[[-89.92032799978315, 35.162092999769584], [-89.93364199977935, 35.16239000005855], [-89.9334269996942, 35.169677000056154], [-89.9336090001674, 35.16971200030964], [-89.93356499978647, 35.17294199997296], [-89.93434399993625, 35.173109999886826], [-89.93840899966608, 35.175807999813514], [-89.92, 35.18143156356743], [-89.92, 35.16208533316851], [-89.92032799978315, 35.162092999769584]]]}}, {"type": "Feature", "properties": {"GEOID": "47157008000", "NAME": "Census Tract 80", "STATE": "47", "COUNTY": "157", "TRACT": "008000"}, "geometry": {"type": "Polygon", "coordinates": [[[-89.94936799966963, 35.09358200024789], [-89.94889300019179, 35.1078380001454], [-89.9455349997434, 35.10788400030451], [-89.93066800036884, 35.107499999777474], [-89.93103200041689, 35.09298499964235], [-89.94937500024064, 35.093433999849054], [-89.94936799966963, 35.09358200024789]]]}}, {"type": "Feature", "properties": {"GEOID": "47157008110", "NAME": "Census Tract 81.10", "STATE": "47", "COUNTY": "157", "TRACT": "008110"}, "geometry": {"type": "Polygon", "coordinates": [[[-89.98775100043214, 35.08797499971355], [-89.98759200042348, 35.091535000291906], [-89.9851510002171, 35.091525999815964], [-89.9796179997011, 35.08854799981476], [-89.97437100031368, 35.08698800019861], [-89.9743589997198, 35.09117100026004], [-89.97035199971629, 35.09110299984782], [-89.97055299955774, 35.08577400006926], [-89.97159600019646, 35.084766999956436], [-89.97180700008367, 35.08434200001648], [-89.97203499968928, 35.07838300020867], [-89.9727750003793, 35.07830199973608], [-89.97450900040594, 35.07675600022366], [-89.97828299988264, 35.076528999796594], [-89.98529400033225, 35.07702300027394], [-89.984855999766, 35.078968999644275], [-89.98491100001759, 35.07991099992941], [-89.98636999968461, 35.084267000186344], [-89.9877620003028, 35.086400999850945], [-89.98775100043214, 35.08797499971355]]]}}, {"type": "Feature", "properties": {"GEOID": "47157022330", "NAME": "Census Tract 223.30", "STATE": "47", "COUNTY": "157", "TRACT": "022330"}, "geometry": {"type": "Polygon", "coordinates": [[[-90.09984799989806, 35.03314699980853], [-90.0988860003485, 35.035921000153515], [-90.0959789999868, 35.035887999695284], [-90.0942190000209, 35.03522800023559], [-90.09332000022054, 35.03510300028919], [-90.07845700014563, 35.03523799989939], [-90.07003600043281, 35.03548799992353], [-90.07017399962676, 35.03462500022527], [-90.06997000031058, 35.028279999844706], [-90.06830599970584, 35.02435799966784], [-90.06822799988802, 35.02089399968204], [-90.08054099997662, 35.0209300003652], [-90.09647899957899, 35.02057600031536], [-90.09661400019654, 35.02469600021025], [-90.09888999964815, 35.02958699963724], [-90.09980500024035, 35.03240300023721], [-90.09984799989806, 35.03314699980853]]]}}, {"type": "Feature", "properties": {"GEOID": "47157006300", "NAME": "Census Tract 63", "STATE": "47", "COUNTY": "157", "TRACT": "006300"}, "geometry": {"type": "Polygon", "coordinates": [[[-90.0063700004404, 35.123624999682676], [-90.00636700006736, 35.12373500023924], [-89.99719300014405, 35.12419099990685], [-89.9906980000785, 35.12672100015578], [-89.99122899963284, 35.11612599984064], [-90.00503399989873, 35.116433000353275], [-90.00494199983721, 35.119079000308076], [-90.00510699969365, 35.11919699997667], [-90.00492199974572, 35.12314000003266], [-90.00638700015884, 35.12318599963563], [-90.0063700004404, 35.123624999682676]]]}}, {"type": "Feature", "properties": {"GEOID": "47157002800", "NAME": "Census Tract 28", "STATE": "47", "COUNTY": "157", "TRACT": "002800"}, "geometry": {"type": "Polygon", "coordinates": [[[-89.96937000007524, 35.13961499970136], [-89.96803299970865, 35.149698000015675], [-89.95367400032221, 35.149339000320445], [-89.94451299991938, 35.14946699983491], [-89.94481099984522, 35.14027499977381], [-89.9517379997309, 35.13921100005748], [-89.95163700034686, 35.14165600036161], [-89.96138600020545, 35.14180799965034], [-89.9616570003671, 35.140613999837846], [-89.96167699956027, 35.13767299995704], [-89.96435700014125, 35.13700999989403], [-89.96870100042865, 35.135332000294255], [-89.96990800020059, 35.13576800000737], [-89.96937000007524, 35.13961499970136]]]}}, {"type": "Feature", "properties": {"GEOID": "47157002900", "NAME": "Census Tract 29", "STATE": "47", "COUNTY": "157", "TRACT": "002900"}, "geometry": {"type": "Polygon", "coordinates": [[[-89.94519499998476, 35.128289999943306], [-89.94451299991938, 35.14946699983491], [-89.9280329999937, 35.14911699984728], [-89.92861999962453, 35.13157300000097], [-89.92553700043405, 35.13149699965314], [-89.92576800041273, 35.12369500012084], [-89.94521900027421, 35.127789999666774], [-89.94519499998476, 35.128289999943306]]]}}, {"type": "Feature", "properties": {"GEOID": "47157002600", "NAME": "Census Tract 26", "STATE": "47", "COUNTY": "157", "TRACT": "002600"}, "geometry": {"type": "Polygon", "coordinates": [[[-90.0096290002563, 35.14894599982429], [-90.00893399977211, 35.15359300019802], [-90.00746000003647, 35.153624000090616], [-89.99748900042006, 35.152629000248766], [-89.99894399988912, 35.14253199998288], [-90.01047500035321, 35.143480000271495], [-90.0096290002563, 35.14894599982429]]]}}, {"type": "Feature", "properties": {"GEOID": "47157002700", "NAME": "Census Tract 27", "STATE": "47", "COUNTY": "157", "TRACT": "002700"}, "geometry": {"type": "Polygon", "coordinates": [[[-89.98296799975358, 35.14101499981356], [-89.9824549997426, 35.14359499988877], [-89.9817579996086, 35.14870700008778], [-89.97948100033207, 35.14839300006473], [-89.97752700019741, 35.14761899975556], [-89.9771870004388, 35.148203999805915], [-89.97069499984796, 35.147561000026165], [-89.96832899998465, 35.14747299992726], [-89.96990800020059, 35.13576800000737], [-89.98305899999019, 35.14054099991734], [-89.98296799975358, 35.14101499981356]]]}}, {"type": "Feature", "properties": {"GEOID": "47157003400", "NAME": "Census Tract 34", "STATE": "47", "COUNTY": "157", "TRACT": "003400"}, "geometry": {"type": "Polygon", "coordinates": [[[-90.0131349999444, 35.132645999971245], [-90.01275599982769, 35.133296999702175], [-90.01263299980405, 35.13549000014666], [-90.01226899975599, 35.13655700022645], [-90.01178300040748, 35.13982400021756], [-90.01115200039573, 35.139769999959825], [-90.01051600036108, 35.14348100001338], [-90.00288300012056, 35.14284899983125], [-90.00380899968512, 35.13558299990711], [-90.00407300017407, 35.13560699970958], [-90.00418000030419, 35.13208100034986], [-90.013298000151, 35.13247700036148], [-90.0131349999444, 35.132645999971245]]]}}, {"type": "Feature", "properties": {"GEOID": "47157011500", "NAME": "Census Tract 115", "STATE": "47", "COUNTY": "157", "TRACT": "011500"}, "geometry": {"type": "Polygon", "coordinates": [[[-90.0324829998737, 35.12173000033603], [-90.03238800033745, 35.12452400023126], [-90.02669099978993, 35.12427700023795], [-90.02131100033313, 35.122905000186215], [-90.0213659996864, 35.12154799997131], [-90.01907400034125, 35.11964499978992], [-90.01356199974165, 35.11285099975907], [-90.0098409999684, 35.109107999922315], [-90.02172100041196, 35.10947999978035], [-90.02117999991354, 35.10689199977461], [-90.03056499972406, 35.1070509998713], [-90.03032000039998, 35.11549000007898], [-90.0308140001444, 35.11550100028459], [-90.03068600009789, 35.11927200000719], [-90.03257199956217, 35.11932099970574], [-90.0324829998737, 35.12173000033603]]]}}, {"type": "Feature", "properties": {"GEOID": "47157022111", "NAME": "Census Tract 221.11", "STATE": "47", "COUNTY": "157", "TRACT": "022111"}, "geometry": {"type": "Polygon", "coordinates": [[[-90.04169399960693, 35.03531400024658], [-90.02802099958552, 35.03531400024658], [-90.02514900028224, 35.03550400006969], [-90.01137800035153, 35.035562000113494], [-90.01139099987202, 35.034593999927644], [-90.01186000040039, 35.03437299981393], [-90.01203500030256, 35.03396599974145], [-90.01208399980806, 35.024957999747635], [-90.01214200043269, 35.02443600003023], [-90.01256099983402, 35.023796999707265], [-90.01247100032064, 35.02091200002563], [-90.03897499956621, 35.0209790002888], [-90.04185199979068, 35.035316000177325], [-90.04169399960693, 35.03531400024658]]]}}, {"type": "Feature", "properties": {"GEOID": "47157022310", "NAME": "Census Tract 223.10", "STATE": "47", "COUNTY": "157", "TRACT": "022310"}, "geometry": {"type": "Polygon", "coordinates": [[[-90.09854999988951, 35.0364060000244], [-90.09717800026114, 35.037840000293336], [-90.0967110002809, 35.03889499974912], [-90.0965210003101, 35.04463500031581], [-90.09669000036452, 35.053729999834616], [-90.09633100033932, 35.05495000001554], [-90.09531299981495, 35.05620299997285], [-90.06011199977374, 35.055262999762874], [-90.06082399997636, 35.052470000045275], [-90.06153399963084, 35.05045299965814], [-90.06290100013467, 35.0475379999414], [-90.0642550002197, 35.04526799972595], [-90.06567100022902, 35.04329200030938], [-90.06745100028641, 35.041198000330965], [-90.07322099973054, 35.03539699990619], [-90.09332000022054, 35.03510300028919], [-90.0942190000209, 35.03522800023559], [-90.0959789999868, 35.035887999695284], [-90.0988860003485, 35.035921000153515], [-90.09854999988951, 35.0364060000244]]]}}, {"type": "Feature", "properties": {"GEOID": "47157022321", "NAME": "Census Tract 223.21", "STATE": "47", "COUNTY": "157", "TRACT": "022321"}, "geometry": {"type": "Polygon", "coordinates": [[[-90.07277200019196, 35.035847000288655], [-90.06745100028641, 35.041198000330965], [-90.06567100022902, 35.04329200030938], [-90.0642550002197, 35.04526799972595], [-90.06290100013467, 35.0475379999414], [-90.06153399963084, 35.05045299965814], [-90.06082399997636, 35.052470000045275], [-90.06011199977374, 35.055262999762874], [-90.04736900041316, 35.05491400034588], [-90.0437609997195, 35.044577000093206], [-90.04185199979068, 35.035316000177325], [-90.04311499963912, 35.03523700030085], [-90.04553699957891, 35.03473100032375], [-90.05826200029448, 35.034662000351645], [-90.06207599995413, 35.03554400005356], [-90.07322099973054, 35.03539699990619], [-90.07277200019196, 35.035847000288655]]]}}, {"type": "Feature", "properties": {"GEOID": "47157003700", "NAME": "Census Tract 37", "STATE": "47", "COUNTY": "157", "TRACT": "003700"}, "geometry": {"type": "Polygon", "coordinates": [[[-90.03577400037497, 35.13725800002117], [-90.03532999996095, 35.13758299982312], [-90.03487399985136, 35.13761600030002], [-90.03482899964553, 35.13865999986776], [-90.02069899968963, 35.13724500017844], [-90.02082900028428, 35.132737000293936], [-90.02978599957429, 35.13298000012447], [-90.03102800040465, 35.133481999854155], [-90.03500199989787, 35.1338549999467], [-90.03492699955481, 35.13617400023895], [-90.0351369996171, 35.136562000095466], [-90.03585600039074, 35.13718299965661], [-90.03577400037497, 35.13725800002117]]]}}, {"type": "Feature", "properties": {"GEOID": "47157003600", "NAME": "Census Tract 36", "STATE": "47", "COUNTY": "157", "TRACT": "003600"}, "geometry": {"type": "Polygon", "coordinates": [[[-90.02430599966004, 35.13785699990486], [-90.02309499969016, 35.14124499997431], [-90.02259900029591, 35.144584000173516], [-90.01051600036108, 35.14348100001338], [-90.01115200039573, 35.139769999959825], [-90.01178300040748, 35.13982400021756], [-90.01226899975599, 35.13655700022645], [-90.01263299980405, 35.13549000014666], [-90.01275599982769, 35.133296999702175], [-90.013298000151, 35.13247700036148], [-90.02082900028428, 35.132737000293936], [-90.02069899968963, 35.13724500017844], [-90.02433499997238, 35.1376069997706], [-90.02430599966004, 35.13785699990486]]]}}, {"type": "Feature", "properties": {"GEOID": "47157000200", "NAME": "Census Tract 2", "STATE": "47", "COUNTY": "157", "TRACT": "000200"}, "geometry": {"type": "Polygon", "coordinates": [[[-90.04910199971656, 35.165669999665006], [-90.04859399972844, 35.167342999970074], [-90.04669099964741, 35.17098999968726], [-90.04662299987535, 35.17184900002114], [-90.0471190001679, 35.174055999826535], [-90.04715099995495, 35.17524499969921], [-90.04656900034698, 35.1774190000928], [-90.04439699975413, 35.17725499978241], [-90.04321699974636, 35.17064200005759], [-90.03874600013567, 35.170505999662524], [-90.03889400027369, 35.17114900020612], [-90.03608300017143, 35.171053999693335], [-90.03621700006573, 35.16753999980532], [-90.03671300035829, 35.16373100034462], [-90.03843499979104, 35.163224999711446], [-90.04272999967465, 35.16348700029293], [-90.04398800039854, 35.16372799966219], [-90.04437400018791, 35.162777000276606], [-90.04839000041225, 35.163889000144074], [-90.0492950000604, 35.16381999997657], [-90.04910199971656, 35.165669999665006]]]}}], "source": "US Census Bureau TIGERweb (Tracts_Blocks/MapServer)", "fetched_at": "2026-07-16T06:54:23.588419+00:00"}