{"type": "FeatureCollection", "features": [{"type": "Feature", "properties": {"ZCTA5": "38112", "GEOID": "38112"}, "geometry": {"type": "Polygon", "coordinates": [[[-90.01263799982692, 35.15297499985006], [-90.01253200042002, 35.1535999997246], [-90.01113999980186, 35.15330900032391], [-90.00893399977211, 35.15359300019802], [-90.00885000010652, 35.15419699984091], [-90.00529099981667, 35.15528599995256], [-90.00522499969443, 35.15579599986113], [-90.00347099957631, 35.15566299985614], [-90.0035469997443, 35.15505599981184], [-89.9977039996069, 35.15447099981293], [-89.99778300014793, 35.153931000261274], [-89.99732399966531, 35.15388600001448], [-89.99718100044848, 35.15494799964277], [-89.99170599965879, 35.15446800025785], [-89.99100900042312, 35.159688000323534], [-89.98408900021012, 35.16175300006576], [-89.9841439995634, 35.16025300000164], [-89.98323300006746, 35.159874000255726], [-89.9819540003255, 35.16021000012118], [-89.98208200037202, 35.15902799978544], [-89.98153500002584, 35.15889300008398], [-89.98155199974427, 35.15838799975802], [-89.979878999817, 35.15802600005594], [-89.97745000020451, 35.157894000323765], [-89.9719140002138, 35.157933000233534], [-89.96702900032629, 35.15903400002811], [-89.96612200013, 35.16730599979865], [-89.96242800012095, 35.16841599982049], [-89.96269199971158, 35.16014399985059], [-89.95723500026189, 35.162143999896315], [-89.95333000036561, 35.1645339998365], [-89.95319899994607, 35.16445999985831], [-89.95373700007138, 35.16408300033328], [-89.95149099985869, 35.16254400002619], [-89.95100799998492, 35.161829000071045], [-89.9511030004195, 35.15892400016032], [-89.95164499984448, 35.158937999764554], [-89.95165300024041, 35.15859600024581], [-89.95111699976488, 35.158510999736436], [-89.9511820000622, 35.15563200000599], [-89.95171799963941, 35.155642999930464], [-89.95165999991308, 35.154677000090196], [-89.9518080000511, 35.15460800018735], [-89.9519429997703, 35.14989900010687], [-89.95137299985791, 35.14986800026405], [-89.9517379997309, 35.13921100005748], [-89.96293899958378, 35.137437000357416], [-89.97005499961537, 35.13481699998602], [-89.97011400006492, 35.1343499997118], [-89.97131300033925, 35.13381399979559], [-89.97119100014051, 35.1332569998722], [-89.97141299989838, 35.128018999787976], [-89.97159299982343, 35.127534999791116], [-89.97607699985292, 35.12760199999713], [-89.97657800016833, 35.12891900024682], [-89.9801659998722, 35.12742200014122], [-89.98027300000231, 35.126875999981465], [-89.97899300043544, 35.12685800022068], [-89.97896999997091, 35.12578199978295], [-89.97968899984622, 35.12579899982255], [-89.97962000024924, 35.12657900011345], [-89.98033099972864, 35.12658299991112], [-89.98048300006461, 35.12581899973492], [-89.9842630002874, 35.12593100018213], [-89.98415000030948, 35.12836900012789], [-89.98396199998851, 35.129290000103246], [-89.9837560001242, 35.129369000052456], [-89.98361999968174, 35.13397699968294], [-89.98316399957218, 35.13604599965346], [-89.97987299996923, 35.13598600009029], [-89.97960099998267, 35.13928600002292], [-89.98485300029128, 35.14120799968572], [-89.99158799965804, 35.141886999941796], [-89.99182200000975, 35.14320200030203], [-89.99240000031809, 35.1447899997722], [-89.99302299993391, 35.14592700031429], [-89.99390699966567, 35.14675999986541], [-89.9953739997286, 35.14539799972653], [-89.99559499966155, 35.14335500011997], [-89.99616499957394, 35.142502000025985], [-89.99637299998639, 35.1428199997412], [-89.99577799995966, 35.147758999717205], [-89.99701800024188, 35.14788700024785], [-89.99766000012428, 35.14244100032436], [-89.99894399988912, 35.14253199998288], [-89.99888000031501, 35.14295199968775], [-89.99946100009805, 35.14302300015475], [-89.99935200031811, 35.143780000145696], [-90.00013300011771, 35.143859999729514], [-90.00019099984402, 35.143486000191665], [-90.00052599957979, 35.14338199979873], [-90.00063199988499, 35.14266999964223], [-90.01183299973788, 35.14360500023106], [-90.01178599988224, 35.14393900023302], [-90.01236300036562, 35.14400999983909], [-90.01209100037906, 35.14566999978196], [-90.01194499989089, 35.1456580002632], [-90.01189800003522, 35.14585600017692], [-90.0120589996937, 35.14588700007895], [-90.01112599955815, 35.15236400031693], [-90.01168299995007, 35.15241099993545], [-90.01165399963774, 35.152890000078], [-90.01266999961396, 35.152781000343985], [-90.01263799982692, 35.15297499985006]]]}}, {"type": "Feature", "properties": {"ZCTA5": "38152", "GEOID": "38152"}, "geometry": {"type": "Polygon", "coordinates": [[[-89.94072000017611, 35.11744900011468], [-89.9406070001982, 35.120642000220165], [-89.93778699987514, 35.12057100007422], [-89.93771699955495, 35.1198209998035], [-89.9337709996508, 35.11965099999699], [-89.93388100015396, 35.11657599978546], [-89.93408000034559, 35.11636200021309], [-89.94076799985667, 35.11647599984919], [-89.94072000017611, 35.11744900011468]]]}}, {"type": "Feature", "properties": {"ZCTA5": "38132", "GEOID": "38132"}, "geometry": {"type": "Polygon", "coordinates": [[[-90.02252599960266, 35.06579200026364], [-90.02117200041594, 35.071325999746705], [-90.01920999988536, 35.07130300001863], [-90.0166919996861, 35.071640999717246], [-89.99160100007681, 35.07612200025764], [-89.98860400020175, 35.07632599982878], [-89.98547900028015, 35.07617100016512], [-89.98619700033056, 35.07272799969868], [-89.98570199986293, 35.066933000249946], [-89.98578399987869, 35.06581300015486], [-89.98617999971381, 35.06474300025799], [-89.98924299971111, 35.06043500015052], [-89.98946500036729, 35.060553000139656], [-89.9916210001683, 35.06057900002707], [-89.99149599959651, 35.06214800022152], [-89.99077199969834, 35.0639580001998], [-89.98758900005043, 35.068656999897826], [-89.99002000021106, 35.06874499985319], [-89.99018900026547, 35.07018500014791], [-89.99081199988132, 35.07206900003732], [-89.99100500022516, 35.072102999729445], [-89.99277199986373, 35.07171199984146], [-89.9933259998826, 35.07173099990567], [-89.99367599968697, 35.07151900002232], [-89.99382999967277, 35.07109300028387], [-89.99467199957174, 35.07049599976677], [-89.99652500032236, 35.07032899973579], [-89.9970910000368, 35.070054999750326], [-89.99908899965406, 35.06964200005987], [-90.00127100029269, 35.06961099981718], [-90.00164100018853, 35.06930799983738], [-90.00254500001176, 35.06920299967656], [-90.00377400042335, 35.069179000167], [-90.00431400019849, 35.06932000030932], [-90.00440899973475, 35.069373000289396], [-90.00401100024979, 35.069678999764875], [-90.00351499995725, 35.069807000204705], [-90.00345600040602, 35.07001100012306], [-90.00350699956132, 35.07013299986667], [-90.0044199996054, 35.07022799977574], [-90.00534600006824, 35.07008499991699], [-90.00526900007536, 35.06967400020313], [-90.0054130000154, 35.06959299990807], [-90.0067989998875, 35.069379999701546], [-90.00741700037877, 35.07097599998719], [-90.00764199961137, 35.07091100007669], [-90.00699499970607, 35.06934100002806], [-90.0085039996018, 35.068856000137835], [-90.00917499979653, 35.06787199998257], [-90.01016700038164, 35.067735999960526], [-90.01094800018122, 35.0679600000491], [-90.01158800041382, 35.06794800011245], [-90.01246899977252, 35.06825700030837], [-90.01374699968957, 35.068123999986746], [-90.01499600019262, 35.068330000293294], [-90.01859800014019, 35.068323999984756], [-90.01960800026865, 35.06773200021595], [-90.02001900017237, 35.06635599998267], [-90.02054300005402, 35.06574599988782], [-90.02253900002147, 35.06559899967996], [-90.02252599960266, 35.06579200026364]]]}}, {"type": "Feature", "properties": {"ZCTA5": "38127", "GEOID": "38127"}, "geometry": {"type": "MultiPolygon", "coordinates": [[[[-90.04441699984561, 35.189871000025036], [-90.04411999974471, 35.18954900032967], [-90.04622899969004, 35.188329999782255], [-90.0481970000684, 35.187441000069036], [-90.05040100044832, 35.18602100030243], [-90.05091899958386, 35.1855089998655], [-90.05186199976517, 35.185286999731765], [-90.05400699969552, 35.183993000058464], [-90.05553900005579, 35.18331700023347], [-90.05742100022043, 35.182856999991955], [-90.05754300041917, 35.18298900032126], [-90.05745499965731, 35.18322199998991], [-90.06077999959544, 35.18137900031041], [-90.06441400022835, 35.17895299989537], [-90.06351718187388, 35.19], [-90.04457993194788, 35.19], [-90.04441699984561, 35.189871000025036]]], [[[-90.03446999962031, 35.189982999683814], [-90.03517199977719, 35.18971300006037], [-90.03669499991663, 35.18982699974979], [-90.03735199986765, 35.18965799997269], [-90.0380102413255, 35.19], [-90.03446999962031, 35.189982999683814]]], [[[-89.99528400021524, 35.18996200021841], [-89.99615299987838, 35.18985599996724], [-89.99696299999027, 35.18944200036276], [-89.9978300000036, 35.1892899997764], [-89.99805299958635, 35.18942100002338], [-90.00029999962398, 35.18905500005382], [-90.00607099979135, 35.18781300028847], [-90.00692100008622, 35.18789000009351], [-90.00809100004825, 35.187722999823166], [-90.01190999973079, 35.186860000065344], [-90.01325600031821, 35.18635500015379], [-90.01392599978972, 35.186343999978305], [-90.01503800002541, 35.18673900027356], [-90.01784499992968, 35.186738000329115], [-90.0196629996219, 35.18733700007415], [-90.02337000004977, 35.18786800015665], [-90.02589900011968, 35.188058999877015], [-90.02748300035849, 35.18798999966466], [-90.02840999974794, 35.18861699972862], [-90.02964053131454, 35.19], [-89.9950893659681, 35.19], [-89.99528400021524, 35.18996200021841]]], [[[-89.9896639996606, 35.1899679996467], [-89.98975300024738, 35.18997000019018], [-89.98995188848139, 35.19], [-89.98956559998763, 35.19], [-89.9896639996606, 35.1899679996467]]], [[[-89.96408099995672, 35.18979100017425], [-89.96387400026748, 35.187223999766466], [-89.9643880001034, 35.18296399981922], [-89.96467299961043, 35.18295499990093], [-89.96639099974352, 35.18337300019363], [-89.96688500038626, 35.184038999777044], [-89.96744000023004, 35.18438400014048], [-89.9687399998884, 35.185778000286476], [-89.97052900016662, 35.18714800000386], [-89.97168099968698, 35.187742999935196], [-89.97359299998884, 35.18813899996471], [-89.97579499982061, 35.18803600005743], [-89.97793700027623, 35.18887299973606], [-89.98044399970654, 35.188630000172836], [-89.98159299975217, 35.18801200030267], [-89.98257899959117, 35.18798500001938], [-89.98397200003427, 35.188435999821664], [-89.98442099957282, 35.18897600005066], [-89.98478750177009, 35.19], [-89.9641047624325, 35.19], [-89.96408099995672, 35.18979100017425]]]]}}, {"type": "Feature", "properties": {"ZCTA5": "38108", "GEOID": "38108"}, "geometry": {"type": "Polygon", "coordinates": [[[-89.92058700024926, 35.166536000270625], [-89.92077999969476, 35.1666939997612], [-89.92076399980124, 35.16698800031084], [-89.92171500037847, 35.167114000325924], [-89.92172100022624, 35.166567999829724], [-89.92224299955974, 35.166588000006726], [-89.92429899980165, 35.169531000158095], [-89.92617000009564, 35.169601000041325], [-89.92598000012484, 35.1701469999998], [-89.9275750002343, 35.170333000245854], [-89.92823899985802, 35.16965400017511], [-89.92868599974676, 35.169656999904554], [-89.92863100039351, 35.17246600004525], [-89.92881999964106, 35.17246800028524], [-89.92880899977041, 35.17280799998513], [-89.93046599980416, 35.17284000001326], [-89.9304830004209, 35.1720070002031], [-89.931060000006, 35.172024000134726], [-89.93109299961795, 35.171695000050164], [-89.93231399963359, 35.171778999870206], [-89.93231399963359, 35.172389999700044], [-89.93357499983222, 35.17240799967231], [-89.93356499978647, 35.17294199997296], [-89.93434399993625, 35.173109999886826], [-89.93840899966608, 35.175807999813514], [-89.95032699974446, 35.1721970003593], [-89.95178999960943, 35.171551000366605], [-89.95687500041178, 35.16999100017594], [-89.95654800017364, 35.16942400027253], [-89.95642099995202, 35.16736999976693], [-89.95457399994748, 35.16469100006345], [-89.9538709999657, 35.164186999971626], [-89.95756599979967, 35.161998999941744], [-89.96269199971158, 35.16014399985059], [-89.96242800012095, 35.16841599982049], [-89.96612200013, 35.16730599979865], [-89.96702900032629, 35.15903400002811], [-89.9719140002138, 35.157933000233534], [-89.97745000020451, 35.157894000323765], [-89.98020400040535, 35.15808899968571], [-89.98155199974427, 35.15838799975802], [-89.98153500002584, 35.15889300008398], [-89.98208200037202, 35.15902799978544], [-89.9819540003255, 35.16021000012118], [-89.98323300006746, 35.159874000255726], [-89.9841439995634, 35.16025300000164], [-89.98408900021012, 35.16175300006576], [-89.98564999998439, 35.16130699964718], [-89.98700900009229, 35.16325800007217], [-89.98700200041961, 35.166183999883515], [-89.99084299984345, 35.16623599984469], [-89.99081600007928, 35.167603000143956], [-89.9921149999127, 35.167555999756104], [-89.99435600010256, 35.16786300022098], [-89.9968030001567, 35.16873599993066], [-90.00183000033441, 35.16902500036387], [-90.00609099988283, 35.16887299977874], [-90.008982000351, 35.170732999752204], [-90.00855800002847, 35.17176599966775], [-90.0084550000963, 35.17304800025623], [-90.01037800026883, 35.17298100001014], [-90.01056200039184, 35.173966999648506], [-90.01110299999192, 35.17429100033164], [-90.01264899969757, 35.176302999916985], [-90.0161700003526, 35.178979000202574], [-90.01638399971452, 35.17927499972463], [-90.01650699973818, 35.17993000027277], [-90.01630800044488, 35.18077599989859], [-90.0172209995906, 35.18089599974167], [-90.01734000031462, 35.18017300015279], [-90.01758100033905, 35.18057899982705], [-90.01803900009844, 35.18066199999368], [-90.01795200005981, 35.1867609997819], [-90.01503800002541, 35.18673900027356], [-90.01392599978972, 35.186343999978305], [-90.01325600031821, 35.18635500015379], [-90.01190999973079, 35.186860000065344], [-90.00809100004825, 35.187722999823166], [-90.00692100008622, 35.18789000009351], [-90.00607099979135, 35.18781300028847], [-90.00029999962398, 35.18905500005382], [-89.99805299958635, 35.18942100002338], [-89.9978300000036, 35.1892899997764], [-89.99696299999027, 35.18944200036276], [-89.99615299987838, 35.18985599996724], [-89.9950893659681, 35.19], [-89.98478750177009, 35.19], [-89.98442099957282, 35.18897600005066], [-89.98397200003427, 35.188435999821664], [-89.98257899959117, 35.18798500001938], [-89.98159299975217, 35.18801200030267], [-89.98044399970654, 35.188630000172836], [-89.97793700027623, 35.18887299973606], [-89.97579499982061, 35.18803600005743], [-89.97359299998884, 35.18813899996471], [-89.97168099968698, 35.187742999935196], [-89.97052900016662, 35.18714800000386], [-89.9687399998884, 35.185778000286476], [-89.96744000023004, 35.18438400014048], [-89.96688500038626, 35.184038999777044], [-89.96639099974352, 35.18337300019363], [-89.96524400024605, 35.18300600015893], [-89.96390400040472, 35.18284700006948], [-89.9623770000673, 35.18317199985573], [-89.95883100019626, 35.184773999841184], [-89.9574839997839, 35.18521300028662], [-89.9535270000091, 35.18578999976045], [-89.95149900025461, 35.18589400026687], [-89.95028599973658, 35.186213999860804], [-89.94828999976913, 35.18593399991794], [-89.94609700015819, 35.18604300000516], [-89.94479199957863, 35.186578000253014], [-89.9441489998713, 35.18660800010778], [-89.94294100027446, 35.18814199974624], [-89.94041899987722, 35.18887800006087], [-89.93963499970458, 35.18941699964348], [-89.93727300003924, 35.189516000361785], [-89.93716000006133, 35.18933500025489], [-89.93902600033245, 35.18732500009445], [-89.93857100004779, 35.18637499986827], [-89.93766100037676, 35.185243999873876], [-89.93636300036822, 35.18485900006405], [-89.93223599981579, 35.184067999857604], [-89.93213500043176, 35.18392999993872], [-89.93092899958643, 35.1854070002564], [-89.92984599966303, 35.18534099987962], [-89.92981899989886, 35.18598699968226], [-89.92574099975023, 35.18582900024128], [-89.92584600023054, 35.1843890000073], [-89.9247880004215, 35.184370999751124], [-89.92473800019279, 35.18358999976659], [-89.92356099965977, 35.180986999706484], [-89.92396700043896, 35.18085599981362], [-89.92369000042952, 35.18030100034135], [-89.92, 35.18143156356743], [-89.92, 35.16651936849715], [-89.92058700024926, 35.166536000270625]], [[-89.9321520001502, 35.18390899964326], [-89.93563899957172, 35.17977400013007], [-89.93306000017141, 35.17912700009832], [-89.93328600012721, 35.17849800014876], [-89.93318599966977, 35.17810200013282], [-89.93523000021612, 35.17744899965715], [-89.93574499987693, 35.17694500007393], [-89.93542500020979, 35.17672300004414], [-89.92996000036418, 35.178407000334346], [-89.93133299981747, 35.17962499991196], [-89.93148500015343, 35.17993399965125], [-89.93159399993337, 35.18307000025027], [-89.93180399999567, 35.18370299998809], [-89.9321520001502, 35.18390899964326]]]}}, {"type": "Feature", "properties": {"ZCTA5": "38131", "GEOID": "38131"}, "geometry": {"type": "Polygon", "coordinates": [[[-89.9957319999289, 35.068062999739084], [-89.99280899967367, 35.068017999840585], [-89.99302600030695, 35.06833699979489], [-89.9941350001696, 35.068595000122926], [-89.99448900017194, 35.06887500013169], [-89.99470099988405, 35.06963699976063], [-89.99467199957174, 35.07049599976677], [-89.99382999967277, 35.07109300028387], [-89.99367599968697, 35.07151900002232], [-89.9933259998826, 35.07173099990567], [-89.99277199986373, 35.07171199984146], [-89.99118099995225, 35.072094999932894], [-89.99081199988132, 35.07206900003732], [-89.9907559998048, 35.07193600004595], [-89.99018900026547, 35.07018500014791], [-89.99002000021106, 35.06874499985319], [-89.98758900005043, 35.068656999897826], [-89.99100400040024, 35.06353899988039], [-89.99149599959651, 35.06214800022152], [-89.9916210001683, 35.06057900002707], [-89.99595600023488, 35.06070399996422], [-89.9957319999289, 35.068062999739084]]]}}, {"type": "Feature", "properties": {"ZCTA5": "72364", "GEOID": "72364"}, "geometry": {"type": "Polygon", "coordinates": [[[-90.11736300006655, 35.18957500018373], [-90.11719099963909, 35.18829700005341], [-90.11645900024331, 35.18626600022644], [-90.11422800009922, 35.18375699972007], [-90.11364999979091, 35.18329299981918], [-90.11265800010412, 35.18283600015339], [-90.10813800008961, 35.18157099987149], [-90.10784299963852, 35.180406999840095], [-90.10760800036019, 35.178342000194746], [-90.10690799985312, 35.17646000018352], [-90.10560800019478, 35.174520000323454], [-90.10268699958937, 35.171963999928394], [-90.09809999962772, 35.16900500005189], [-90.09383999990422, 35.16733200015903], [-90.0901710000095, 35.16522199974512], [-90.08857800044818, 35.16411999976791], [-90.07887499972207, 35.159411000189], [-90.07521300039835, 35.15809899971569], [-90.06935799966709, 35.156329000228574], [-90.06823600028393, 35.1556699999391], [-90.06727100036134, 35.15451199984196], [-90.06538099980078, 35.1513829999262], [-90.0645160003356, 35.148970000094025], [-90.06484900042155, 35.14705800000618], [-90.06439900015974, 35.14181999973671], [-90.06449100022124, 35.1414169997848], [-90.06465500025278, 35.14086299977863], [-90.06586600022268, 35.140530000155074], [-90.06621000017927, 35.13922400032089], [-90.06674699958138, 35.13804999991826], [-90.06925499973492, 35.13445200018439], [-90.07106499992952, 35.13234500032671], [-90.07264699962019, 35.130921999710786], [-90.07411500040635, 35.1281439999771], [-90.07547199996614, 35.128690999641044], [-90.07598499997711, 35.12830999997867], [-90.07662900040766, 35.12872300012547], [-90.09386300036876, 35.14255999968785], [-90.12, 35.15265547037828], [-90.12, 35.19], [-90.11738056213916, 35.19], [-90.11736300006655, 35.18957500018373]]]}}, {"type": "Feature", "properties": {"ZCTA5": "38126", "GEOID": "38126"}, "geometry": {"type": "Polygon", "coordinates": [[[-90.05906900003335, 35.130217000111585], [-90.05906300018555, 35.130445000118264], [-90.05836799970137, 35.130431000020266], [-90.05833000006655, 35.132104999715246], [-90.0571519997086, 35.13220000016429], [-90.0571590002796, 35.13159900002639], [-90.05654599981119, 35.13159000030109], [-90.05650599962821, 35.13277099966994], [-90.05462000016395, 35.132739000041575], [-90.05507500044861, 35.13387099991048], [-90.05499500008266, 35.13467400025265], [-90.05433899995654, 35.13588999981567], [-90.05306400041256, 35.13752900028266], [-90.0519349995601, 35.13706100031661], [-90.05009599995147, 35.13728200006451], [-90.0462179998194, 35.13688400026876], [-90.04594800038096, 35.137617000113934], [-90.04449800003646, 35.13743300035829], [-90.0445280001737, 35.1366890000444], [-90.04335900003659, 35.13657400022061], [-90.04320199967776, 35.1376649999818], [-90.03997600037214, 35.13734399977631], [-90.04000599961105, 35.136295000343374], [-90.0348909995698, 35.13579000008264], [-90.0349809999815, 35.13635300002008], [-90.03585600039074, 35.13718299965661], [-90.03517799962499, 35.13762000029014], [-90.03324399958181, 35.13747000015892], [-90.03330200020645, 35.135572000209564], [-90.03100699958995, 35.13519700021472], [-90.03107100006234, 35.13183399976621], [-90.0325659997144, 35.13142799993318], [-90.03074299999928, 35.12984600007025], [-90.03076800011365, 35.12897799995477], [-90.03225899956772, 35.1290220000952], [-90.0323199996671, 35.126929999974685], [-90.03273099957082, 35.12693499970013], [-90.0327439999896, 35.12652100008705], [-90.03306600020488, 35.1265170002864], [-90.03307000040284, 35.12638200028637], [-90.03307200005267, 35.12596500019556], [-90.0323489999794, 35.125951000062074], [-90.03257199956217, 35.11932099970574], [-90.03285799979243, 35.11932799997521], [-90.0328839997317, 35.11854399985953], [-90.03183000012062, 35.118525999727055], [-90.03184299964111, 35.11826499993073], [-90.03134800007179, 35.118227000169334], [-90.03134899989671, 35.11735199996857], [-90.03188299982408, 35.11736500004786], [-90.03194100044871, 35.11663599968828], [-90.03294599965596, 35.11665100002448], [-90.03296400009764, 35.116108999986665], [-90.03718899966104, 35.11618299984375], [-90.03732199973044, 35.11617199973023], [-90.03726200035429, 35.1159589999113], [-90.03782600041892, 35.1159499999274], [-90.03787599974932, 35.116131000229245], [-90.04037100038236, 35.11618299984375], [-90.04037800005504, 35.11603199982572], [-90.04098300012754, 35.116047000273134], [-90.04096499968587, 35.11669300006941], [-90.04326699997507, 35.1167419998495], [-90.04328299986862, 35.116149000156064], [-90.0434860002582, 35.11612900007382], [-90.04354300015962, 35.11637000007671], [-90.04646700023973, 35.11642300034762], [-90.04647100043769, 35.11627999991208], [-90.04721500042737, 35.116337999882575], [-90.04707200031224, 35.115870000108394], [-90.04789800031766, 35.11588700001219], [-90.04792799955659, 35.11611699987518], [-90.04814500018986, 35.11613499980508], [-90.04813000012125, 35.116366999852396], [-90.05121499985987, 35.11646399970166], [-90.05123400012644, 35.11595999999111], [-90.05146699975495, 35.115964999655084], [-90.05149199986931, 35.1164590000683], [-90.05181200043475, 35.11646399970166], [-90.05169899955854, 35.11926499973296], [-90.05236200025566, 35.119324999859785], [-90.05236999975327, 35.11977099963788], [-90.05508399977113, 35.119834000223605], [-90.05491700026488, 35.124573999683626], [-90.05388600022002, 35.12454599967078], [-90.05387899964902, 35.12552800019495], [-90.05408899971128, 35.12554400032542], [-90.05408399968843, 35.12618000021124], [-90.05486100018835, 35.126200999984135], [-90.0548439995716, 35.12677800009281], [-90.05707499971571, 35.126802000286354], [-90.05705799999727, 35.12704600013833], [-90.05763499958236, 35.12759499970405], [-90.057757999606, 35.12814100018642], [-90.05663500039797, 35.12811000013866], [-90.05660600008565, 35.129213999828714], [-90.05907700042926, 35.129307000145296], [-90.05906900003335, 35.130217000111585]]]}}, {"type": "Feature", "properties": {"ZCTA5": "38116", "GEOID": "38116"}, "geometry": {"type": "Polygon", "coordinates": [[[-90.03882700032652, 35.02026900025311], [-90.0437609997195, 35.044577000093206], [-90.048977999868, 35.05975199969207], [-90.05243699970043, 35.078120999977635], [-90.04824899994695, 35.07762499990186], [-90.04001400000699, 35.07533200014836], [-90.02803700037737, 35.0727000002542], [-90.02812699989073, 35.07159600032104], [-90.02797100025514, 35.06993499970851], [-90.02765599971255, 35.06860999974071], [-90.02702999972364, 35.06722400018056], [-90.0255409999194, 35.06519399997365], [-90.02316900020831, 35.06324700005682], [-90.02257199963343, 35.06560700011318], [-90.02054300005402, 35.06574599988782], [-90.02001900017237, 35.06635599998267], [-90.01960800026865, 35.06773200021595], [-90.01872399963857, 35.06829499983531], [-90.01596399958996, 35.06836799978623], [-90.01374699968957, 35.068123999986746], [-90.01246899977252, 35.06825700030837], [-90.01158800041382, 35.06794800011245], [-90.0095530000883, 35.06777800020775], [-90.00901199958992, 35.06799000025064], [-90.00843599982973, 35.068901000309616], [-90.00699499970607, 35.06934100002806], [-90.00764199961137, 35.07091100007669], [-90.00741700037877, 35.07097599998719], [-90.0067989998875, 35.069379999701546], [-90.0054130000154, 35.06959299990807], [-90.00526900007536, 35.06967400020313], [-90.00534600006824, 35.07008499991699], [-90.0044199996054, 35.07022799977574], [-90.00347800014733, 35.070116999886565], [-90.00351499995725, 35.069807000204705], [-90.00401100024979, 35.069678999764875], [-90.00440899973475, 35.069373000289396], [-90.00377400042335, 35.069179000167], [-90.00164100018853, 35.06930799983738], [-90.00147600033209, 35.06955099985958], [-90.00114300024616, 35.069626999896464], [-89.99908899965406, 35.06964200005987], [-89.9970910000368, 35.070054999750326], [-89.99652500032236, 35.07032899973579], [-89.99467199957174, 35.07049599976677], [-89.99470099988405, 35.06963699976063], [-89.99448900017194, 35.06887500013169], [-89.9941350001696, 35.068595000122926], [-89.99302600030695, 35.06833699979489], [-89.99280899967367, 35.068017999840585], [-89.9957319999289, 35.068062999739084], [-89.99595600023488, 35.06070399996422], [-89.98950100035229, 35.06050100033994], [-89.9904600004271, 35.05888899968099], [-89.99066700011636, 35.05729600003316], [-89.99047600032065, 35.05637800009226], [-89.99003299973154, 35.05550300015673], [-89.98857700043757, 35.053796999667775], [-89.98799900012925, 35.05345000009068], [-89.98670299977054, 35.05340600033784], [-89.98356600015339, 35.052230000297584], [-89.9819690003941, 35.0520950000836], [-89.98193500005894, 35.05197000020399], [-89.97262399986826, 35.05271800004862], [-89.9725900004314, 35.04499100029834], [-89.96989899997975, 35.04501100017698], [-89.97014400020214, 35.043674999877666], [-89.9712530000648, 35.043224999948826], [-89.97146099957895, 35.042850000198484], [-89.97138100011132, 35.03755700032533], [-89.9673959998491, 35.03762200031114], [-89.96705600009048, 35.037068000155124], [-89.96828999962659, 35.03637799989176], [-89.96841000017551, 35.03617399979167], [-89.96811600044764, 35.035685999764745], [-89.96801400034039, 35.02863399963864], [-89.9687609998048, 35.028204999997044], [-89.96865299984975, 35.02504700017154], [-89.96931999984653, 35.02332300017843], [-89.9693730004483, 35.02273000033752], [-89.96967399984885, 35.022318000151266], [-89.9694930000989, 35.0214940001713], [-89.97019603096429, 35.02], [-90.03877093153433, 35.02], [-90.03882700032652, 35.02026900025311]]]}}, {"type": "Feature", "properties": {"ZCTA5": "38113", "GEOID": "38113"}, "geometry": {"type": "Polygon", "coordinates": [[[-90.1181139997289, 35.12524400011109], [-90.11513199992247, 35.12315299992309], [-90.10974400006972, 35.121030999890365], [-90.10530799972081, 35.11964499978992], [-90.10111499994446, 35.11886499996243], [-90.09783400038725, 35.11869300027286], [-90.09190599986105, 35.11945899976304], [-90.08742799967933, 35.12094799986165], [-90.08648000037348, 35.11910099974865], [-90.084080000175, 35.11131699985109], [-90.08359899995106, 35.10811399997584], [-90.08487299967015, 35.09602599993307], [-90.08789399983466, 35.090995000114276], [-90.09169199960081, 35.08469100005367], [-90.09547600002155, 35.08070099981172], [-90.10075599991927, 35.07601399980253], [-90.10743599993275, 35.07242799989909], [-90.12, 35.07398533109098], [-90.12, 35.12636933802779], [-90.1181139997289, 35.12524400011109]]]}}, {"type": "Feature", "properties": {"ZCTA5": "72301", "GEOID": "72301"}, "geometry": {"type": "Polygon", "coordinates": [[[-90.11913800010106, 35.15232299993996], [-90.09386300036876, 35.14255999968785], [-90.07598499997711, 35.12830999997867], [-90.08557700037515, 35.12162400005197], [-90.09133099992579, 35.11957999972212], [-90.0955499996414, 35.11891499994932], [-90.09783400038725, 35.11869300027286], [-90.1000479999146, 35.118771000168536], [-90.10386999997019, 35.119308999977214], [-90.10974400006972, 35.121030999890365], [-90.11513199992247, 35.12315299992309], [-90.1181139997289, 35.12524400011109], [-90.12, 35.12636933802779], [-90.12, 35.15265547037828], [-90.11913800010106, 35.15232299993996]]]}}, {"type": "Feature", "properties": {"ZCTA5": "38109", "GEOID": "38109"}, "geometry": {"type": "Polygon", "coordinates": [[[-90.11730600016513, 35.073652000239086], [-90.10743599993275, 35.07242799989909], [-90.10075599991927, 35.07601399980253], [-90.09547600002155, 35.08070099981172], [-90.09169199960081, 35.08469100005367], [-90.08487299967015, 35.09602599993307], [-90.08359899995106, 35.10811399997584], [-90.0756600002871, 35.10803600016646], [-90.07515200029898, 35.11070099998018], [-90.07474700024304, 35.11069999983583], [-90.06910199957404, 35.11056100022858], [-90.06910199957404, 35.110006000316446], [-90.06830900007888, 35.109985000043], [-90.06829800020823, 35.10872299984968], [-90.06750900001272, 35.10860499970945], [-90.0675070003629, 35.107850000093556], [-90.05778600009342, 35.10764499981785], [-90.06051500017988, 35.10031899998895], [-90.06152799978307, 35.09885199972029], [-90.06272600023249, 35.09756799976561], [-90.06278599960862, 35.09519500026384], [-90.05863200019033, 35.09621800025484], [-90.05503500026563, 35.0961139997692], [-90.0529899998944, 35.09525499973822], [-90.0519909996366, 35.09511600025157], [-90.0520819998732, 35.09159700027676], [-90.04591200039597, 35.09157900007263], [-90.04847599972766, 35.08923299973664], [-90.05174700013744, 35.084653999804544], [-90.0520690003527, 35.083970999860334], [-90.04686700027281, 35.08385399965136], [-90.04458599990002, 35.083486999923835], [-90.04460099996862, 35.08333299964252], [-90.04697199985479, 35.08372599992789], [-90.04969400026857, 35.083035000105575], [-90.05145699970922, 35.08297099999398], [-90.05287400044173, 35.08127500005872], [-90.05300099976505, 35.08141400034741], [-90.048977999868, 35.05975199969207], [-90.0437609997195, 35.044577000093206], [-90.03877093153433, 35.02], [-90.12, 35.02], [-90.12, 35.07398533109098], [-90.11730600016513, 35.073652000239086]]]}}, {"type": "Feature", "properties": {"ZCTA5": "38128", "GEOID": "38128"}, "geometry": {"type": "MultiPolygon", "coordinates": [[[[-89.96882799975195, 35.254729000104035], [-89.96880600001063, 35.2546419999841], [-89.96878400026932, 35.25455700018988], [-89.9687609998048, 35.254472000306514], [-89.96875699960682, 35.254453000337676], [-89.96873800023857, 35.25436599992151], [-89.96871399994913, 35.254260999977866], [-89.9684029996045, 35.2528769997322], [-89.96831399991606, 35.25239500027925], [-89.96827999958086, 35.25206199979439], [-89.96824600014399, 35.25158400014845], [-89.96823199990028, 35.25087800003399], [-89.9682190003798, 35.25013499978015], [-89.968169999976, 35.24668800026537], [-89.96816599977804, 35.2465369996755], [-89.96815200043265, 35.24592200019823], [-89.96808799996023, 35.24325200000679], [-89.96802699986087, 35.242792000292745], [-89.96795300024104, 35.24243100020342], [-89.96789200014166, 35.24215299966323], [-89.9677549998743, 35.241732000363946], [-89.96762699982779, 35.241382000016465], [-89.96735599966614, 35.2407769997211], [-89.96704100002187, 35.24013900010967], [-89.9669020001047, 35.23985599966297], [-89.96625900039736, 35.23855100031514], [-89.96604900033508, 35.23811399993291], [-89.9659870004108, 35.23798399977785], [-89.9654450000875, 35.23686300007891], [-89.96540200042979, 35.23677399974008], [-89.96527299966004, 35.23650799967033], [-89.96523099982726, 35.23641999974207], [-89.96515899985722, 35.23628099992774], [-89.96511299982647, 35.236191999683996], [-89.96494600032023, 35.23586700000907], [-89.96487500017511, 35.235729000055734], [-89.96479200033443, 35.23554600007458], [-89.9645449995639, 35.23499799993914], [-89.96446300044644, 35.23481599986251], [-89.96439899997405, 35.23468699964553], [-89.96420800017833, 35.23429999996503], [-89.96417300001822, 35.234230000058844], [-89.96414500042914, 35.23417199975542], [-89.96411100009395, 35.23411099985958], [-89.96400899998669, 35.233927999896935], [-89.96397600037473, 35.233866999817614], [-89.9636440001137, 35.233134000317506], [-89.96350900039451, 35.232856000195234], [-89.96327599986769, 35.232376000096], [-89.96306199960743, 35.23174300032804], [-89.96288500005542, 35.23096399971387], [-89.96282899997894, 35.23049900005203], [-89.96280100038985, 35.230093999808254], [-89.96280999971236, 35.22963099986295], [-89.9628110004356, 35.229598000038536], [-89.96286699961378, 35.22904899992382], [-89.96296399969816, 35.228530000276955], [-89.96316600026283, 35.22771399981547], [-89.96339300004354, 35.22701799990806], [-89.96367000005299, 35.22617299993661], [-89.96429900041493, 35.22425100003047], [-89.96485599990854, 35.22253500013754], [-89.96531799986589, 35.221114999644676], [-89.96532100023893, 35.22110500002858], [-89.96534200015533, 35.2210400002922], [-89.96562300036273, 35.22015600032405], [-89.965861999839, 35.219407999774084], [-89.96614100039659, 35.21853600015152], [-89.9664379995992, 35.21768000032439], [-89.96648600017808, 35.217510000222184], [-89.96662699974507, 35.217022000100876], [-89.9666989997151, 35.21660899982793], [-89.9667530001418, 35.21631299981456], [-89.96680199964726, 35.21580199980515], [-89.96680699967014, 35.21576000027458], [-89.9667530001418, 35.214623000060314], [-89.96661599987442, 35.213371000204155], [-89.96652800001088, 35.21256299992417], [-89.96625799967414, 35.210085000196635], [-89.96624900035162, 35.210001000336035], [-89.96585199979327, 35.206229000176286], [-89.96566299964738, 35.20458500026432], [-89.9656359998832, 35.20435399965521], [-89.9654590003312, 35.20264999964625], [-89.96534800000312, 35.20157800003532], [-89.96518999981939, 35.200171999818224], [-89.9651349995678, 35.199652999767025], [-89.9649720002595, 35.19809899968354], [-89.96491799983279, 35.197581000144886], [-89.96476999969481, 35.196292000122334], [-89.96451199995195, 35.19402099969707], [-89.96435700014125, 35.19242200030671], [-89.96430400043779, 35.19186900029782], [-89.96427099992752, 35.19153100007726], [-89.9642349999425, 35.19116500006848], [-89.96423199956946, 35.19113100013237], [-89.9642059996302, 35.1908870000873], [-89.96420200033054, 35.19085399992868], [-89.96412500033765, 35.1901779999143], [-89.96408099995672, 35.18979100017425], [-89.9640449999717, 35.189497999772925], [-89.96396799997882, 35.18886499965629], [-89.96387400026748, 35.18784900000615], [-89.96387400026748, 35.187223999766466], [-89.96395899975798, 35.18643399976837], [-89.9640659998881, 35.185540000074056], [-89.9641780000411, 35.18459300018458], [-89.96425699968381, 35.183933999854546], [-89.96430000023985, 35.18350900035576], [-89.96435799996615, 35.183147000144274], [-89.96437300003477, 35.183054999671256], [-89.9643880001034, 35.18296399981922], [-89.96436600036208, 35.18295799987382], [-89.96424900018621, 35.18290800031146], [-89.96420700035341, 35.18289799966109], [-89.96411899959156, 35.18288799974367], [-89.96403499992597, 35.182865999921084], [-89.96390400040472, 35.18284700006948], [-89.96386199967361, 35.182854000015325], [-89.9636499999615, 35.18290500033671], [-89.96359899990787, 35.182910000294534], [-89.96356200009797, 35.18291500025203], [-89.96343200040162, 35.18293600007012], [-89.9632130001185, 35.18295999985567], [-89.96303599966818, 35.18296699979179], [-89.96299300001047, 35.18297399972723], [-89.96282700032911, 35.183022999993064], [-89.96254299974866, 35.18312199969084], [-89.9623770000673, 35.18317199985573], [-89.9621079995555, 35.183295999779595], [-89.96190800043726, 35.18337100022196], [-89.96159600026775, 35.18350699965321], [-89.96128699957293, 35.18362299993847], [-89.96111500004379, 35.18368800026013], [-89.96081100027018, 35.1838329997172], [-89.96053500008566, 35.183961999994004], [-89.96031400015272, 35.184065999903034], [-89.96023499961169, 35.1840979999047], [-89.95995799960225, 35.18422499981017], [-89.9598129998373, 35.18429300030812], [-89.95970300023244, 35.18435400019896], [-89.95956199976713, 35.18444000009965], [-89.95934000000929, 35.1845569997586], [-89.95922000035868, 35.18460399986287], [-89.95883100019626, 35.184773999841184], [-89.95850999980588, 35.18489199972065], [-89.95821799972785, 35.184980999684385], [-89.9581790002681, 35.18499399997615], [-89.95788700019004, 35.185078000004104], [-89.95777300038723, 35.185105999749375], [-89.95768999964824, 35.18512599977131], [-89.95760599998265, 35.18514599978831], [-89.9574839997839, 35.18521300028662], [-89.956609000273, 35.185368000307236], [-89.95648899972409, 35.18538900022569], [-89.95608799986609, 35.185414999942424], [-89.95593600042844, 35.18546900000529], [-89.95557200038037, 35.185520000154], [-89.95555899996158, 35.18552300003221], [-89.95554300006806, 35.18552499995094], [-89.95526100003573, 35.18557200022953], [-89.95503300043012, 35.18557700002327], [-89.95442199961153, 35.18566999980138], [-89.9535270000091, 35.18578999976045], [-89.95286800040826, 35.18584800012988], [-89.95235100019931, 35.1858419996632], [-89.9519839997782, 35.18584099970777], [-89.95149900025461, 35.18589400026687], [-89.9512819996213, 35.18593699978087], [-89.95090400022787, 35.1859890003237], [-89.95064800013482, 35.186055000174186], [-89.95061299997472, 35.186068000294156], [-89.95058200001259, 35.18608500022197], [-89.95046499983671, 35.186166000002046], [-89.9504000004377, 35.186196000008856], [-89.95028599973658, 35.186213999860804], [-89.95005499975788, 35.1862179996642], [-89.94959699999849, 35.18618499981186], [-89.94932500001192, 35.18617800015291], [-89.94918899956949, 35.18613999979139], [-89.94899100010107, 35.18605200031561], [-89.94869400000017, 35.18599400009179], [-89.94846200019659, 35.185983999821175], [-89.94828999976913, 35.18593399991794], [-89.946535999651, 35.186031999787446], [-89.94656199959027, 35.18604699981696], [-89.946471000252, 35.18603399969364], [-89.94609700015819, 35.18604300000516], [-89.94535499981833, 35.18631200012677], [-89.94482099989095, 35.18656400026811], [-89.94479199957863, 35.186578000253014], [-89.94468899964647, 35.186599999804955], [-89.94461500002662, 35.186615999675595], [-89.94434899988785, 35.18660999999981], [-89.9441489998713, 35.18660800010778], [-89.94296399984067, 35.188111999723674], [-89.94294100027446, 35.18814199974624], [-89.94041899987722, 35.18887800006087], [-89.94022300005862, 35.189115000125724], [-89.94017700002787, 35.189136999724916], [-89.94006999989776, 35.18923600005022], [-89.93978200001769, 35.18936800029635], [-89.93963499970458, 35.18941699964348], [-89.93857100004779, 35.18954400004616], [-89.93727300003924, 35.189516000361785], [-89.93718600000061, 35.18947199989428], [-89.93714599981763, 35.18942900004841], [-89.93716000006133, 35.18933500025489], [-89.93790200040118, 35.18845599975815], [-89.93842999958247, 35.18808300035207], [-89.93866499975911, 35.18782999985124], [-89.93873199970626, 35.18778599993905], [-89.9389319997228, 35.18752800030847], [-89.93902600033245, 35.18732500009445], [-89.93901899976143, 35.187243000063084], [-89.9385440002836, 35.18646299972846], [-89.93857100004779, 35.18637499986827], [-89.9384100003893, 35.18616100024455], [-89.93820299980175, 35.18585299990663], [-89.9379750001961, 35.18551299970359], [-89.9377349999966, 35.185281999920186], [-89.93766100037676, 35.185243999873876], [-89.93745999963699, 35.18520000002987], [-89.93729999980343, 35.185149999644274], [-89.93688499970172, 35.18509000031564], [-89.93669100043128, 35.18502900024308], [-89.93661100006534, 35.18498199965045], [-89.93645000040685, 35.18488699988478], [-89.93636300036822, 35.18485900006405], [-89.93628300000228, 35.18484799968607], [-89.93600900036589, 35.18479699984976], [-89.93567700010486, 35.18473400035334], [-89.93475800021302, 35.18456300032021], [-89.93468200004503, 35.18454700004536], [-89.93435200033215, 35.18447999973219], [-89.93389299984953, 35.184387000060624], [-89.93251899967301, 35.184107999673245], [-89.93242999998455, 35.18409000008903], [-89.93223599981579, 35.184067999857604], [-89.93213500043176, 35.18392999993872], [-89.93206099991362, 35.184020000199666], [-89.93199200031664, 35.18410399976595], [-89.93183400013288, 35.184297000206115], [-89.93142499987897, 35.184800999722896], [-89.93115500044055, 35.18512899966401], [-89.93092899958643, 35.1854070002564], [-89.93078399982147, 35.185382999725114], [-89.93071100002653, 35.18537200015227], [-89.93034699997847, 35.18535400011381], [-89.93020100038859, 35.18534800034485], [-89.92984599966303, 35.18534099987962], [-89.92981899989886, 35.18598699968226], [-89.9294049996221, 35.18597400028349], [-89.92940399979717, 35.18592500032856], [-89.92574099975023, 35.18582900024128], [-89.92574699959802, 35.1853140001773], [-89.92581400044348, 35.18524599979947], [-89.92582000029127, 35.185074000144546], [-89.92583899965953, 35.18455999967235], [-89.92584600023054, 35.1843890000073], [-89.92563399962012, 35.18438500011389], [-89.92499900030872, 35.18437399967175], [-89.9247880004215, 35.184370999751124], [-89.92479699974403, 35.18399699997118], [-89.92479900029217, 35.18391900016921], [-89.92478500004846, 35.183759999663344], [-89.92473800019279, 35.18358999976659], [-89.92444899958949, 35.18294599998164], [-89.92429700015182, 35.18260600009816], [-89.92421199976303, 35.182427000013455], [-89.92414700036402, 35.182283000249754], [-89.92370700014794, 35.181311000311204], [-89.92356099965977, 35.180986999706484], [-89.9237520003538, 35.180923000177565], [-89.92384600006513, 35.18089199967634], [-89.92396700043896, 35.18085599981362], [-89.92391800003514, 35.180796000251846], [-89.92369000042952, 35.18030100034135], [-89.92203900024356, 35.18080399965751], [-89.92155499964657, 35.180951999901495], [-89.9208669997334, 35.181159999947596], [-89.92014500038336, 35.181385999648455], [-89.91798100018643, 35.182066000123974], [-89.91725999976296, 35.18229300024157], [-89.91644399980328, 35.18254199964145], [-89.91399799957404, 35.183291999832335], [-89.91374300020424, 35.18337100022196], [-89.9135580002563, 35.18342500017451], [-89.91342699983673, 35.18346400032194], [-89.91318199961434, 35.183536999907446], [-89.91106900036935, 35.18419499980995], [-89.90988900036157, 35.1845569997586], [-89.90927900026621, 35.18473400035334], [-89.9091799996337, 35.18476200021713], [-89.9090809998995, 35.184791000039695], [-89.90904999993735, 35.18470799968453], [-89.90894399963216, 35.18455199990216], [-89.90869299956198, 35.18421600003152], [-89.90865900012511, 35.18416399982253], [-89.90860600042167, 35.18410199981224], [-89.90709400015288, 35.18258000021699], [-89.90688599974042, 35.182378000122455], [-89.90683999970967, 35.18231300022154], [-89.9067860001813, 35.18217000025653], [-89.90667599967814, 35.18212900022019], [-89.90660200005829, 35.182085000158104], [-89.90656900044634, 35.18205800010823], [-89.90642700015611, 35.18190999967553], [-89.90602399974998, 35.18145100029074], [-89.90598899958987, 35.18141099990165], [-89.9058420001751, 35.18126699980634], [-89.90576299963406, 35.18117300011634], [-89.90562600026503, 35.180978000303455], [-89.9055259998076, 35.180808999744585], [-89.905482000325, 35.180743000039136], [-89.90534800043069, 35.180591000068695], [-89.90526899988964, 35.18045600018505], [-89.90348999965717, 35.17786799968388], [-89.90331800012804, 35.17764599997199], [-89.90318699970848, 35.17748899979321], [-89.90250700019124, 35.17699100011009], [-89.90180599985926, 35.176464999803514], [-89.90166299974413, 35.17636199978613], [-89.90160900021577, 35.17631700020094], [-89.90158800029938, 35.176291999849504], [-89.9015539999642, 35.17623500007687], [-89.90150899975836, 35.17621900036541], [-89.90144400035933, 35.17618500005024], [-89.90133300003124, 35.17610000030145], [-89.90122699972603, 35.17601100015821], [-89.9006960001717, 35.175423000096835], [-89.9006619998365, 35.17538200032855], [-89.89902099969629, 35.173450999947015], [-89.89856200011198, 35.17290999998499], [-89.89842700039279, 35.173094999672585], [-89.89829900034627, 35.17327000004149], [-89.89799700022246, 35.17373299977987], [-89.89781200027456, 35.17404400008868], [-89.89766400013654, 35.17417199964828], [-89.89749400025723, 35.17448700012714], [-89.89722700029353, 35.175058999675834], [-89.89714299972962, 35.17527099972384], [-89.89702399990394, 35.17558899986068], [-89.89699600031486, 35.17566700031386], [-89.89698899974384, 35.17568699972139], [-89.8969710002005, 35.17573900021391], [-89.8969500002841, 35.17580099999515], [-89.89686499989529, 35.17606700001221], [-89.89673100000098, 35.176548999835134], [-89.8966330000917, 35.177018999704345], [-89.89658299986297, 35.17726200020986], [-89.8965009998472, 35.17790700029499], [-89.89646099966423, 35.17853100018539], [-89.89644499977071, 35.17915499969109], [-89.8964299997021, 35.179935999707496], [-89.89641899983145, 35.180464000358484], [-89.89640600031098, 35.18121099986355], [-89.89638200002152, 35.18261300006476], [-89.89634400038668, 35.18261300006476], [-89.89599600023215, 35.18262300001602], [-89.89530400012102, 35.182605000102924], [-89.89515099996015, 35.1826010001217], [-89.89460299978906, 35.18259400015406], [-89.89433500000045, 35.18261500005511], [-89.8941759999918, 35.18265299986229], [-89.89398500019608, 35.182717000231655], [-89.89376300043824, 35.18283800013823], [-89.89371300020952, 35.18287199987328], [-89.89355099982781, 35.18301400008131], [-89.89342799980416, 35.18316899989079], [-89.89332700042013, 35.183363000334666], [-89.89328999971191, 35.18348999992032], [-89.89326600032076, 35.18369300016973], [-89.89325999957467, 35.18391900016921], [-89.89325299990197, 35.18430699995011], [-89.89324299985623, 35.184906999960596], [-89.89322799978761, 35.18520599980976], [-89.8932040003965, 35.185382999725114], [-89.89382399963927, 35.18544900006778], [-89.89425299998469, 35.18549599965611], [-89.89568200041279, 35.18566899984383], [-89.89603800006493, 35.18571300016805], [-89.89620899976917, 35.18572700029962], [-89.89630300037881, 35.185733999997396], [-89.89629400015798, 35.185863000193365], [-89.89622600038592, 35.18592500032856], [-89.89621799998999, 35.1860129999418], [-89.8961340003244, 35.18693799998125], [-89.89613199977627, 35.18697000032041], [-89.89610500001208, 35.187246999815834], [-89.89607300022503, 35.18756899982361], [-89.89603399986697, 35.18796300010828], [-89.89599899970688, 35.18832899985739], [-89.89598899966113, 35.18842599985152], [-89.8959789996154, 35.18853600018921], [-89.89595500022428, 35.188808999809815], [-89.89595100002632, 35.18885900014649], [-89.89594000015565, 35.188982000285904], [-89.89592300043722, 35.18918899968838], [-89.89591099984334, 35.1893200000982], [-89.89578399962171, 35.19070299967698], [-89.89574299961384, 35.19116500006848], [-89.89570900017696, 35.19153100007726], [-89.89570300032919, 35.19159300029253], [-89.89557899958231, 35.19287799978567], [-89.89557699993249, 35.19290599977973], [-89.89554599997035, 35.193306999658745], [-89.89547099962728, 35.194082000360446], [-89.89546099958153, 35.19419400008725], [-89.89544200021327, 35.1944029998593], [-89.89535699982446, 35.19535300018835], [-89.89534799960363, 35.19547100012118], [-89.895344000304, 35.1955309998596], [-89.89529700044831, 35.19620700011388], [-89.89529200042546, 35.19641199981017], [-89.8952759996336, 35.19719100025109], [-89.89527099961074, 35.19889999998731], [-89.89519500034108, 35.20054600001962], [-89.89513500006662, 35.201252999730734], [-89.89513000004375, 35.2013140001016], [-89.8950990000816, 35.20154499981526], [-89.8950010001723, 35.20226100035565], [-89.8949500001187, 35.20261399988071], [-89.89492300035451, 35.202806999660595], [-89.89479799978272, 35.203666999642095], [-89.89478899956188, 35.20372000031692], [-89.89477900041446, 35.20379699972609], [-89.89485399985922, 35.20386499999202], [-89.89482999956978, 35.20399499975899], [-89.89474300042944, 35.20459499971344], [-89.89472099978983, 35.204748000012735], [-89.89470900009427, 35.204863000345405], [-89.89466999973621, 35.20526000031885], [-89.89465999969046, 35.205420000303036], [-89.89463899977407, 35.205788999807744], [-89.89463600029931, 35.20590999985315], [-89.89462100023073, 35.206408999639876], [-89.89460899963683, 35.20685999991999], [-89.89460500033718, 35.20692999994884], [-89.89460500033718, 35.20701600017427], [-89.89458400042079, 35.20778100020242], [-89.89458100004775, 35.20789899969566], [-89.89457400037504, 35.20832299964437], [-89.89452699962106, 35.21030599970324], [-89.8945219995982, 35.210548000096935], [-89.89451599975042, 35.21083799975812], [-89.89450400005485, 35.21120799997325], [-89.89450099968181, 35.21131299987587], [-89.89449800020707, 35.21143199974819], [-89.89448800016132, 35.21179600017443], [-89.89445700019918, 35.21289100007007], [-89.89444799997835, 35.21325600017826], [-89.89443399973466, 35.213638999759965], [-89.89439299972676, 35.21478899973919], [-89.89438000020628, 35.215172999755865], [-89.89436500013768, 35.21567300018182], [-89.89432099975674, 35.21717200029107], [-89.89430700041136, 35.21767299970987], [-89.89429700036561, 35.217992000051744], [-89.89428599959665, 35.21839800007471], [-89.89426999970313, 35.21895200027151], [-89.89426100038061, 35.21927200026779], [-89.89422200002255, 35.21927200026779], [-89.89402299983092, 35.219269999712125], [-89.89377000011092, 35.21926700034636], [-89.89376599991297, 35.21969399971915], [-89.89360299970635, 35.21969699980302], [-89.89358000014013, 35.22052400010918], [-89.89344500042091, 35.220522000318304], [-89.89343700002499, 35.221287000040775], [-89.89354699962985, 35.221302000164705], [-89.89368700027025, 35.221323000333584], [-89.89414199965661, 35.2213389999693], [-89.89418699986244, 35.221340000221666], [-89.89418600003754, 35.221404000200096], [-89.89418299966448, 35.22150199983985], [-89.89418199983957, 35.22153900028715], [-89.89416599994604, 35.221987999689716], [-89.89416099992317, 35.22215000021601], [-89.89416000009825, 35.222189000117766], [-89.8941550000754, 35.22231899989946], [-89.89414500002964, 35.22261099981284], [-89.89412800031121, 35.22314800036636], [-89.89409499980094, 35.22399399976912], [-89.8940930001511, 35.22406000029369], [-89.89408399993027, 35.22414599998491], [-89.89404399974731, 35.22445300020433], [-89.89401000031044, 35.22459800027697], [-89.89397000012747, 35.22477299979191], [-89.89388200026391, 35.22502900031462], [-89.89383399968503, 35.22517100021045], [-89.89371700040748, 35.225445999643256], [-89.89342899962908, 35.22601900019313], [-89.89331499982626, 35.22624799968204], [-89.89327899984124, 35.226320999710175], [-89.89319500017567, 35.22652199967933], [-89.8931419995739, 35.226679999948146], [-89.8931139999848, 35.22676800016877], [-89.89307200015202, 35.226935000141665], [-89.8942889999697, 35.22709300034009], [-89.89517799972432, 35.22720799984052], [-89.89617000030941, 35.226224999669626], [-89.89768199967989, 35.22693100014196], [-89.89732699985265, 35.22728000029343], [-89.89733500024857, 35.22741900012081], [-89.89618299982989, 35.22853599979131], [-89.89493800042311, 35.2296620001082], [-89.89491999998145, 35.229628000146256], [-89.8947469997291, 35.22921199971743], [-89.89466800008637, 35.22909099991548], [-89.89462100023073, 35.229043999870946], [-89.89437000016055, 35.228857999739965], [-89.8941349999839, 35.228710000191164], [-89.89398500019608, 35.22863899970197], [-89.89384700010382, 35.22859200012942], [-89.89360799972921, 35.228530000276955], [-89.8935220004138, 35.22856000004578], [-89.89333499991774, 35.228574000129775], [-89.89328899988698, 35.22861199971668], [-89.89322000029, 35.228779000296996], [-89.89319199980262, 35.22881299988093], [-89.893176999734, 35.22883300014752], [-89.89312999987833, 35.228852999675325], [-89.89307600034996, 35.228853999835074], [-89.89271499977664, 35.22876299992674], [-89.89265700005032, 35.22874700028712], [-89.89262799973798, 35.22873899973237], [-89.892635000309, 35.228705000117436], [-89.89266000042336, 35.22860500004515], [-89.89266600027113, 35.22857099964024], [-89.8924660002546, 35.22890300030785], [-89.89243399956923, 35.22895700007579], [-89.89218699969703, 35.22927399978253], [-89.8920720000693, 35.22944199988656], [-89.8919030000149, 35.22969200019227], [-89.89178500001412, 35.22984400000747], [-89.89154900001257, 35.2301509999485], [-89.8915149996774, 35.23019300010342], [-89.89145199992821, 35.230276000205954], [-89.89141599994319, 35.23032099998735], [-89.89138300033123, 35.23036400019541], [-89.89125299973657, 35.23053100010469], [-89.89107500035965, 35.23075899993108], [-89.89077800025872, 35.23114199983537], [-89.89072999967983, 35.231201000234634], [-89.8901010002162, 35.23199499965551], [-89.88993700018469, 35.23219700036227], [-89.88938499981563, 35.23287399997864], [-89.8889170000105, 35.23343200008742], [-89.88870799977312, 35.233664000233794], [-89.88864599984883, 35.23373399989463], [-89.88819499976212, 35.234177000225955], [-89.88795499956262, 35.2344119999828], [-89.88903400018634, 35.23496600018103], [-89.89141699976811, 35.2361900002792], [-89.89227000043603, 35.2366280000856], [-89.89313699955102, 35.237074000195314], [-89.89334999998636, 35.23718299988049], [-89.89327600036653, 35.23725899977623], [-89.89294199955737, 35.23759699968569], [-89.89234999990366, 35.23819199977922], [-89.89213099962053, 35.23841199975048], [-89.89146000032412, 35.239087000256816], [-89.89127200000316, 35.23927299967973], [-89.8904660000892, 35.240073000192304], [-89.88932899973913, 35.24119900031715], [-89.88864900022189, 35.24187399963821], [-89.88832299980865, 35.242202000173315], [-89.88825099983863, 35.24227699977383], [-89.88803800030162, 35.24249999964354], [-89.88796700015651, 35.24257499970208], [-89.8877699996147, 35.242772999787505], [-89.88630900029784, 35.24424699965632], [-89.88609199966456, 35.24446800004354], [-89.88556000028531, 35.2450009998803], [-89.88352999998268, 35.24704000032517], [-89.88323299988176, 35.24734100015207], [-89.88256800043311, 35.248013999853875], [-89.88132599960275, 35.24925800000427], [-89.88080900029213, 35.24977799971048], [-89.88011600035608, 35.250462000017976], [-89.8797580001558, 35.25081600034327], [-89.87965500022365, 35.250917999951206], [-89.8788939996172, 35.251689999769866], [-89.87761300022544, 35.252992999951935], [-89.87769699989101, 35.25306600011895], [-89.8778430003792, 35.25310999986627], [-89.87804800041862, 35.25311800021788], [-89.87925500019055, 35.253082999957485], [-89.87992399983715, 35.25308600027379], [-89.88058800035918, 35.25310599969016], [-89.88280899955922, 35.2531750003163], [-89.88287300003165, 35.253192999991555], [-89.88292999993305, 35.25322200031577], [-89.88302700001742, 35.25332999971191], [-89.8830529999567, 35.253400999861356], [-89.88305799997958, 35.253507999896904], [-89.88302600019253, 35.254169999965555], [-89.88301600014677, 35.25449100027095], [-89.88298199981159, 35.254566000241326], [-89.88292400008528, 35.254622000213125], [-89.88279500021383, 35.25469799990334], [-89.88273400011447, 35.254769000321765], [-89.88270300015233, 35.25488999996161], [-89.88266100031954, 35.255147999736415], [-89.88263500038026, 35.255192999655655], [-89.882525999702, 35.25527999991776], [-89.88249599956478, 35.25534800032737], [-89.88246700015077, 35.255550999916444], [-89.88244200003642, 35.25601499989746], [-89.88234199957898, 35.25693899997281], [-89.88228800005064, 35.25783699979346], [-89.88210999977541, 35.25883200016311], [-89.88209800007982, 35.259109000208795], [-89.88212700039215, 35.25937999987488], [-89.88223399962395, 35.25991900009269], [-89.88319299969878, 35.26001100002757], [-89.88519500041232, 35.26017300016923], [-89.88579200008891, 35.26022100028491], [-89.8860950000376, 35.26024599973786], [-89.88703200037114, 35.26032200002271], [-89.88740700028984, 35.260351999768105], [-89.88761300015418, 35.26039200014485], [-89.88774600022356, 35.26043600031638], [-89.8879329998213, 35.2605230000852], [-89.88797800002716, 35.26054800017852], [-89.88871699999395, 35.26096099975343], [-89.88891399963745, 35.26104999995097], [-89.88904000003414, 35.26108999998317], [-89.88918599962402, 35.26113699979409], [-89.88926599998996, 35.26114899986629], [-89.88904099985905, 35.262531999951406], [-89.88896800006411, 35.26298099982544], [-89.88808900035524, 35.268423999645854], [-89.88796399978345, 35.269343000019845], [-89.8879460002401, 35.26948200036113], [-89.88767500007845, 35.27187099963868], [-89.88756899977325, 35.27296399983056], [-89.88753799981109, 35.2733529997343], [-89.88740899993967, 35.27449299986117], [-89.88738499965022, 35.27471000007986], [-89.88737700015261, 35.27477500007277], [-89.88736299990892, 35.2748999997433], [-89.88735100021336, 35.27500500008019], [-89.88737799997755, 35.27500399975633], [-89.88738999967309, 35.27500199984199], [-89.88745800034349, 35.27499699968916], [-89.887686999774, 35.27497600021726], [-89.88790699988205, 35.27496799982337], [-89.8879949997456, 35.27496999973855], [-89.888171000371, 35.27496700023245], [-89.88828299962567, 35.27497100006287], [-89.88852399965009, 35.27498099963805], [-89.88874399975813, 35.27498300028631], [-89.88927299966264, 35.27501700029865], [-89.88944900028805, 35.27502400036409], [-89.88975800008453, 35.27501799988894], [-89.88984599994808, 35.27502199971685], [-89.8902409999583, 35.27502699986813], [-89.89075999981708, 35.27504600014683], [-89.89090899977998, 35.27505199988657], [-89.89117200044403, 35.27506000027218], [-89.89148200006542, 35.27504999997336], [-89.89158599982251, 35.275051000296635], [-89.89207299989422, 35.27504999997336], [-89.89229399982716, 35.275039000083275], [-89.89260299962363, 35.27504299991015], [-89.89268899983736, 35.27505399979969], [-89.89294999995327, 35.27507600030766], [-89.89334499996349, 35.27509499984153], [-89.89343200000211, 35.275103000222934], [-89.8936980001409, 35.275103999812174], [-89.8940010000896, 35.27506600001088], [-89.89434199967314, 35.2749920002694], [-89.89468200033008, 35.27491099965231], [-89.89494699974563, 35.274910000060636], [-89.89503299995935, 35.27492699971723], [-89.89537199989309, 35.27501099982297], [-89.89562100031341, 35.275082999634684], [-89.89570699962883, 35.27509299992942], [-89.8960079999277, 35.27514699973957], [-89.89609499996635, 35.27515700002642], [-89.89627099969344, 35.27516200016936], [-89.89640200011301, 35.27514699973957], [-89.89661700019816, 35.27509899966563], [-89.89665999985587, 35.27508999969444], [-89.89689599985742, 35.27499299986002], [-89.89700299998755, 35.27492999995821], [-89.89760499968698, 35.27492299988463], [-89.89852399957884, 35.274816999848674], [-89.89928400036035, 35.27444799965855], [-89.899547999951, 35.27429999971215], [-89.89968100002038, 35.274209999800846], [-89.89977899992967, 35.2741639998401], [-89.90026600000138, 35.273877999817195], [-89.90080199957859, 35.27341499978574], [-89.90093499964799, 35.27338699969743], [-89.90105799967162, 35.273361000287714], [-89.90114100041063, 35.273335999747346], [-89.90122099987826, 35.27330700002028], [-89.90138699955962, 35.27325700036531], [-89.90154899994131, 35.27320199968239], [-89.90163299960689, 35.27317899978581], [-89.90171799999571, 35.27316199976236], [-89.9017720004224, 35.273146000082185], [-89.90209399973936, 35.27305399965955], [-89.90217499993021, 35.27302499983151], [-89.90229200010606, 35.27299700034175], [-89.90238599981741, 35.272973999653516], [-89.90251100038918, 35.272938000285116], [-89.90258199963597, 35.27289600026832], [-89.90274200036787, 35.2728359997875], [-89.90277900017779, 35.27281699972376], [-89.9028439995768, 35.27276899973587], [-89.90291600044515, 35.27272700036485], [-89.90303199989779, 35.272675999999215], [-89.9032579998536, 35.27256499965334], [-89.90333800021953, 35.272533999674955], [-89.903462999893, 35.272500000087135], [-89.90362699992453, 35.272449000312044], [-89.90370700029048, 35.27241699993342], [-89.90374999994816, 35.27240999964266], [-89.90383399961377, 35.27238900023348], [-89.90391599962952, 35.27236200014701], [-89.90400000019342, 35.27234099999198], [-89.90412099966896, 35.27230000002295], [-89.904160000027, 35.272282999815005], [-89.90424500041583, 35.27226199963954], [-89.90428499970047, 35.27224599978155], [-89.90431999986058, 35.27222500032992], [-89.90448100041736, 35.27216599971099], [-89.90455800041025, 35.272131000342796], [-89.90464100025095, 35.27210800014208], [-89.90471700041894, 35.27207100002869], [-89.90479799971146, 35.272041000221705], [-89.90488099955213, 35.27201600000736], [-89.90495599989522, 35.27197899985195], [-89.90499799972801, 35.2719700002675], [-89.90523799992751, 35.271877999976056], [-89.9053219995931, 35.271856000066244], [-89.90540000030923, 35.271822999823634], [-89.90543700011914, 35.271802999892316], [-89.90551499993694, 35.271770999991894], [-89.90564100033365, 35.27173999970966], [-89.90568200034153, 35.2717259997439], [-89.90583700015223, 35.27166100023789], [-89.90592199964271, 35.27164100026651], [-89.90599699998579, 35.271603999939884], [-89.90607900000155, 35.27157700032512], [-89.90615299962141, 35.27153700033602], [-89.9063140001782, 35.271479999950756], [-89.90642799998102, 35.27142500026153], [-89.90646300014112, 35.27140300022874], [-89.90662600034774, 35.271347999753814], [-89.90666499980749, 35.27132999971028], [-89.90686499982402, 35.271254000215855], [-89.90690300035718, 35.27123600015144], [-89.90704599957398, 35.271151999797965], [-89.90717000032085, 35.271114000342884], [-89.90740999962206, 35.27102599983787], [-89.90745200035317, 35.27101399976163], [-89.9075810002246, 35.2709889999637], [-89.90766200041546, 35.27096099977018], [-89.90789699969379, 35.270860999733486], [-89.90797000038702, 35.27082199976634], [-89.90801300004475, 35.27081199967773], [-89.90805200040279, 35.270794999890946], [-89.90811799962671, 35.27074799981476], [-89.9081929999698, 35.270710000170155], [-89.9082709997876, 35.27067700019413], [-89.90852500023082, 35.270615999891895], [-89.90860700024656, 35.27058800030287], [-89.90868199969132, 35.27055100022865], [-89.90876299988217, 35.27052200023792], [-89.90883700040034, 35.27048300010763], [-89.90887800040822, 35.27046899992464], [-89.90892100006594, 35.27046000017243], [-89.90903599969366, 35.270408999846374], [-89.9092070002962, 35.270362999927414], [-89.9093260001219, 35.27032199969064], [-89.90945099979534, 35.270285000228355], [-89.9096519996368, 35.270214000201875], [-89.90986199969909, 35.270160000036846], [-89.90990199988207, 35.27014500014755], [-89.91002999992857, 35.27011699966232], [-89.91011100011943, 35.2700880002497], [-89.91031699998375, 35.27002399981475], [-89.9104740003426, 35.26996000006267], [-89.91064199967376, 35.26991399988876], [-89.91072000038989, 35.26987999993477], [-89.9108049998804, 35.26986000025713], [-89.91109600013351, 35.26977700033214], [-89.911292999777, 35.26969900006886], [-89.9113349996098, 35.26968800018551], [-89.9114119996027, 35.26965200009019], [-89.91161099979435, 35.26957599975497], [-89.91168899961212, 35.2695410000012], [-89.91177099962789, 35.26951500009051], [-89.91207100010186, 35.26936400021863], [-89.91219599977535, 35.26929199972403], [-89.91222900028562, 35.26926799978944], [-89.9123060002785, 35.26923400029773], [-89.91233999971539, 35.269210000345964], [-89.91249399970117, 35.269141999832755], [-89.91257900008998, 35.26911999991336], [-89.91261800044805, 35.26910499983155], [-89.91290799997795, 35.26901999980439], [-89.91311999969007, 35.2689719997669], [-89.91336499991246, 35.26889400019544], [-89.91340199972237, 35.26887400027438], [-89.91344199990534, 35.26885900014703], [-89.91348600028627, 35.2688520002822], [-89.9136079995867, 35.26881100001414], [-89.914001999772, 35.2686540000838], [-89.91412599962055, 35.26861600019037], [-89.91431499976643, 35.2685230000866], [-89.91447299995019, 35.26846000028681], [-89.91467999963942, 35.268396999704635], [-89.91480100001326, 35.268351999782695], [-89.9149659998697, 35.26829999992328], [-89.91504600023562, 35.26827000018665], [-89.91508300004556, 35.26825099978541], [-89.91512499987836, 35.2682380003575], [-89.91525299992487, 35.26821100035434], [-89.91533699959047, 35.26818900018212], [-89.91537599994851, 35.26817199984497], [-89.91543700004787, 35.26813599980943], [-89.91552499991144, 35.268128999882144], [-89.91565299995794, 35.268099000082174], [-89.91581399961643, 35.2680409998018], [-89.91589800018033, 35.26801799990674], [-89.91597699982306, 35.267985999978116], [-89.91605899983881, 35.26796000030182], [-89.91610300021975, 35.267951999948394], [-89.9161419996795, 35.26793599997259], [-89.91620799980173, 35.267888000026296], [-89.91624399978673, 35.26786900026893], [-89.91632300032776, 35.26783599986908], [-89.91639100009982, 35.267789999956], [-89.91663100029935, 35.26770000014627], [-89.91671400014002, 35.26767599974002], [-89.9167839995619, 35.2676319998325], [-89.91702200011161, 35.267539000066044], [-89.91714699978506, 35.267500999649705], [-89.9172620003111, 35.267448999977496], [-89.91738299978662, 35.26741199993649], [-89.91751000000822, 35.26737299977591], [-89.91762399981104, 35.2673180002322], [-89.91770500000189, 35.26729099992239], [-89.91782300000268, 35.26724100022146], [-89.91790800039148, 35.26722099989235], [-89.9179870000342, 35.267190000069284], [-89.91802300001922, 35.26716900004043], [-89.91806200037728, 35.26715200022266], [-89.91814500021795, 35.26712799965412], [-89.91830300040169, 35.26706599992496], [-89.9183460000594, 35.26705600010613], [-89.9184590000373, 35.266999999924536], [-89.918585000434, 35.266969000016864], [-89.91865300020606, 35.266923000345045], [-89.91885800024548, 35.26685599980361], [-89.91894299973598, 35.26683699980423], [-89.91898299991895, 35.26682100034171], [-89.91923599963893, 35.26675899964415], [-89.9192759998219, 35.26674399985869], [-89.91936200003562, 35.266729999762944], [-89.91948800043232, 35.2666959999396], [-89.91956899972487, 35.26666799972923], [-89.91977700013733, 35.266605999648064], [-89.91988699974219, 35.26654799976575], [-89.92012100009393, 35.2664480001494], [-89.92052399960171, 35.266303999780924], [-89.9205989999448, 35.2662660002522], [-89.92063300028, 35.266244000285255], [-89.92074500043299, 35.26618800027584], [-89.92086300043376, 35.26614000002743], [-89.92130899959928, 35.26598099991823], [-89.92168000021837, 35.26586799979396], [-89.92176499970886, 35.2658490002963], [-89.92204699974117, 35.26574500026492], [-89.92206699983265, 35.26573800013105], [-89.92229199996356, 35.26566199979143], [-89.92252799996508, 35.26556399996246], [-89.92267799975293, 35.26548899990104], [-89.9227609995936, 35.26546500030677], [-89.92279900012676, 35.2654469996896], [-89.92283400028685, 35.26542500023375], [-89.92299099974738, 35.26536099978246], [-89.92307199993822, 35.265332000134364], [-89.92322699974893, 35.26526499974427], [-89.92333899990193, 35.26520899979165], [-89.9233790000849, 35.265193999719216], [-89.92346399957538, 35.265174000351756], [-89.92362900033015, 35.2651249997902], [-89.9237520003538, 35.2650839998365], [-89.92387899967709, 35.26505500008925], [-89.92400199970074, 35.265012999652846], [-89.92404500025675, 35.2650060001892], [-89.92416900010531, 35.26496800005175], [-89.92425399959582, 35.264949000343044], [-89.92449399979533, 35.264857000146534], [-89.92452999978033, 35.264836000246476], [-89.92472599959892, 35.264754999742685], [-89.9250479998142, 35.264637000050165], [-89.92509100037022, 35.26462900010208], [-89.92512999982995, 35.264611999751374], [-89.925237999785, 35.26455000029734], [-89.92540299964143, 35.264501000091904], [-89.92548200018246, 35.26446900024118], [-89.92562899959724, 35.26441700008996], [-89.92580699987248, 35.26435600020863], [-89.92592499987325, 35.26430699988588], [-89.9263290001043, 35.264165000295115], [-89.9266110001366, 35.26396399973095], [-89.92678299966573, 35.26390100005361], [-89.92702100021543, 35.26381200005338], [-89.92757600005919, 35.26361199981162], [-89.92760799984624, 35.26360099983535], [-89.92925300018442, 35.26300200020625], [-89.92934000022308, 35.262971000235936], [-89.9294270002617, 35.26294000025383], [-89.92950799955423, 35.262912999952086], [-89.93047699967481, 35.26277600029287], [-89.93187799961551, 35.26257899965948], [-89.93499000001661, 35.26214000018524], [-89.93949599978741, 35.26150499997748], [-89.9422759999275, 35.26120900020065], [-89.94404900031219, 35.26101999973046], [-89.94696300034659, 35.26070999998024], [-89.94763899966588, 35.26062700021736], [-89.94896299961368, 35.26046200020649], [-89.95283099970003, 35.25994699970119], [-89.95644799971619, 35.25946600026157], [-89.95944999961412, 35.25905999964736], [-89.96140499957372, 35.25880599975011], [-89.96229800042461, 35.258702000215095], [-89.96296299987324, 35.258615999751214], [-89.96352000026516, 35.25852600002094], [-89.96398300004742, 35.258458000076956], [-89.96430100006474, 35.258452999636546], [-89.96475700017433, 35.25844000010378], [-89.96537899996527, 35.258270000323265], [-89.96584900031856, 35.258026000351556], [-89.9661289998027, 35.25784099973609], [-89.96627899959054, 35.25769899981784], [-89.96661900024749, 35.257376999938934], [-89.96670399973799, 35.25719699982736], [-89.96699699964093, 35.25658300034332], [-89.96727000035072, 35.25630499991214], [-89.96748399971264, 35.256086999719706], [-89.96762600000288, 35.255942000185605], [-89.96814400003674, 35.25541299971632], [-89.96865399967467, 35.254893000211084], [-89.96882799975195, 35.254729000104035]]], [[[-89.93574499987693, 35.17694500007393], [-89.93567999957962, 35.17690000007719], [-89.93548799995898, 35.176767000071784], [-89.93542500020979, 35.17672300004414], [-89.93432999969252, 35.177053999734305], [-89.9334619998543, 35.17731699987601], [-89.93192700001931, 35.17779900036424], [-89.93104900013535, 35.17805800009356], [-89.93058100033019, 35.178196999752565], [-89.92996000036418, 35.178407000334346], [-89.92996200001399, 35.178417000068805], [-89.93002800013625, 35.178499000194584], [-89.93005700044856, 35.17852399986724], [-89.93040600042802, 35.178824999786826], [-89.93052299970557, 35.1789260002736], [-89.93083599970001, 35.17919499972197], [-89.93097200014245, 35.17931300035912], [-89.93133299981747, 35.17962499991196], [-89.93137600037349, 35.179711999707855], [-89.9314399999476, 35.17982200009289], [-89.93148500015343, 35.17993399965125], [-89.93153100018418, 35.180139000022926], [-89.93152699998622, 35.18026900031311], [-89.93152399961318, 35.18039899966111], [-89.9315119999176, 35.18071000016635], [-89.93150400042, 35.18114899980318], [-89.93153700003195, 35.18152000018142], [-89.93154799990262, 35.18190099964053], [-89.93155399975039, 35.1823310001993], [-89.93158200023781, 35.18257400024325], [-89.9315880000856, 35.18282200025805], [-89.93159399993337, 35.18307000025027], [-89.93163999996412, 35.183248999653095], [-89.93169900041367, 35.18344499987592], [-89.93173799987343, 35.18359599966533], [-89.93180399999567, 35.18370299998809], [-89.93198899994358, 35.18385999991161], [-89.93213500043176, 35.18392999993872], [-89.9321520001502, 35.18390899964326], [-89.93227500017385, 35.18375799970119], [-89.93252200004605, 35.183455999709594], [-89.93390799991815, 35.1817649997245], [-89.93424000017917, 35.181360000111184], [-89.93428500038502, 35.181305000243775], [-89.9343699998755, 35.18120199975114], [-89.93444500021856, 35.18111000001334], [-89.93461500009788, 35.18090899995265], [-89.93500099988727, 35.18045600018505], [-89.93537699963089, 35.180052999976475], [-89.93563899957172, 35.17977400013007], [-89.93545500034702, 35.17971799989288], [-89.93512499973582, 35.17963500023078], [-89.93384599999386, 35.17931699976796], [-89.93357599965714, 35.179251000319475], [-89.93306000017141, 35.17912700009832], [-89.93313299996633, 35.17892300015188], [-89.93328600012721, 35.17849800014876], [-89.93328199992925, 35.17841099978776], [-89.93323900027154, 35.178310000129535], [-89.93321900018006, 35.17826400010551], [-89.93318599966977, 35.17810200013282], [-89.93367799976437, 35.177939999837285], [-89.93373100036614, 35.17792299967423], [-89.93509200012386, 35.17751299971859], [-89.93523000021612, 35.17744899965715], [-89.93534999986672, 35.17736199964191], [-89.93574499987693, 35.17694500007393]]]]}}, {"type": "Feature", "properties": {"ZCTA5": "38107", "GEOID": "38107"}, "geometry": {"type": "Polygon", "coordinates": [[[-90.02840999974794, 35.18861699972862], [-90.02748300035849, 35.18798999966466], [-90.02589900011968, 35.188058999877015], [-90.02337000004977, 35.18786800015665], [-90.0196629996219, 35.18733700007415], [-90.01795200005981, 35.1867609997819], [-90.01803900009844, 35.18066199999368], [-90.01758100033905, 35.18057899982705], [-90.01734000031462, 35.18017300015279], [-90.0172209995906, 35.18089599974167], [-90.01630800044488, 35.18077599989859], [-90.01650699973818, 35.17993000027277], [-90.01638399971452, 35.17927499972463], [-90.0161700003526, 35.178979000202574], [-90.01264899969757, 35.176302999916985], [-90.01110299999192, 35.17429100033164], [-90.01056200039184, 35.173966999648506], [-90.01037800026883, 35.17298100001014], [-90.0084550000963, 35.17304800025623], [-90.00855800002847, 35.17176599966775], [-90.008982000351, 35.170732999752204], [-90.00649900031185, 35.16904399977445], [-90.0055960003135, 35.16883500013882], [-90.00183000033441, 35.16902500036387], [-89.9972049998396, 35.16878799972868], [-89.99435600010256, 35.16786300022098], [-89.9921149999127, 35.167555999756104], [-89.99081600007928, 35.167603000143956], [-89.99084299984345, 35.16623599984469], [-89.98700200041961, 35.166183999883515], [-89.98700900009229, 35.16325800007217], [-89.98564999998439, 35.16130699964718], [-89.99100900042312, 35.159688000323534], [-89.99170599965879, 35.15446800025785], [-89.99718100044848, 35.15494799964277], [-89.99732399966531, 35.15388600001448], [-89.99778300014793, 35.153931000261274], [-89.9977039996069, 35.15447099981293], [-90.0035469997443, 35.15505599981184], [-90.00347099957631, 35.15566299985614], [-90.00375000013388, 35.15569899985683], [-90.00522499969443, 35.15579599986113], [-90.00529099981667, 35.15528599995256], [-90.00885000010652, 35.15419699984091], [-90.00870799981631, 35.155163999837555], [-90.009559999761, 35.15527100012286], [-90.01476100001598, 35.15571499993368], [-90.0149309998953, 35.155176000158], [-90.01553199976982, 35.15523400033529], [-90.01545300012711, 35.15577900020947], [-90.01934899980255, 35.15610400023617], [-90.0194650001535, 35.155305999966], [-90.02116599966985, 35.15544599992243], [-90.02106100008787, 35.15611500009684], [-90.02159199964221, 35.156614000158], [-90.02324899967593, 35.15687000033344], [-90.02330999977531, 35.15645999997993], [-90.02481799984612, 35.156591999835605], [-90.02487399992263, 35.15619300013455], [-90.02693000016453, 35.15636499993461], [-90.0268449997757, 35.15713000020349], [-90.0283989998773, 35.15707300021835], [-90.02844099971009, 35.15669100013769], [-90.02900300012487, 35.156745999763814], [-90.02904199958462, 35.156514000180515], [-90.0309749998029, 35.15669199971728], [-90.03094399984074, 35.157006000030165], [-90.03374499989724, 35.15697100018394], [-90.03587099956101, 35.15649399972959], [-90.03708900010193, 35.15658400025109], [-90.03978899987608, 35.157106999711765], [-90.03959600043055, 35.15746800026112], [-90.03916999955989, 35.157360999927626], [-90.03892699988565, 35.158662000303536], [-90.03861999973897, 35.159097000346044], [-90.03926699964425, 35.15899900032003], [-90.03920300007015, 35.15916600011376], [-90.04393800016982, 35.1604409999121], [-90.0443380002029, 35.15944500017407], [-90.04495499997097, 35.15961499988644], [-90.04453400002147, 35.16060700015161], [-90.04769599975297, 35.161447999813326], [-90.04688399999125, 35.16347400023353], [-90.04839000041225, 35.163889000144074], [-90.0492950000604, 35.16381999997657], [-90.04905499986089, 35.16613300008705], [-90.04859399972844, 35.167342999970074], [-90.04669099964741, 35.17098999968726], [-90.04662299987535, 35.17184900002114], [-90.0471190001679, 35.174055999826535], [-90.04715099995495, 35.17524499969921], [-90.04656900034698, 35.1774190000928], [-90.04439699975413, 35.17725499978241], [-90.04495699962078, 35.182855000007564], [-90.04556099986836, 35.18486099999912], [-90.04592599974136, 35.18505500007498], [-90.04652300031624, 35.185032000139415], [-90.05295800010734, 35.18166999986947], [-90.05598000009677, 35.18119499966302], [-90.05633699957383, 35.18126699980634], [-90.05661000028361, 35.18154899969241], [-90.05702000036244, 35.18276099995153], [-90.0572000002875, 35.18289899965274], [-90.05553900005579, 35.18331700023347], [-90.05400699969552, 35.183993000058464], [-90.05186199976517, 35.185286999731765], [-90.05091899958386, 35.1855089998655], [-90.05040100044832, 35.18602100030243], [-90.0481970000684, 35.187441000069036], [-90.04622899969004, 35.188329999782255], [-90.04411999974471, 35.18954900032967], [-90.04457993194788, 35.19], [-90.0380102413255, 35.19], [-90.03735199986765, 35.18965799997269], [-90.03669499991663, 35.18982699974979], [-90.03517199977719, 35.18971300006037], [-90.03445847053035, 35.19], [-90.02964053131454, 35.19], [-90.02840999974794, 35.18861699972862]]]}}, {"type": "Feature", "properties": {"ZCTA5": "38105", "GEOID": "38105"}, "geometry": {"type": "MultiPolygon", "coordinates": [[[[-90.05488799995254, 35.15313099999574], [-90.05489499962525, 35.15310500023708], [-90.05484899959448, 35.153105999860735], [-90.05442199979721, 35.153107999842426], [-90.05427100018447, 35.15310999982406], [-90.05274100037236, 35.153123999694316], [-90.05272999960339, 35.153123999694316], [-90.05261400015074, 35.153123000070906], [-90.05257099959474, 35.15312199971298], [-90.05248699992914, 35.153123000070906], [-90.05246900038578, 35.15312199971298], [-90.05244799957107, 35.15312199971298], [-90.05231200002696, 35.153123000070906], [-90.05190799979592, 35.153129000014616], [-90.05186599996313, 35.153129000014616], [-90.0517730000767, 35.153132000353565], [-90.05173600026679, 35.153132000353565], [-90.05162699958854, 35.153132999976826], [-90.05159099960352, 35.15313400033461], [-90.0514910000444, 35.153132999976826], [-90.05116899982913, 35.153129000014616], [-90.05106400024714, 35.153129000014616], [-90.05103900013277, 35.15319100014163], [-90.05096600033785, 35.1533799998345], [-90.05093899967537, 35.153454000344674], [-90.05073299981103, 35.15395600014285], [-90.05051500025114, 35.1545049996593], [-90.05011799969279, 35.15549800013866], [-90.04971199981192, 35.15649699994443], [-90.04963399999411, 35.15668700035036], [-90.04951900036639, 35.15697199976008], [-90.04888199960853, 35.156790999897616], [-90.04868499996503, 35.15729399997664], [-90.04803899988467, 35.157123000246145], [-90.04842499967404, 35.15616600029948], [-90.04843899991775, 35.15613100009187], [-90.04778899963941, 35.155960000120125], [-90.0481900003957, 35.15496900007452], [-90.04858899970559, 35.15397500013579], [-90.04846900005496, 35.15394199968131], [-90.04811000002977, 35.15384600001898], [-90.04799100020409, 35.153813999861555], [-90.04801999961809, 35.153771000249876], [-90.04820999958889, 35.15331100030067], [-90.04826800021353, 35.153123999694316], [-90.04828199955891, 35.15306499985762], [-90.04830099982549, 35.15299899966594], [-90.04832199974187, 35.15292500021092], [-90.04835500025216, 35.15281799977817], [-90.04875500028524, 35.15183299969378], [-90.04883300010303, 35.15163300034917], [-90.04892900036252, 35.1513709997808], [-90.04905499986089, 35.151058999786535], [-90.04913299967869, 35.15086700015587], [-90.04918799993028, 35.150759000302315], [-90.04922599956512, 35.150662999822416], [-90.04947699963527, 35.150040999875664], [-90.04956100019918, 35.14983399994898], [-90.04931199977885, 35.14976600001074], [-90.04856799978917, 35.14956199985509], [-90.04832099991695, 35.14949500009208], [-90.0482399997261, 35.14969300021905], [-90.0479989997017, 35.15029000035655], [-90.04791900023406, 35.150488999673925], [-90.0473640003903, 35.15033899975383], [-90.04687399994552, 35.150207000036076], [-90.04570099961045, 35.14989200026185], [-90.04554499997484, 35.14984999971016], [-90.04514699959158, 35.149742999640736], [-90.04522600013262, 35.14954199989874], [-90.04546399978399, 35.1489389998973], [-90.04554400014993, 35.148739000050185], [-90.04531900001903, 35.14868299974049], [-90.04464600017447, 35.14851799982372], [-90.04442199986849, 35.148462999777145], [-90.04379900025265, 35.14830599981358], [-90.04363900041908, 35.148265000329964], [-90.04401699981254, 35.1472540000609], [-90.04393999981963, 35.14723499996758], [-90.0438670000247, 35.147215000173865], [-90.04174999968343, 35.14663500034423], [-90.04176999977491, 35.146561999947394], [-90.04178999986641, 35.14642599968758], [-90.04188399957772, 35.1457959997642], [-90.0419160002631, 35.145586999891144], [-90.04154100034437, 35.14548599986555], [-90.04041700041311, 35.14518599966866], [-90.04015999959684, 35.145116999797494], [-90.04004300031929, 35.14508600033666], [-90.04012399961184, 35.14486699992339], [-90.04021400002351, 35.14462599977028], [-90.04035399976561, 35.14420700035639], [-90.0403899997506, 35.14410099994715], [-90.04127299965745, 35.14432999973656], [-90.04154700019215, 35.144400000005476], [-90.0416059997434, 35.14441499963555], [-90.04182900022447, 35.14447199967368], [-90.04201900019527, 35.14449200014147], [-90.04242400025122, 35.14462599977028], [-90.04329799993721, 35.144909999833025], [-90.0434949995807, 35.14497500025116], [-90.04373599960513, 35.1450390001601], [-90.04364400044194, 35.144802000153504], [-90.04357300029682, 35.144617000015934], [-90.04352600044118, 35.144440999967166], [-90.04350399980154, 35.1442080000893], [-90.0435079999995, 35.14406299975293], [-90.04350999964932, 35.144028000215656], [-90.04355300020535, 35.143814999789676], [-90.04359400021322, 35.14369099989194], [-90.04361000010675, 35.143653999980636], [-90.04368200007677, 35.143503000207936], [-90.04369399977234, 35.14336699997833], [-90.04372899993244, 35.143300000256964], [-90.04390600038276, 35.14309600005309], [-90.04369700014539, 35.1430509996908], [-90.04363100002315, 35.143038000038594], [-90.04314599960125, 35.1429060002315], [-90.04289700007924, 35.142816999756626], [-90.0427670003829, 35.14276200026461], [-90.04246799973383, 35.142635999992734], [-90.0423670003498, 35.142583999637154], [-90.04231700012109, 35.14255800018143], [-90.04216700033328, 35.14248199980371], [-90.04211799992947, 35.14245700006987], [-90.04196700031672, 35.14239400008957], [-90.04153899979624, 35.14221600012646], [-90.04136300006915, 35.14215999973571], [-90.04117899994613, 35.142113999831864], [-90.04112399969453, 35.14210100003], [-90.04097599955652, 35.14204800030769], [-90.0384590000805, 35.141349999927435], [-90.0380439999788, 35.141241999931694], [-90.03762300002931, 35.14112999997514], [-90.03750599985345, 35.14109899973039], [-90.03660899970292, 35.14084999977693], [-90.03635900035597, 35.14080099980855], [-90.03593199966039, 35.140718999870316], [-90.03586700026136, 35.14071100019441], [-90.03571499992542, 35.1406950001057], [-90.03567300009263, 35.1406950001057], [-90.03560799979529, 35.14069599988179], [-90.03557600000823, 35.14090000022406], [-90.03548300012181, 35.141510999886414], [-90.03545200015968, 35.14171600015344], [-90.03542000037262, 35.14191400010752], [-90.03532400011315, 35.14250899977206], [-90.03529300015103, 35.14270799975221], [-90.0351650001045, 35.14268900006672], [-90.03504299990577, 35.14272700016783], [-90.03497400030881, 35.142718000203494], [-90.0348760003995, 35.14270799975221], [-90.03380699982151, 35.14260800031391], [-90.03360599998005, 35.14258299988426], [-90.03345600019222, 35.14256499992269], [-90.03318300038076, 35.14255800018143], [-90.03294200035633, 35.14256700016346], [-90.03271399985239, 35.14258800011769], [-90.03231600036744, 35.14262600026597], [-90.03202599993922, 35.142641999975105], [-90.0314340002855, 35.14263099976224], [-90.03130799988881, 35.142636999744994], [-90.03092600029738, 35.142656999929166], [-90.03084000008367, 35.14266899989038], [-90.03056100042441, 35.14271599996639], [-90.03050899964757, 35.142725999682156], [-90.03033200009554, 35.14276500025121], [-90.03019800020124, 35.14279200012568], [-90.02990000027542, 35.14283600014679], [-90.02959200030385, 35.14285499979794], [-90.02951399958772, 35.14285300029883], [-90.02945900023445, 35.14285199981465], [-90.02931500029442, 35.142848000081614], [-90.02917999967688, 35.14283999988042], [-90.0286809999096, 35.142792999876015], [-90.02761200022992, 35.142701999774715], [-90.02750299955166, 35.142691000304474], [-90.0269410000352, 35.142624000026665], [-90.02657600016221, 35.14258800011769], [-90.02520000033586, 35.142454999826406], [-90.02409899997082, 35.14234600007181], [-90.02328999968383, 35.142270999987424], [-90.02327700016335, 35.142270000230674], [-90.02307399977376, 35.14225099970839], [-90.02291099956713, 35.1422359996795], [-90.02278099987079, 35.142225999903594], [-90.02273599966496, 35.14222299989713], [-90.02258199967916, 35.143269000104084], [-90.0224079996019, 35.143251000294235], [-90.02165399956648, 35.14317499982899], [-90.02159699966508, 35.143648999812676], [-90.02100400018645, 35.143614999837546], [-90.02097599969906, 35.143825999842534], [-90.02096800020144, 35.143959000097276], [-90.02096400000347, 35.144039999974744], [-90.02095899998062, 35.14414599972886], [-90.02097400004924, 35.14443700031221], [-90.02098300027006, 35.144597000313375], [-90.02093399986626, 35.14523900028577], [-90.02090799992699, 35.145410999736356], [-90.02036700032691, 35.14539400011861], [-90.02030200002959, 35.14590099972284], [-90.02023099988448, 35.14591099978179], [-90.0201470002189, 35.146427999833456], [-90.01998200036245, 35.14641299983988], [-90.01962199961402, 35.148374999919085], [-90.01963400020789, 35.148450000254826], [-90.01956899991058, 35.14844399996609], [-90.01954200014639, 35.14866699974984], [-90.02040699961157, 35.14875599970376], [-90.02039599974093, 35.14883200009897], [-90.02036399995386, 35.14905300020717], [-90.0203029998545, 35.14949300002152], [-90.02027699991523, 35.149673000294854], [-90.02023400025752, 35.14997900028641], [-90.01989399960058, 35.14994200029578], [-90.01973100029228, 35.149923999758265], [-90.01970600017792, 35.150692999709094], [-90.01952700007779, 35.15067500007222], [-90.01942400014562, 35.15142699970967], [-90.0196700001929, 35.151446999937214], [-90.0200140001495, 35.15147599989123], [-90.0199999999058, 35.151570999769405], [-90.01996100044605, 35.151858000219946], [-90.01995200022522, 35.1519250002408], [-90.01994800002727, 35.15195400002446], [-90.01991899971495, 35.15214699966352], [-90.01983500004934, 35.15272499987805], [-90.01980699956195, 35.15291900025216], [-90.01942599979543, 35.152882999755796], [-90.01921699955807, 35.15286400024233], [-90.01915100033415, 35.15341899970482], [-90.0190359998081, 35.15340800021413], [-90.01894299992169, 35.154079000212036], [-90.01963900023078, 35.1541450002621], [-90.0196209997891, 35.15424999973056], [-90.01960099969763, 35.15436199999357], [-90.01957300010854, 35.15455000029826], [-90.01949100009277, 35.15511700034043], [-90.0194650001535, 35.155305999966], [-90.01980099971416, 35.155333999682746], [-90.02052700016048, 35.15539500000289], [-90.02067799977323, 35.15540799988462], [-90.02080900019278, 35.15541800024417], [-90.02086199989623, 35.15542299968906], [-90.02091299994987, 35.155427000272944], [-90.02098800029295, 35.15543199971729], [-90.02101199968406, 35.155433999641794], [-90.02114599957837, 35.155445000327525], [-90.02116599966985, 35.15544599992243], [-90.02113800008075, 35.15562699983946], [-90.02108000035444, 35.156015999828334], [-90.02106100008787, 35.15611500009684], [-90.02117599971558, 35.15622300018565], [-90.02159199964221, 35.156614000158], [-90.02180500007753, 35.156740999665764], [-90.02282000022886, 35.156827999711524], [-90.02282299970359, 35.15677800023687], [-90.02299599995595, 35.15679000031925], [-90.02299000010818, 35.15684199967642], [-90.02324899967593, 35.15687000033344], [-90.02330999977531, 35.15645999997993], [-90.02351099961676, 35.15648499981885], [-90.02361000024928, 35.15649300014757], [-90.02451599972233, 35.15656700002963], [-90.02481799984612, 35.156591999835605], [-90.02482799989188, 35.1565120002825], [-90.02486200022705, 35.15627199968221], [-90.02487399992263, 35.15619300013455], [-90.02502999955823, 35.15620500030322], [-90.02528499982637, 35.15622699999574], [-90.02651800043589, 35.15633699983818], [-90.02693000016453, 35.15636499993461], [-90.02684899997367, 35.15695900012827], [-90.0268449997757, 35.157071000334135], [-90.0268449997757, 35.15713000020349], [-90.02707099973154, 35.15711699986252], [-90.02825999996013, 35.15707800029594], [-90.0283989998773, 35.15707300021835], [-90.02841399994591, 35.156912999776075], [-90.02844099971009, 35.15669100013769], [-90.02900300012487, 35.156745999763814], [-90.02904199958462, 35.156514000180515], [-90.0309749998029, 35.15669199971728], [-90.03094499966565, 35.15695700024124], [-90.03094399984074, 35.157006000030165], [-90.03162900027918, 35.156976999843884], [-90.03180900020423, 35.156969999873326], [-90.03197499988558, 35.15696400021286], [-90.03208899968841, 35.15696600009977], [-90.03243000017025, 35.15697199976008], [-90.03254499979799, 35.15697499995724], [-90.0326870000882, 35.156976999843884], [-90.03311300006057, 35.15698399981379], [-90.03325600017568, 35.15698700001056], [-90.03354300023086, 35.156976999843884], [-90.03374499989724, 35.15697100018394], [-90.03439099997762, 35.15683299980417], [-90.03467300000992, 35.15677399971943], [-90.034820000323, 35.156740000086835], [-90.03526100036397, 35.15664200015904], [-90.03540899960365, 35.156610000366896], [-90.03550099966517, 35.15658600014727], [-90.03577799967461, 35.15651699966016], [-90.03587099956101, 35.15649399972959], [-90.03605999970691, 35.15650000015911], [-90.0363409999143, 35.15650999965003], [-90.03683999968158, 35.15655499991436], [-90.03708900010193, 35.15658400025109], [-90.03732500010348, 35.15661499973848], [-90.03749900018074, 35.15664999973787], [-90.03771000006795, 35.156694000345276], [-90.03839799998113, 35.15682700013361], [-90.03978899987608, 35.157106999711765], [-90.03973399962449, 35.157208000002484], [-90.03959600043055, 35.15746800026112], [-90.03916999955989, 35.157360999927626], [-90.0391150002066, 35.15766900025314], [-90.03902999981781, 35.15808199981083], [-90.03900899990141, 35.15818700007365], [-90.03898399978705, 35.15835200021276], [-90.03892699988565, 35.158662000303536], [-90.03890400031942, 35.15870700011191], [-90.0388619995883, 35.15876399968658], [-90.03861999973897, 35.159097000346044], [-90.03915000036672, 35.15900900023814], [-90.03926699964425, 35.15899900032003], [-90.03920300007015, 35.15916600011376], [-90.03940200026179, 35.15921999998685], [-90.04000099958819, 35.159382999672154], [-90.04020099960472, 35.159437999681494], [-90.04032399962837, 35.15947100010991], [-90.04069400042255, 35.15957199966878], [-90.0408180002711, 35.15960600032098], [-90.04094299994458, 35.15963899994686], [-90.04132000041143, 35.159738000212855], [-90.04144599990981, 35.15977099978512], [-90.04156899993346, 35.15980400007843], [-90.04193899982931, 35.15990600023274], [-90.04206299967787, 35.159940000010955], [-90.04218800024967, 35.15997399977497], [-90.0425630001684, 35.16007699998847], [-90.04268899966677, 35.1601119999672], [-90.0429380000871, 35.160176999992586], [-90.04368799992457, 35.16037499982894], [-90.04393800016982, 35.1604409999121], [-90.04401699981254, 35.16024099969568], [-90.04425799983696, 35.159643999866724], [-90.0443380002029, 35.15944500017407], [-90.04446100022655, 35.15947799986525], [-90.0448310001224, 35.15957999969392], [-90.04495499997097, 35.15961499988644], [-90.04487399978011, 35.15981599971443], [-90.0447390000609, 35.16015600017085], [-90.04462199988502, 35.160333999817084], [-90.04460000014372, 35.16039999993351], [-90.04453400002147, 35.16060700015161], [-90.044662000068, 35.16064099963681], [-90.04504600020755, 35.16074399974014], [-90.04517400025406, 35.16077900016624], [-90.04643399972947, 35.161119000269444], [-90.0469500001135, 35.16126100028493], [-90.04769599975297, 35.161447999813326], [-90.04745599955349, 35.16204200034522], [-90.04688399999125, 35.16347400023353], [-90.04748900006375, 35.16364199988084], [-90.04765100044547, 35.163696999947916], [-90.04774400033187, 35.16371299992038], [-90.04839000041225, 35.163889000144074], [-90.04906599973154, 35.163750000257735], [-90.0492950000604, 35.16381999997657], [-90.04930500010613, 35.163624000171296], [-90.0493589996345, 35.162618000278925], [-90.04956399967392, 35.16171999982875], [-90.0500480002709, 35.1604180003566], [-90.05086300040568, 35.159588999996686], [-90.05247500023357, 35.15831099991568], [-90.05322800044408, 35.157693999720514], [-90.05463299968442, 35.15384200009178], [-90.05482199983031, 35.153325000136284], [-90.05483400042418, 35.1532860002209], [-90.05484100009689, 35.153265999710904], [-90.05487399970885, 35.153169000362574], [-90.05488799995254, 35.15313099999574]]], [[[-90.02764999986476, 35.142252000199896], [-90.0277589996447, 35.141359999811016], [-90.02750500009981, 35.14134600012064], [-90.02701600037825, 35.14129599994748], [-90.02675299971422, 35.14123500007667], [-90.0267319997978, 35.14123100026417], [-90.02666200037594, 35.141221000364794], [-90.02661700017009, 35.14192399992176], [-90.02715500029544, 35.14196900017254], [-90.02712099996025, 35.1422299996672], [-90.02764999986476, 35.142252000199896]]], [[[-90.0431759997385, 35.1452190000015], [-90.04318199958627, 35.14516199975202], [-90.04316800024087, 35.14512900013058], [-90.04310999961625, 35.145092999860516], [-90.04287600016283, 35.14501699964615], [-90.04235200028118, 35.144845999822586], [-90.04187299970708, 35.14471600019748], [-90.04185799963847, 35.144711999821475], [-90.04152799992558, 35.14466899980724], [-90.0415299995754, 35.14479299968406], [-90.04153200012354, 35.14486999983241], [-90.04153999962114, 35.14502300018757], [-90.04151299985696, 35.145115000353904], [-90.04149399959039, 35.14515899985378], [-90.04146400035148, 35.145235999655796], [-90.04146500017639, 35.14527799965067], [-90.04147500022214, 35.14530700033406], [-90.04150500035935, 35.14533799971071], [-90.04157499978126, 35.14536399974747], [-90.0417339997899, 35.14540299978704], [-90.0422190002118, 35.14552499984665], [-90.04264299963602, 35.14564000024712], [-90.04289399970618, 35.14570899967488], [-90.04294700030795, 35.14570399963318], [-90.0429859997677, 35.14567400011087], [-90.04301300043018, 35.14560799980069], [-90.04315099962412, 35.14527600021109], [-90.0431759997385, 35.1452190000015]]]]}}, {"type": "Feature", "properties": {"ZCTA5": "38104", "GEOID": "38104"}, "geometry": {"type": "Polygon", "coordinates": [[[-90.03307000040284, 35.12629799987947], [-90.03306600020488, 35.1265170002864], [-90.0327439999896, 35.12652100008705], [-90.03273099957082, 35.12693499970013], [-90.0323199996671, 35.126929999974685], [-90.03225899956772, 35.1290220000952], [-90.03076800011365, 35.12897799995477], [-90.03074299999928, 35.12984600007025], [-90.0325659997144, 35.13142799993318], [-90.03107100006234, 35.13183399976621], [-90.03089399961202, 35.13826399980925], [-90.02983800035115, 35.13815200016301], [-90.029687999665, 35.139169999665185], [-90.02832400043253, 35.13902400010721], [-90.0277589996447, 35.141359999811016], [-90.02666200037594, 35.141221000364794], [-90.02661700017009, 35.14192399992176], [-90.02715500029544, 35.14196900017254], [-90.02712099996025, 35.1422299996672], [-90.02764999986476, 35.142252000199896], [-90.02761200022992, 35.142701999774715], [-90.02273599966496, 35.14222299989713], [-90.02258199967916, 35.143269000104084], [-90.02165399956648, 35.14317499982899], [-90.02159699966508, 35.143648999812676], [-90.02100400018645, 35.143614999837546], [-90.02090799992699, 35.145410999736356], [-90.02036700032691, 35.14539400011861], [-90.0201470002189, 35.146427999833456], [-90.01998200036245, 35.14641299983988], [-90.01956899991058, 35.14844399996609], [-90.01954200014639, 35.14866699974984], [-90.02040699961157, 35.14875599970376], [-90.02023400025752, 35.14997900028641], [-90.01973100029228, 35.149923999758265], [-90.01970600017792, 35.150692999709094], [-90.01952700007779, 35.15067500007222], [-90.01942400014562, 35.15142699970967], [-90.0200140001495, 35.15147599989123], [-90.01980699956195, 35.15291900025216], [-90.01921699955807, 35.15286400024233], [-90.01915100033415, 35.15341899970482], [-90.0190359998081, 35.15340800021413], [-90.01894299992169, 35.154079000212036], [-90.01963900023078, 35.1541450002621], [-90.01934899980255, 35.15610400023617], [-90.01545300012711, 35.15577900020947], [-90.01553199976982, 35.15523400033529], [-90.0149309998953, 35.155176000158], [-90.01476100001598, 35.15571499993368], [-90.00870799981631, 35.155163999837555], [-90.00893399977211, 35.15359300019802], [-90.01113999980186, 35.15330900032391], [-90.01253200042002, 35.1535999997246], [-90.01266999961396, 35.152781000343985], [-90.01165399963774, 35.152890000078], [-90.01168299995007, 35.15241099993545], [-90.01112599955815, 35.15236400031693], [-90.0120589996937, 35.14588700007895], [-90.01189800003522, 35.14585600017692], [-90.01194499989089, 35.1456580002632], [-90.01209100037906, 35.14566999978196], [-90.01236300036562, 35.14400999983909], [-90.01178599988224, 35.14393900023302], [-90.01183299973788, 35.14360500023106], [-90.00063199988499, 35.14266999964223], [-90.00052599957979, 35.14338199979873], [-90.00019099984402, 35.143486000191665], [-90.00013300011771, 35.143859999729514], [-89.99935200031811, 35.143780000145696], [-89.99946100009805, 35.14302300015475], [-89.99888000031501, 35.14295199968775], [-89.99894399988912, 35.14253199998288], [-89.99766000012428, 35.14244100032436], [-89.99701800024188, 35.14788700024785], [-89.99577799995966, 35.147758999717205], [-89.99637299998639, 35.1428199997412], [-89.99616499957394, 35.142502000025985], [-89.99559499966155, 35.14335500011997], [-89.9953739997286, 35.14539799972653], [-89.99390699966567, 35.14675999986541], [-89.99302299993391, 35.14592700031429], [-89.99240000031809, 35.1447899997722], [-89.99182200000975, 35.14320200030203], [-89.99158799965804, 35.141886999941796], [-89.98485300029128, 35.14120799968572], [-89.97960099998267, 35.13928600002292], [-89.97987299996923, 35.13598600009029], [-89.98316399957218, 35.13604599965346], [-89.98361999968174, 35.13397699968294], [-89.9837560001242, 35.129369000052456], [-89.98396199998851, 35.129290000103246], [-89.98415000030948, 35.12836900012789], [-89.9842630002874, 35.12593100018213], [-89.98048300006461, 35.12581899973492], [-89.98033099972864, 35.12658299991112], [-89.97962000024924, 35.12657900011345], [-89.97968899984622, 35.12579899982255], [-89.97896999997091, 35.12578199978295], [-89.97899300043544, 35.12685800022068], [-89.98027300000231, 35.126875999981465], [-89.9801659998722, 35.12742200014122], [-89.97657800016833, 35.12891900024682], [-89.97607699985292, 35.12760199999713], [-89.97159299982343, 35.127534999791116], [-89.97141299989838, 35.128018999787976], [-89.97119100014051, 35.1332569998722], [-89.97131300033925, 35.13381399979559], [-89.97011400006492, 35.1343499997118], [-89.97079299975725, 35.1292190001486], [-89.9714780001957, 35.127265000003334], [-89.97759400014456, 35.1187149998177], [-89.97903799974296, 35.117060000240514], [-89.98034999999521, 35.115873000351016], [-89.9934100004465, 35.11618399992081], [-89.9933950003779, 35.11658499970021], [-89.99392299955919, 35.11662000001242], [-89.99391500006159, 35.11695000022258], [-89.99444999981388, 35.11696399969868], [-89.99447800030129, 35.11620700021987], [-89.99553899958504, 35.116231999930555], [-89.99550400032325, 35.11740400027335], [-89.99865600000902, 35.11749399993115], [-89.99835399988524, 35.124118999935696], [-90.01197099983015, 35.12344799981779], [-90.01223799979384, 35.12318099968004], [-90.01564700029589, 35.121979999988305], [-90.01512400023914, 35.12159699977036], [-90.01488499986455, 35.120980999732716], [-90.01495500018474, 35.12015200030198], [-90.01596799978793, 35.11850099998548], [-90.0159090002367, 35.11811700025749], [-90.01544800010423, 35.117525999671244], [-90.01679299996843, 35.117385999888995], [-90.01703800019084, 35.11714299982177], [-90.01907400034125, 35.11964499978992], [-90.0213659996864, 35.12154799997131], [-90.02131100033313, 35.122905000186215], [-90.02669099978993, 35.12427700023795], [-90.03238800033745, 35.12452400023126], [-90.0323489999794, 35.125951000062074], [-90.03307200005267, 35.12596500019556], [-90.03307000040284, 35.12629799987947]]]}}, {"type": "Feature", "properties": {"ZCTA5": "38106", "GEOID": "38106"}, "geometry": {"type": "Polygon", "coordinates": [[[-90.08557700037515, 35.12162400005197], [-90.07637599978936, 35.128027999907935], [-90.0729799997061, 35.125289000029966], [-90.07250199985523, 35.12504999989841], [-90.07140200021341, 35.124918000315155], [-90.06709499973593, 35.12480999982911], [-90.0670150002683, 35.126423999722576], [-90.06487399963758, 35.12699699994369], [-90.0548439995716, 35.12677800009281], [-90.05486100018835, 35.126200999984135], [-90.05408399968843, 35.12618000021124], [-90.05408899971128, 35.12554400032542], [-90.05387899964902, 35.12552800019495], [-90.05386699995344, 35.12499000031476], [-90.05388600022002, 35.12454599967078], [-90.05491700026488, 35.124573999683626], [-90.05508399977113, 35.119834000223605], [-90.05236999975327, 35.11977099963788], [-90.05236200025566, 35.119324999859785], [-90.05169899955854, 35.11926499973296], [-90.05181200043475, 35.11646399970166], [-90.05149199986931, 35.1164590000683], [-90.05146699975495, 35.115964999655084], [-90.05123400012644, 35.11595999999111], [-90.05121499985987, 35.11646399970166], [-90.04813000012125, 35.116366999852396], [-90.04814500018986, 35.11613499980508], [-90.04792799955659, 35.11611699987518], [-90.04789800031766, 35.11588700001219], [-90.04707200031224, 35.115870000108394], [-90.04721500042737, 35.116337999882575], [-90.04647100043769, 35.11627999991208], [-90.04646700023973, 35.11642300034762], [-90.04354300015962, 35.11637000007671], [-90.0434860002582, 35.11612900007382], [-90.04328299986862, 35.116149000156064], [-90.04326699997507, 35.1167419998495], [-90.04096499968587, 35.11669300006941], [-90.04098300012754, 35.116047000273134], [-90.04037800005504, 35.11603199982572], [-90.04037100038236, 35.11618299984375], [-90.03787599974932, 35.116131000229245], [-90.03782600041892, 35.1159499999274], [-90.03726200035429, 35.1159589999113], [-90.03732199973044, 35.11617199973023], [-90.03718899966104, 35.11618299984375], [-90.03296400009764, 35.116108999986665], [-90.03294599965596, 35.11665100002448], [-90.03194100044871, 35.11663599968828], [-90.03188299982408, 35.11736500004786], [-90.03134899989671, 35.11735199996857], [-90.03134800007179, 35.118227000169334], [-90.03184299964111, 35.11826499993073], [-90.03183000012062, 35.118525999727055], [-90.0328839997317, 35.11854399985953], [-90.03285799979243, 35.11932799997521], [-90.03257199956217, 35.11932099970574], [-90.03238800033745, 35.12452400023126], [-90.02669099978993, 35.12427700023795], [-90.02131100033313, 35.122905000186215], [-90.0213659996864, 35.12154799997131], [-90.01907400034125, 35.11964499978992], [-90.01703800019084, 35.11714299982177], [-90.01679299996843, 35.117385999888995], [-90.01544800010423, 35.117525999671244], [-90.01379100007051, 35.11694800008725], [-90.01161400035309, 35.11652399968696], [-90.011543000208, 35.11635100012373], [-90.01046899960711, 35.11629699973037], [-90.01036300020021, 35.11586300027663], [-90.00692100008622, 35.11579800013064], [-90.00691400041353, 35.11619299987886], [-90.00483200023235, 35.11612300034211], [-90.00509099980013, 35.10895499968938], [-90.00481299996578, 35.10894400006985], [-90.00483200023235, 35.10843799979825], [-90.00428800025924, 35.10835600034147], [-90.00437500029786, 35.10612800012381], [-90.00421700011411, 35.10611099965384], [-90.00421100026634, 35.10571099997896], [-90.0035330003989, 35.105602000280214], [-90.00370099973007, 35.10451299990537], [-90.00615799982998, 35.10591000022612], [-90.00638799998376, 35.100228000198165], [-90.00554500025989, 35.10019500000667], [-90.00558299989471, 35.09854800000343], [-90.0034060001773, 35.09992999992198], [-90.00403600036415, 35.0991580003455], [-90.00427099964249, 35.09845499985155], [-90.0045119996669, 35.09261300021279], [-90.00440100023714, 35.092056999735284], [-90.01024799967418, 35.09215599986108], [-90.01073399992099, 35.08129100005642], [-90.01008799984061, 35.081243999824515], [-90.00927500025396, 35.07893199974042], [-90.00981000000627, 35.07873500014865], [-90.01085000027194, 35.07873500014865], [-90.01088700008185, 35.07789600003085], [-90.0085399995868, 35.07782199996832], [-90.0083279998747, 35.07723999966018], [-90.008321000202, 35.073762999731414], [-90.00405200025767, 35.07419599997029], [-89.99932399983071, 35.0750420003015], [-89.99932200018088, 35.07476999966569], [-90.0166919996861, 35.071640999717246], [-90.01920999988536, 35.07130300001863], [-90.02117200041594, 35.071325999746705], [-90.02316900020831, 35.06324700005682], [-90.0255409999194, 35.06519399997365], [-90.02702999972364, 35.06722400018056], [-90.02765599971255, 35.06860999974071], [-90.02797100025514, 35.06993499970851], [-90.02812699989073, 35.07159600032104], [-90.02803700037737, 35.0727000002542], [-90.04001400000699, 35.07533200014836], [-90.04824899994695, 35.07762499990186], [-90.05243699970043, 35.078120999977635], [-90.05300099976505, 35.08141400034741], [-90.05287400044173, 35.08127500005872], [-90.05145699970922, 35.08297099999398], [-90.04969400026857, 35.083035000105575], [-90.04697199985479, 35.08372599992789], [-90.04460099996862, 35.08333299964252], [-90.04458599990002, 35.083486999923835], [-90.04686700027281, 35.08385399965136], [-90.0520690003527, 35.083970999860334], [-90.05174700013744, 35.084653999804544], [-90.04847599972766, 35.08923299973664], [-90.04591200039597, 35.09157900007263], [-90.0520819998732, 35.09159700027676], [-90.0519909996366, 35.09511600025157], [-90.0529899998944, 35.09525499973822], [-90.05503500026563, 35.0961139997692], [-90.05863200019033, 35.09621800025484], [-90.06278599960862, 35.09519500026384], [-90.06272600023249, 35.09756799976561], [-90.06152799978307, 35.09885199972029], [-90.06051500017988, 35.10031899998895], [-90.05778600009342, 35.10764499981785], [-90.0675070003629, 35.107850000093556], [-90.06750900001272, 35.10860499970945], [-90.06829800020823, 35.10872299984968], [-90.06830900007888, 35.109985000043], [-90.06910199957404, 35.110006000316446], [-90.06910199957404, 35.11056100022858], [-90.07474700024304, 35.11069999983583], [-90.07515200029898, 35.11070099998018], [-90.0756600002871, 35.10803600016646], [-90.08359899995106, 35.10811399997584], [-90.084080000175, 35.11131699985109], [-90.08556300013146, 35.11639100017431], [-90.08648000037348, 35.11910099974865], [-90.08742799967933, 35.12094799986165], [-90.08557700037515, 35.12162400005197]]]}}, {"type": "Feature", "properties": {"ZCTA5": "38114", "GEOID": "38114"}, "geometry": {"type": "Polygon", "coordinates": [[[-90.01587900009946, 35.118775000349565], [-90.01495500018474, 35.12015200030198], [-90.01488499986455, 35.120980999732716], [-90.01512400023914, 35.12159699977036], [-90.01564700029589, 35.121979999988305], [-90.01223799979384, 35.12318099968004], [-90.01197099983015, 35.12344799981779], [-89.99835399988524, 35.124118999935696], [-89.99865600000902, 35.11749399993115], [-89.99550400032325, 35.11740400027335], [-89.99553899958504, 35.116231999930555], [-89.99447800030129, 35.11620700021987], [-89.99444999981388, 35.11696399969868], [-89.99391500006159, 35.11695000022258], [-89.99392299955919, 35.11662000001242], [-89.9933950003779, 35.11658499970021], [-89.9934100004465, 35.11618399992081], [-89.96909800008868, 35.115600999947894], [-89.96922799978502, 35.111803000208916], [-89.96547100002677, 35.11160800018671], [-89.96548100007251, 35.11081000020813], [-89.96599300025859, 35.11082100031068], [-89.96599599973331, 35.11002800000224], [-89.96630000040525, 35.110044000237686], [-89.96628899963628, 35.10830100035487], [-89.96575899990685, 35.10827999964201], [-89.96575499970889, 35.10794900014964], [-89.96146400002326, 35.10783100035854], [-89.96173000016204, 35.10130100001524], [-89.96108699955639, 35.10041500029616], [-89.9612420002654, 35.09487499987151], [-89.9588200003256, 35.09482800011693], [-89.95853400009533, 35.09545100026149], [-89.95768499962537, 35.09540600003301], [-89.95767200010489, 35.09554900034643], [-89.95733999984387, 35.095546999685915], [-89.95730899988173, 35.096040000063724], [-89.95686299981789, 35.09602799984689], [-89.95688999958207, 35.09489899990773], [-89.95704100009313, 35.094902000187346], [-89.95735200043775, 35.09188700007789], [-89.9571659997666, 35.090666000309845], [-89.9569060003739, 35.090573999644484], [-89.95692300009235, 35.089928000103136], [-89.95730800005681, 35.089928000103136], [-89.95748700015697, 35.08661500017146], [-89.96163300007765, 35.08674499991347], [-89.96236299982361, 35.085990999702034], [-89.9559549997967, 35.080586000351076], [-89.96160700013837, 35.07843399983877], [-89.96424699963808, 35.077782999918284], [-89.97754899993872, 35.07653000036016], [-89.98529400033225, 35.07702300027394], [-89.98547900028015, 35.07617100016512], [-89.98860400020175, 35.07632599982878], [-89.99084100019364, 35.07621000025054], [-89.99932200018088, 35.07476999966569], [-89.99932399983071, 35.0750420003015], [-90.00405200025767, 35.07419599997029], [-90.008321000202, 35.073762999731414], [-90.0083279998747, 35.07723999966018], [-90.0085399995868, 35.07782199996832], [-90.01088700008185, 35.07789600003085], [-90.01085000027194, 35.07873500014865], [-90.00981000000627, 35.07873500014865], [-90.00927500025396, 35.07893199974042], [-90.01008799984061, 35.081243999824515], [-90.01073399992099, 35.08129100005642], [-90.01024799967418, 35.09215599986108], [-90.00440100023714, 35.092056999735284], [-90.0045119996669, 35.09261300021279], [-90.00427099964249, 35.09845499985155], [-90.00403600036415, 35.0991580003455], [-90.0034060001773, 35.09992999992198], [-90.00558299989471, 35.09854800000343], [-90.00554500025989, 35.10019500000667], [-90.00638799998376, 35.100228000198165], [-90.00615799982998, 35.10591000022612], [-90.00370099973007, 35.10451299990537], [-90.0035330003989, 35.105602000280214], [-90.00421100026634, 35.10571099997896], [-90.00421700011411, 35.10611099965384], [-90.00437500029786, 35.10612800012381], [-90.00428800025924, 35.10835600034147], [-90.00483200023235, 35.10843799979825], [-90.00481299996578, 35.10894400006985], [-90.00509099980013, 35.10895499968938], [-90.00483200023235, 35.11612300034211], [-90.00691400041353, 35.11619299987886], [-90.00692100008622, 35.11579800013064], [-90.01036300020021, 35.11586300027663], [-90.01046899960711, 35.11629699973037], [-90.011543000208, 35.11635100012373], [-90.01161400035309, 35.11652399968696], [-90.01379100007051, 35.11694800008725], [-90.01544800010423, 35.117525999671244], [-90.0159090002367, 35.11811700025749], [-90.01587900009946, 35.118775000349565]]]}}, {"type": "Feature", "properties": {"ZCTA5": "38118", "GEOID": "38118"}, "geometry": {"type": "Polygon", "coordinates": [[[-89.97017299961615, 35.02003299995366], [-89.9694930000989, 35.0214940001713], [-89.96967399984885, 35.022318000151266], [-89.9693730004483, 35.02273000033752], [-89.96931999984653, 35.02332300017843], [-89.96865299984975, 35.02504700017154], [-89.9687609998048, 35.028204999997044], [-89.96801400034039, 35.02863399963864], [-89.96811600044764, 35.035685999764745], [-89.96841000017551, 35.03617399979167], [-89.96828999962659, 35.03637799989176], [-89.96705600009048, 35.037068000155124], [-89.9673959998491, 35.03762200031114], [-89.97138100011132, 35.03755700032533], [-89.97146099957895, 35.042850000198484], [-89.9712530000648, 35.043224999948826], [-89.97014400020214, 35.043674999877666], [-89.96989899997975, 35.04501100017698], [-89.9725900004314, 35.04499100029834], [-89.97262399986826, 35.05271800004862], [-89.98193500005894, 35.05197000020399], [-89.9819690003941, 35.0520950000836], [-89.98356600015339, 35.052230000297584], [-89.98670299977054, 35.05340600033784], [-89.98799900012925, 35.05345000009068], [-89.98828500035953, 35.05360500025143], [-89.98892700024194, 35.05409399997843], [-89.98975099969923, 35.05509600018792], [-89.99058099990263, 35.056741000127424], [-89.99064100017708, 35.05817800024676], [-89.99012300014323, 35.05960999989886], [-89.98946500036729, 35.060553000139656], [-89.98924299971111, 35.06043500015052], [-89.98638700030136, 35.06442800013456], [-89.98584800035111, 35.06554600019032], [-89.98570199986293, 35.066933000249946], [-89.98619700033056, 35.07272799969868], [-89.98529400033225, 35.07702300027394], [-89.97754899993872, 35.07653000036016], [-89.96424699963808, 35.077782999918284], [-89.96160700013837, 35.07843399983877], [-89.9559549997967, 35.080586000351076], [-89.9555120001059, 35.080212999719386], [-89.95017699995662, 35.08187199963874], [-89.9477600000397, 35.08213599984038], [-89.94550799997921, 35.081957999787114], [-89.92, 35.07827197358142], [-89.92, 35.02], [-89.97017299961615, 35.02003299995366]]]}}, {"type": "Feature", "properties": {"ZCTA5": "38122", "GEOID": "38122"}, "geometry": {"type": "Polygon", "coordinates": [[[-89.92040399995113, 35.14399099972298], [-89.9517379997309, 35.13921100005748], [-89.95137299985791, 35.14986800026405], [-89.9519429997703, 35.14989900010687], [-89.9518080000511, 35.15460800018735], [-89.95165999991308, 35.154677000090196], [-89.95171799963941, 35.155642999930464], [-89.9511820000622, 35.15563200000599], [-89.95111699976488, 35.158510999736436], [-89.95165300024041, 35.15859600024581], [-89.95164499984448, 35.158937999764554], [-89.9511030004195, 35.15892400016032], [-89.95100799998492, 35.161829000071045], [-89.95149099985869, 35.16254400002619], [-89.95375499961474, 35.16410500009841], [-89.95319899994607, 35.16445999985831], [-89.95333000036561, 35.1645339998365], [-89.9538709999657, 35.164186999971626], [-89.95457399994748, 35.16469100006345], [-89.95642099995202, 35.16736999976693], [-89.95654800017364, 35.16942400027253], [-89.95687500041178, 35.16999100017594], [-89.95178999960943, 35.171551000366605], [-89.95032699974446, 35.1721970003593], [-89.93840899966608, 35.175807999813514], [-89.93434399993625, 35.173109999886826], [-89.93356499978647, 35.17294199997296], [-89.93357499983222, 35.17240799967231], [-89.93231399963359, 35.172389999700044], [-89.93231399963359, 35.171778999870206], [-89.93109299961795, 35.171695000050164], [-89.931060000006, 35.172024000134726], [-89.9304830004209, 35.1720070002031], [-89.93046599980416, 35.17284000001326], [-89.92880899977041, 35.17280799998513], [-89.92881999964106, 35.17246800028524], [-89.92863100039351, 35.17246600004525], [-89.92868599974676, 35.169656999904554], [-89.92823899985802, 35.16965400017511], [-89.9275750002343, 35.170333000245854], [-89.92598000012484, 35.1701469999998], [-89.92617000009564, 35.169601000041325], [-89.92429899980165, 35.169531000158095], [-89.92224299955974, 35.166588000006726], [-89.92172100022624, 35.166567999829724], [-89.92171500037847, 35.167114000325924], [-89.92076399980124, 35.16698800031084], [-89.92077999969476, 35.1666939997612], [-89.92058700024926, 35.166536000270625], [-89.92, 35.16651936849715], [-89.92, 35.14405639984462], [-89.92040399995113, 35.14399099972298]]]}}, {"type": "Feature", "properties": {"ZCTA5": "38103", "GEOID": "38103"}, "geometry": {"type": "Polygon", "coordinates": [[[-90.07598499997711, 35.12830999997867], [-90.07547199996614, 35.128690999641044], [-90.07411500040635, 35.1281439999771], [-90.07392600026046, 35.12833199986499], [-90.07264699962019, 35.130921999710786], [-90.07106499992952, 35.13234500032671], [-90.06925499973492, 35.13445200018439], [-90.06674699958138, 35.13804999991826], [-90.06621000017927, 35.13922400032089], [-90.06586600022268, 35.140530000155074], [-90.06465500025278, 35.14086299977863], [-90.06449100022124, 35.1414169997848], [-90.06439900015974, 35.14181999973671], [-90.06484900042155, 35.14705800000618], [-90.0645160003356, 35.148970000094025], [-90.06538099980078, 35.1513829999262], [-90.06632999982986, 35.1531349999579], [-90.06460800039712, 35.15313099999574], [-90.06392200013379, 35.15467900003333], [-90.0644600002591, 35.160897000358766], [-90.0647260003979, 35.167361999773654], [-90.06441400022835, 35.17895299989537], [-90.06077999959544, 35.18137900031041], [-90.05745499965731, 35.18322199998991], [-90.05754300041917, 35.18298900032126], [-90.05702000036244, 35.18276099995153], [-90.05652800026785, 35.181399999791196], [-90.05598000009677, 35.18119499966302], [-90.05276099956552, 35.1817310002606], [-90.04652300031624, 35.185032000139415], [-90.04570900000635, 35.184984000316696], [-90.04552700043149, 35.1847890001029], [-90.04495699962078, 35.182855000007564], [-90.04439699975413, 35.17725499978241], [-90.04656900034698, 35.1774190000928], [-90.04715099995495, 35.17524499969921], [-90.0471190001679, 35.174055999826535], [-90.04662299987535, 35.17184900002114], [-90.04669099964741, 35.17098999968726], [-90.04859399972844, 35.167342999970074], [-90.04905499986089, 35.16613300008705], [-90.0493589996345, 35.162618000278925], [-90.04956399967392, 35.16171999982875], [-90.0500480002709, 35.1604180003566], [-90.05322800044408, 35.157693999720514], [-90.05489499962525, 35.15310500023708], [-90.05106400024714, 35.153129000014616], [-90.04951900036639, 35.15697199976008], [-90.04888199960853, 35.156790999897616], [-90.04868499996503, 35.15729399997664], [-90.04803899988467, 35.157123000246145], [-90.04843899991775, 35.15613100009187], [-90.04778899963941, 35.155960000120125], [-90.04858899970559, 35.15397500013579], [-90.04799100020409, 35.153813999861555], [-90.04956100019918, 35.14983399994898], [-90.04832099991695, 35.14949500009208], [-90.04791900023406, 35.150488999673925], [-90.04514699959158, 35.149742999640736], [-90.04554400014993, 35.148739000050185], [-90.04363900041908, 35.148265000329964], [-90.04401699981254, 35.1472540000609], [-90.04174999968343, 35.14663500034423], [-90.0419160002631, 35.145586999891144], [-90.04004300031929, 35.14508600033666], [-90.0403899997506, 35.14410099994715], [-90.04373599960513, 35.1450390001601], [-90.04350999964932, 35.144028000215656], [-90.04390600038276, 35.14309600005309], [-90.04136300006915, 35.14215999973571], [-90.03571499992542, 35.1406950001057], [-90.03560799979529, 35.14069599988179], [-90.03529300015103, 35.14270799975221], [-90.03318300038076, 35.14255800018143], [-90.02959200030385, 35.14285499979794], [-90.02761200022992, 35.142701999774715], [-90.02780399985055, 35.140991000136225], [-90.02811699984498, 35.140250999878305], [-90.02832400043253, 35.13902400010721], [-90.029687999665, 35.139169999665185], [-90.02983800035115, 35.13815200016301], [-90.03089399961202, 35.13826399980925], [-90.03100699958995, 35.13519700021472], [-90.03330200020645, 35.135572000209564], [-90.03324399958181, 35.13747000015892], [-90.03517799962499, 35.13762000029014], [-90.03585600039074, 35.13718299965661], [-90.0349809999815, 35.13635300002008], [-90.0348909995698, 35.13579000008264], [-90.04000599961105, 35.136295000343374], [-90.03997600037214, 35.13734399977631], [-90.04320199967776, 35.1376649999818], [-90.04335900003659, 35.13657400022061], [-90.0445280001737, 35.1366890000444], [-90.04449800003646, 35.13743300035829], [-90.04594800038096, 35.137617000113934], [-90.0462179998194, 35.13688400026876], [-90.05009599995147, 35.13728200006451], [-90.0519349995601, 35.13706100031661], [-90.05306400041256, 35.13752900028266], [-90.05433899995654, 35.13588999981567], [-90.05499500008266, 35.13467400025265], [-90.05507500044861, 35.13387099991048], [-90.05462000016395, 35.132739000041575], [-90.05650599962821, 35.13277099966994], [-90.05654599981119, 35.13159000030109], [-90.0571590002796, 35.13159900002639], [-90.0571519997086, 35.13220000016429], [-90.05833000006655, 35.132104999715246], [-90.05836799970137, 35.130431000020266], [-90.05906300018555, 35.130445000118264], [-90.05907700042926, 35.129307000145296], [-90.05660600008565, 35.129213999828714], [-90.05663500039797, 35.12811000013866], [-90.057757999606, 35.12814100018642], [-90.05763499958236, 35.12759499970405], [-90.05705799999727, 35.12704600013833], [-90.05707499971571, 35.126802000286354], [-90.06487399963758, 35.12699699994369], [-90.0670150002683, 35.126423999722576], [-90.06709499973593, 35.12480999982911], [-90.07177600030722, 35.12494600020013], [-90.07250199985523, 35.12504999989841], [-90.07317499969979, 35.12543100011729], [-90.07637599978936, 35.128027999907935], [-90.07598499997711, 35.12830999997867]], [[-90.04316800024087, 35.14512900013058], [-90.04152799992558, 35.14466899980724], [-90.04146500017639, 35.14527799965067], [-90.04289399970618, 35.14570899967488], [-90.04316800024087, 35.14512900013058]]]}}, {"type": "Feature", "properties": {"ZCTA5": "38111", "GEOID": "38111"}, "geometry": {"type": "Polygon", "coordinates": [[[-89.92077100037226, 35.07855600022274], [-89.92077399984697, 35.078384000014324], [-89.94717400023377, 35.082126999797474], [-89.95017699995662, 35.08187199963874], [-89.9555120001059, 35.080212999719386], [-89.96236299982361, 35.085990999702034], [-89.96163300007765, 35.08674499991347], [-89.95748700015697, 35.08661500017146], [-89.95730800005681, 35.089928000103136], [-89.95692300009235, 35.089928000103136], [-89.9569060003739, 35.090573999644484], [-89.9571659997666, 35.090666000309845], [-89.95735200043775, 35.09188700007789], [-89.95704100009313, 35.094902000187346], [-89.95688999958207, 35.09489899990773], [-89.95686299981789, 35.09602799984689], [-89.95730899988173, 35.096040000063724], [-89.95733999984387, 35.095546999685915], [-89.95767200010489, 35.09554900034643], [-89.95768499962537, 35.09540600003301], [-89.95853400009533, 35.09545100026149], [-89.9588200003256, 35.09482800011693], [-89.9612420002654, 35.09487499987151], [-89.96108699955639, 35.10041500029616], [-89.96173000016204, 35.10130100001524], [-89.96146400002326, 35.10783100035854], [-89.96575499970889, 35.10794900014964], [-89.96575899990685, 35.10827999964201], [-89.96628899963628, 35.10830100035487], [-89.96630000040525, 35.110044000237686], [-89.96599599973331, 35.11002800000224], [-89.96599300025859, 35.11082100031068], [-89.96548100007251, 35.11081000020813], [-89.96547100002677, 35.11160800018671], [-89.96922799978502, 35.111803000208916], [-89.96909800008868, 35.115600999947894], [-89.98034999999521, 35.115873000351016], [-89.97903799974296, 35.117060000240514], [-89.97759400014456, 35.1187149998177], [-89.9714780001957, 35.127265000003334], [-89.97104600037557, 35.128221999639386], [-89.97073099983298, 35.12954299980044], [-89.97005499961537, 35.13481699998602], [-89.96435700014125, 35.13700999989403], [-89.96259200015247, 35.13751199975334], [-89.92821299991876, 35.142803000316846], [-89.92821000044401, 35.142611000306196], [-89.93050799963694, 35.14226199997267], [-89.93056399971344, 35.141748999689476], [-89.92824700025395, 35.14161499973161], [-89.92861999962453, 35.13157300000097], [-89.92701100016968, 35.131534999835914], [-89.92679100006167, 35.1303170000771], [-89.9271740003763, 35.130035000344094], [-89.93022599960463, 35.13010299986883], [-89.92985200040916, 35.128724000048585], [-89.93028400022928, 35.12779699994315], [-89.93043099964406, 35.124673999965744], [-89.92576800041273, 35.12369500012084], [-89.9259700000791, 35.117358999672355], [-89.92681000032822, 35.11737199975059], [-89.92672599976432, 35.115955999671854], [-89.9260040004143, 35.11593700035715], [-89.92622899964685, 35.1073929999016], [-89.92412200024965, 35.10734399964368], [-89.92414900001383, 35.10496400025938], [-89.92262300039967, 35.10495600001084], [-89.9221270001071, 35.10461599974659], [-89.92132200001807, 35.10457999993816], [-89.92111100013088, 35.10442800024522], [-89.92116999968212, 35.10355099985599], [-89.92102499991717, 35.10351200034947], [-89.92103199958983, 35.10278200001809], [-89.92377200044527, 35.102846000016655], [-89.92332999968109, 35.102234999829385], [-89.92338099973472, 35.099923000190955], [-89.92176700025699, 35.099891000152965], [-89.92020599958441, 35.10261099969514], [-89.92, 35.10237571224906], [-89.92, 35.078444407883666], [-89.92077100037226, 35.07855600022274]], [[-89.93997500036153, 35.1164590000683], [-89.9339759996902, 35.1164120002665], [-89.9337709996508, 35.11965099999699], [-89.93771699955495, 35.1198209998035], [-89.93778699987514, 35.12057100007422], [-89.9406070001982, 35.120642000220165], [-89.94076799985667, 35.11647599984919], [-89.93997500036153, 35.1164590000683]]]}}, {"type": "Feature", "properties": {"ZCTA5": "38117", "GEOID": "38117"}, "geometry": {"type": "MultiPolygon", "coordinates": [[[[-89.92010100000242, 35.10246600025338], [-89.92020599958441, 35.10261099969514], [-89.92091899961193, 35.10153299966811], [-89.92176700025699, 35.099891000152965], [-89.92338099973472, 35.099923000190955], [-89.92332999968109, 35.102234999829385], [-89.92377200044527, 35.102846000016655], [-89.92103199958983, 35.10278200001809], [-89.92102499991717, 35.10351200034947], [-89.92116999968212, 35.10355099985599], [-89.92111100013088, 35.10442800024522], [-89.92132200001807, 35.10457999993816], [-89.9221270001071, 35.10461599974659], [-89.92262300039967, 35.10495600001084], [-89.92414900001383, 35.10496400025938], [-89.92412200024965, 35.10734399964368], [-89.92622899964685, 35.1073929999016], [-89.9260040004143, 35.11593700035715], [-89.92672599976432, 35.115955999671854], [-89.92681000032822, 35.11737199975059], [-89.9259700000791, 35.117358999672355], [-89.92576800041273, 35.12369500012084], [-89.93043099964406, 35.124673999965744], [-89.93028400022928, 35.12779699994315], [-89.92985200040916, 35.128724000048585], [-89.93022599960463, 35.13010299986883], [-89.9271740003763, 35.130035000344094], [-89.92679100006167, 35.1303170000771], [-89.92701100016968, 35.131534999835914], [-89.92861999962453, 35.13157300000097], [-89.92824700025395, 35.14161499973161], [-89.93050599998712, 35.14169299971198], [-89.9305749995841, 35.141865999806704], [-89.93050799963694, 35.14226199997267], [-89.92821000044401, 35.142611000306196], [-89.92821299991876, 35.142803000316846], [-89.92, 35.14405639984462], [-89.92, 35.10237571224906], [-89.92010100000242, 35.10246600025338]]], [[[-89.92077399984697, 35.078384000014324], [-89.92077100037226, 35.07855600022274], [-89.92, 35.078444407883666], [-89.92, 35.07827197358142], [-89.92077399984697, 35.078384000014324]]]]}}], "source": "US Census Bureau TIGERweb (PUMA_TAD_TAZ_UGA_ZCTA/MapServer)", "fetched_at": "2026-07-16T06:54:26.842870+00:00"}