{"type": "FeatureCollection", "features": [{"type": "Feature", "properties": {"osm_id": 8828538, "ref": "4", "name": "MATA 4 Walker"}, "geometry": {"type": "MultiLineString", "coordinates": [[[-90.0216884, 35.1094901], [-90.0212931, 35.109477], [-90.0185376, 35.1093855], [-90.0184239, 35.1093817], [-90.0153686, 35.1092965], [-90.0148732, 35.1092646]], [[-90.0268916, 35.1096358], [-90.0260065, 35.10961], [-90.0251898, 35.1095898], [-90.0243516, 35.1095603], [-90.0235075, 35.1095348], [-90.0226987, 35.1095168], [-90.0220162, 35.1094988], [-90.0216884, 35.1094901]], [[-90.0287369, 35.1096758], [-90.0284446, 35.1096731], [-90.0278702, 35.1096596], [-90.0277438, 35.1096566], [-90.0272593, 35.1096448], [-90.0268916, 35.1096358]], [[-90.0294639, 35.1096906], [-90.0287369, 35.1096758]], [[-90.0304422, 35.1097291], [-90.0298159, 35.1097011], [-90.0294639, 35.1096906]], [[-90.0304229, 35.1103245], [-90.0304259, 35.1101497], [-90.0304324, 35.110032], [-90.0304395, 35.1099019], [-90.0304422, 35.1097291]], [[-90.0303789, 35.1117852], [-90.0304247, 35.1105151], [-90.0304229, 35.1103245]], [[-90.0303789, 35.1117852], [-90.0296238, 35.1117651], [-90.0294538, 35.1117614]], [[-90.0294538, 35.1117614], [-90.0286142, 35.1117373]], [[-90.0286142, 35.1117373], [-90.0276516, 35.1116998]], [[-90.0276516, 35.1116998], [-90.0275856, 35.1132944], [-90.0275574, 35.1141705], [-90.0275435, 35.1146465], [-90.027524, 35.115431]], [[-90.0275843, 35.1154321], [-90.027524, 35.115431]], [[-90.028228, 35.1154519], [-90.0275843, 35.1154321]], [[-90.0308295, 35.1155043], [-90.0302964, 35.115492], [-90.0301347, 35.11549], [-90.0299147, 35.1154869], [-90.0298221, 35.1154857], [-90.0295419, 35.1154784], [-90.0293684, 35.1154758], [-90.0292512, 35.1154741], [-90.0288239, 35.1154633], [-90.0284584, 35.115458], [-90.028228, 35.1154519]], [[-90.0306881, 35.1192733], [-90.0306979, 35.1186289], [-90.0307037, 35.1185201], [-90.0307192, 35.1182461], [-90.030731, 35.1180387], [-90.0307315, 35.1178082], [-90.0307393, 35.1177114], [-90.0307513, 35.1173574], [-90.0307541, 35.1172852], [-90.0307637, 35.1169273], [-90.0307799, 35.1165785], [-90.0308009, 35.1160035], [-90.0308295, 35.1155043]], [[-90.0387573, 35.1194824], [-90.0384044, 35.1194794], [-90.0382063, 35.1194707], [-90.037906, 35.1194629], [-90.0370171, 35.1194408], [-90.0367727, 35.1194377], [-90.0367145, 35.1194369], [-90.0359457, 35.1194129], [-90.0351625, 35.119388], [-90.0347805, 35.1193759], [-90.0341246, 35.1193573], [-90.03386, 35.119348], [-90.0333685, 35.1193359], [-90.03286, 35.1193254], [-90.03256, 35.1193199], [-90.0325455, 35.1193199], [-90.0317745, 35.1192949], [-90.0306881, 35.1192733]], [[-90.0403313, 35.1222698], [-90.0397585, 35.1212879], [-90.0394925, 35.1208449], [-90.0392455, 35.1203949], [-90.0390447, 35.1200176], [-90.0389981, 35.1199312], [-90.0387573, 35.1194824]], [[-90.0412442, 35.1239318], [-90.0412015, 35.1238529], [-90.0408125, 35.1231599], [-90.0406427, 35.1228459], [-90.0405427, 35.1226609], [-90.0403313, 35.1222698]], [[-90.0414095, 35.1242239], [-90.0412681, 35.1239717], [-90.0412442, 35.1239318]], [[-90.0416738, 35.124567], [-90.0414095, 35.1242239]], [[-90.0431705, 35.1264489], [-90.0426545, 35.1257829], [-90.0417285, 35.1246379], [-90.0416738, 35.124567]], [[-90.043387, 35.1267158], [-90.0432735, 35.1265649], [-90.0431705, 35.1264489]], [[-90.0435234, 35.1268971], [-90.043387, 35.1267158]], [[-90.0438475, 35.1273279], [-90.0435234, 35.1268971]], [[-90.044027, 35.1275469], [-90.0438475, 35.1273279]], [[-90.0440758, 35.1276079], [-90.044027, 35.1275469]], [[-90.0442059, 35.1277867], [-90.0441386, 35.127683], [-90.0440758, 35.1276079]], [[-90.0445238, 35.1285564], [-90.0444494, 35.1282992], [-90.0444178, 35.1281965], [-90.0442968, 35.1279269], [-90.0442059, 35.1277867]], [[-90.0447765, 35.1290699], [-90.0449054, 35.1293143], [-90.0457616, 35.1302338], [-90.0462071, 35.1307122], [-90.0465967, 35.1311384], [-90.0471888, 35.1317759], [-90.0472164, 35.1318043], [-90.0472442, 35.131833], [-90.0473546, 35.1319468]], [[-90.0473959, 35.1317664], [-90.0473546, 35.1319468]], [[-90.0473959, 35.1317664], [-90.0472888, 35.1316522], [-90.0472592, 35.1316207], [-90.0467251, 35.1310512], [-90.0463274, 35.1306265], [-90.0459902, 35.1302665], [-90.0458879, 35.1301572], [-90.0457053, 35.1299622], [-90.045037, 35.1292486], [-90.0449306, 35.1291756], [-90.0447765, 35.1290699]], [[-89.9988785, 35.0962829], [-89.9986385, 35.0962719], [-89.9985225, 35.0962159], [-89.9984545, 35.0961379], [-89.9985095, 35.0946249], [-89.9986178, 35.0932895], [-89.9986289, 35.0927698], [-89.9986679, 35.0918338]], [[-90.0277372, 35.1104252], [-90.0276516, 35.1116998]], [[-90.0277372, 35.1098261], [-90.0277374, 35.1100823], [-90.0277372, 35.1104252]], [[-90.0268893, 35.1098136], [-90.0271668, 35.1098147], [-90.0274274, 35.1098199], [-90.0276209, 35.1098238], [-90.0277372, 35.1098261]], [[-90.0217262, 35.109672], [-90.0224685, 35.1096924], [-90.0226879, 35.1096985], [-90.0230639, 35.1097088], [-90.023489, 35.1097205], [-90.0243481, 35.1097442], [-90.0251724, 35.1097669], [-90.0260474, 35.109791], [-90.0268893, 35.1098136]], [[-90.0148699, 35.1093453], [-90.0149547, 35.1093702], [-90.0150905, 35.1094091], [-90.0152228, 35.1094396], [-90.0152907, 35.1094507], [-90.0153653, 35.1094563], [-90.0157427, 35.1094701], [-90.017314, 35.1095231], [-90.0183004, 35.1095564], [-90.0184252, 35.1095606], [-90.0211282, 35.1096518], [-90.0215516, 35.1096661], [-90.0217262, 35.109672]], [[-90.0148699, 35.1093453], [-90.0148732, 35.1092646], [-90.0149107, 35.1083196], [-90.014939, 35.1075449], [-90.0149644, 35.1067364], [-90.0150074, 35.1055506], [-90.015025, 35.1046962], [-90.0150743, 35.1037859], [-90.0150913, 35.1030474], [-90.0151163, 35.1023092], [-90.0151436, 35.101567], [-90.0151784, 35.1007945]], [[-90.0151784, 35.1007945], [-90.0143649, 35.1007596], [-90.0129865, 35.100727], [-90.0126715, 35.1006759]], [[-90.0126715, 35.1006759], [-90.0131095, 35.1002429], [-90.0132275, 35.1000875], [-90.0133254, 35.0999234], [-90.01341, 35.0996259], [-90.0134244, 35.0991489], [-90.0134486, 35.0989254], [-90.0134712, 35.0988034], [-90.0135098, 35.0986781], [-90.0136495, 35.0983679], [-90.0137815, 35.0981269], [-90.0138835, 35.097895], [-90.0138937, 35.0977504], [-90.0139206, 35.097412], [-90.0139554, 35.0967342], [-90.0139801, 35.0960744], [-90.0140014, 35.0954147], [-90.0140234, 35.0947415], [-90.0140614, 35.0941003], [-90.0140583, 35.0939068], [-90.0140599, 35.0938111]], [[-90.0140599, 35.0938111], [-90.0140819, 35.0932359]], [[-90.0140819, 35.0932359], [-90.0140963, 35.0930032], [-90.0141167, 35.0927155]], [[-90.014606, 35.0927075], [-90.0141167, 35.0927155]], [[-90.014606, 35.0927075], [-90.0146597, 35.090703], [-90.0146592, 35.0905341], [-90.0146108, 35.0895983], [-90.014582, 35.0890931], [-90.0144943, 35.0888581], [-90.014447, 35.0887641], [-90.0143486, 35.0885989], [-90.014363, 35.0884904]], [[-90.016199, 35.0885043], [-90.0160235, 35.0884019], [-90.0158355, 35.0883924], [-90.0145658, 35.0883772], [-90.0144445, 35.0884034], [-90.014363, 35.0884904]], [[-90.016199, 35.0885043], [-90.0164075, 35.0883739], [-90.0166483, 35.0882523], [-90.0167994, 35.0880994], [-90.0168674, 35.0879167], [-90.0169273, 35.0876533], [-90.0169357, 35.0875668]], [[-90.0169357, 35.0875668], [-90.0165271, 35.0875514], [-90.0129156, 35.0875133], [-90.0117693, 35.0874932], [-90.010409, 35.0874853]], [[-90.0102579, 35.0915332], [-90.010275, 35.0908931], [-90.0103189, 35.0896911], [-90.0103486, 35.0890744], [-90.01035, 35.0890448], [-90.0103678, 35.0884951], [-90.010409, 35.0874853]], [[-90.0102487, 35.0921747], [-90.010253, 35.091717], [-90.0102579, 35.0915332]], [[-90.0102487, 35.0921747], [-90.0097815, 35.092162]], [[-90.0097815, 35.092162], [-90.0093575, 35.0921505], [-90.0091034, 35.0921421], [-90.0088732, 35.0921345], [-90.0084596, 35.092121], [-90.0074225, 35.0920869], [-90.0068082, 35.0920667], [-90.0064583, 35.0920552], [-90.0057596, 35.0920323], [-90.004622, 35.0920031], [-90.004455, 35.0919951], [-90.0021085, 35.0919239], [-90.0010568, 35.0918919], [-90.000109, 35.0918741], [-89.9986679, 35.0918338]], [[-90.0447765, 35.1290699], [-90.044717, 35.128949], [-90.0446136, 35.1287403]], [[-90.0446136, 35.1287403], [-90.0445238, 35.1285564]], [[-89.9984495, 35.0999479], [-89.9984975, 35.0991239], [-89.9986715, 35.0987519], [-89.9987955, 35.0984699], [-89.9988215, 35.0983369], [-89.9988075, 35.0981179], [-89.9988505, 35.0971599], [-89.9988675, 35.0966266], [-89.9988785, 35.0962829]], [[-89.9984495, 35.0999479], [-89.9969365, 35.0998959], [-89.9960408, 35.099859]], [[-89.9960408, 35.099859], [-89.9958526, 35.0998517], [-89.9954155, 35.0998339], [-89.9950827, 35.0998488]], [[-89.9950827, 35.0998488], [-89.9950636, 35.0997457], [-89.9949122, 35.0994833]], [[-89.9949122, 35.0994833], [-89.9948654, 35.0994022], [-89.9947826, 35.0992586], [-89.9947899, 35.0991535], [-89.9948057, 35.0989283], [-89.9948069, 35.0985388], [-89.9948135, 35.0976449], [-89.9948691, 35.0960084], [-89.9948844, 35.0955572], [-89.9948958, 35.095223], [-89.9949165, 35.0946139], [-89.9949934, 35.0926047], [-89.9949953, 35.0925548], [-89.995, 35.0924337], [-89.9950043, 35.0923213], [-89.9950177, 35.0919693], [-89.9950265, 35.0917409]], [[-89.9950265, 35.0917409], [-89.9927931, 35.0916683], [-89.9925955, 35.0916619], [-89.9925339, 35.0916599], [-89.9923156, 35.0916526], [-89.9921455, 35.0916469], [-89.9881789, 35.0915568]], [[-89.9881789, 35.0915568], [-89.9876009, 35.0915477]], [[-89.9876009, 35.0915477], [-89.9870095, 35.0915319], [-89.9854005, 35.0914859], [-89.9851055, 35.0915169]], [[-89.9851055, 35.0915169], [-89.9849533, 35.0914351], [-89.9842732, 35.0910698], [-89.9839775, 35.0909109], [-89.9839191, 35.0908802], [-89.983198, 35.0904994], [-89.9802261, 35.0888756], [-89.9796695, 35.0885709]], [[-89.9796695, 35.0885709], [-89.9763672, 35.0875934], [-89.9756006, 35.0873665], [-89.9743485, 35.0869959]], [[-89.9743485, 35.0869959], [-89.9744565, 35.0854079], [-89.9744785, 35.0846179]], [[-89.9744785, 35.0846179], [-89.9735503, 35.0846313], [-89.9716575, 35.0846529]], [[-89.9716575, 35.0846529], [-89.9717645, 35.0843889], [-89.9717965, 35.0842489], [-89.9718022, 35.0840806], [-89.9718075, 35.0839239], [-89.9718395, 35.0831769], [-89.9718615, 35.0822669], [-89.9719398, 35.081297], [-89.9719639, 35.0809981], [-89.9719817, 35.0807776], [-89.9720032, 35.0805109]], [[-89.9720032, 35.0805109], [-89.9720656, 35.0805127], [-89.9725029, 35.0805253]], [[-89.9725029, 35.0805253], [-89.9730954, 35.0805423], [-89.9737065, 35.0805599]], [[-89.9737065, 35.0805599], [-89.9746385, 35.0805439], [-89.9749975, 35.0804999], [-89.9753755, 35.0804029], [-89.9766095, 35.0800739], [-89.9778187, 35.0797627], [-89.9785715, 35.0795689], [-89.9788365, 35.0795339], [-89.9799252, 35.0794911], [-89.9800812, 35.0794829]], [[-89.9800812, 35.0794829], [-89.980038, 35.0805485], [-89.9800062, 35.0815896], [-89.9799953, 35.081715], [-89.9799754, 35.0818386], [-89.9799434, 35.0819799], [-89.9798868, 35.0821631], [-89.9798382, 35.0823138], [-89.9798026, 35.0824427], [-89.9797805, 35.0825642], [-89.9797658, 35.0826781], [-89.9797466, 35.0829876], [-89.9797136, 35.0838403], [-89.9796475, 35.0846799], [-89.9796371, 35.0860825], [-89.9796298, 35.0866193], [-89.9796441, 35.0868181], [-89.9796823, 35.0869314], [-89.9797244, 35.0871294], [-89.9797101, 35.0877181], [-89.9796928, 35.0880822], [-89.9796695, 35.0885709]], [[-90.0436185, 35.1121549], [-90.0435103, 35.1121529], [-90.0434527, 35.1121523], [-90.042152, 35.1121316], [-90.0420592, 35.1121294], [-90.0411158, 35.1121117], [-90.0406805, 35.1121039], [-90.0390858, 35.1120769], [-90.0385995, 35.1120669], [-90.0373501, 35.1120387], [-90.0362667, 35.1120054], [-90.0354374, 35.1119671]], [[-90.0436185, 35.1121549], [-90.0436208, 35.1120684], [-90.0436333, 35.111601], [-90.0436365, 35.1114822], [-90.0436555, 35.1107689], [-90.0437001, 35.1101484], [-90.0437515, 35.1077859]], [[-90.0437515, 35.1077859], [-90.043758, 35.1074893], [-90.0438112, 35.1073397]], [[-90.0438112, 35.1073397], [-90.0438743, 35.1072484], [-90.0438779, 35.1072394], [-90.0439074, 35.1071641], [-90.0439266, 35.1070575], [-90.0439447, 35.1069297]], [[-90.0439447, 35.1069297], [-90.0439483, 35.1069045], [-90.0439449, 35.1067736], [-90.0439441, 35.1067353], [-90.043953, 35.1065456], [-90.0439635, 35.1063234], [-90.0439836, 35.1058884], [-90.0440099, 35.1053189]], [[-90.0440099, 35.1053189], [-90.0440298, 35.1041889], [-90.0440361, 35.1039613], [-90.0440545, 35.1032959], [-90.0441181, 35.1025118], [-90.0441204, 35.1024378], [-90.0441603, 35.1012835]], [[-90.0441603, 35.1012835], [-90.0441867, 35.1006472], [-90.0442151, 35.0992407], [-90.0442468, 35.0980114], [-90.0442498, 35.0979311], [-90.0442653, 35.0972823], [-90.0442697, 35.0971452], [-90.0442915, 35.0961815], [-90.044295, 35.0960456], [-90.0443093, 35.0954916], [-90.0443123, 35.0953215], [-90.0443097, 35.0951033], [-90.0443343, 35.0942029]], [[-90.0443343, 35.0942029], [-90.0443485, 35.0937482]], [[-90.0443485, 35.0937482], [-90.044362, 35.093315], [-90.0443622, 35.0930788]], [[-90.0443622, 35.0930788], [-90.0443682, 35.092829]], [[-90.0443682, 35.092829], [-90.0443742, 35.0925945]], [[-90.0443742, 35.0925945], [-90.0443976, 35.0920227], [-90.0444105, 35.0914109], [-90.0444111, 35.0912426], [-90.0444324, 35.0903484], [-90.044452, 35.0893129], [-90.0444643, 35.0888379], [-90.0444727, 35.088309], [-90.0444977, 35.0873059], [-90.0445102, 35.0868137]], [[-90.0445102, 35.0868137], [-90.0445183, 35.0863129]], [[-90.0445183, 35.0863129], [-90.0441535, 35.0863071], [-90.0440285, 35.0863051]], [[-90.0440285, 35.0863051], [-90.0423179, 35.0862778], [-90.0399779, 35.0862288], [-90.0369276, 35.0861624]], [[-90.0369276, 35.0861624], [-90.0364474, 35.0861526]], [[-90.0364474, 35.0861526], [-90.0345439, 35.0861139], [-90.0341315, 35.0861069], [-90.0319615, 35.0860669], [-90.0311635, 35.0860779]], [[-90.0311635, 35.0860779], [-90.0306445, 35.0860199], [-90.0302495, 35.0859319], [-90.0300105, 35.0857929], [-90.0299975, 35.0857849], [-90.0290395, 35.0846989]], [[-90.0290395, 35.0846989], [-90.0289078, 35.0845521]], [[-90.0289078, 35.0845521], [-90.0282495, 35.0838179], [-90.0280465, 35.0836609], [-90.0278922, 35.0835929]], [[-90.0278922, 35.0835929], [-90.0277355, 35.0835239], [-90.0274475, 35.0834659], [-90.0272447, 35.0834604], [-90.0266973, 35.0834456], [-90.0265985, 35.0834429], [-90.0261697, 35.0834493], [-90.0259562, 35.0834522]], [[-90.0259562, 35.0834522], [-90.0255446, 35.083447]], [[-90.0255446, 35.083447], [-90.0252588, 35.0834434]], [[-90.0251205, 35.0834429], [-90.0252588, 35.0834434]], [[-90.0246778, 35.0834328], [-90.0251205, 35.0834429]], [[-90.0190851, 35.0833176], [-90.0192581, 35.0833208], [-90.0193015, 35.0833218], [-90.0195009, 35.0833262], [-90.0200251, 35.0833378], [-90.0202172, 35.0833393], [-90.0207303, 35.0833512], [-90.0214165, 35.0833579], [-90.0219054, 35.083372], [-90.0221688, 35.0833772], [-90.0232828, 35.0834009], [-90.0245346, 35.0834296], [-90.0246778, 35.0834328]], [[-90.0185588, 35.0833079], [-90.0189345, 35.0833148], [-90.0190851, 35.0833176]], [[-90.0185588, 35.0833079], [-90.0185866, 35.0830871], [-90.0185954, 35.0830189]], [[-90.0185954, 35.0830189], [-90.0186096, 35.0829045]], [[-90.0186096, 35.0829045], [-90.0186949, 35.0822265], [-90.0187399, 35.0817319], [-90.0187865, 35.0813121], [-90.0188045, 35.0811499], [-90.0190423, 35.0800838], [-90.0190949, 35.0798479], [-90.0193861, 35.0785416], [-90.0194875, 35.0780869]], [[-90.0125533, 35.0779684], [-90.0121068, 35.0779475], [-90.0108866, 35.0778909]], [[-90.0108866, 35.0778909], [-90.0101493, 35.0778733], [-90.0098827, 35.0778669], [-90.0085045, 35.0778139], [-90.0082525, 35.0778139], [-90.0073935, 35.0777899], [-90.0059438, 35.0777349], [-90.0049625, 35.0776989], [-90.0047855, 35.0776924], [-90.0043875, 35.0776808], [-90.0035045, 35.0776579], [-90.0022715, 35.0776169], [-90.0020875, 35.0776109], [-90.0016915, 35.0776229], [-90.0012045, 35.0776649], [-90.0007875, 35.0777339], [-90.0002193, 35.0778876], [-89.9996435, 35.0781045]], [[-89.9854701, 35.0687363], [-89.9848302, 35.0685634], [-89.9845556, 35.0684229], [-89.9844182, 35.0682543]], [[-89.9844182, 35.0682543], [-89.9843839, 35.0681138], [-89.9843839, 35.0679311], [-89.9844182, 35.0677625], [-89.9845298, 35.067622], [-89.9847272, 35.0675096], [-89.984916, 35.0674815], [-89.9851049, 35.0674815], [-89.985328, 35.0675658], [-89.985534, 35.0677063], [-89.9856714, 35.0678819], [-89.9857918, 35.0681583]], [[-89.9857918, 35.0681583], [-89.9858216, 35.0684352]], [[-89.9858216, 35.0684352], [-89.9858799, 35.0690299]], [[-89.9878005, 35.0683237], [-89.9878939, 35.068184]], [[-89.9878939, 35.068184], [-89.9879937, 35.0680346], [-89.988158, 35.0677886]], [[-89.9996435, 35.0781045], [-89.9995061, 35.0781552]], [[-89.9861557, 35.0735522], [-89.9861808, 35.0734463]], [[-89.9858416, 35.0749528], [-89.9861557, 35.0735522]], [[-89.9875762, 35.0687127], [-89.9876385, 35.0685936], [-89.9878005, 35.0683237]], [[-89.9874204, 35.0689997], [-89.9874969, 35.0688624], [-89.9875094, 35.0688384], [-89.9875762, 35.0687127]], [[-89.9872846, 35.0692921], [-89.9874204, 35.0689997]], [[-89.9869087, 35.070402], [-89.9869757, 35.0701609], [-89.9869863, 35.0701173], [-89.9870815, 35.0698283], [-89.9871933, 35.0695294], [-89.9872846, 35.0692921]], [[-89.9867327, 35.0711169], [-89.9869087, 35.070402]], [[-89.9863262, 35.0729646], [-89.986448, 35.0722776], [-89.9867327, 35.0711169]], [[-89.9861808, 35.0734463], [-89.9862606, 35.0732235], [-89.9863262, 35.0729646]], [[-90.0194875, 35.0780869], [-90.0192979, 35.0780834], [-90.0189318, 35.0780768]], [[-90.0189318, 35.0780768], [-90.0188336, 35.078075], [-90.0185073, 35.078069], [-90.0182785, 35.0780634], [-90.0179423, 35.0780563], [-90.0175713, 35.0780485], [-90.0169285, 35.0780349], [-90.0154556, 35.078002], [-90.0154342, 35.0779999], [-90.0142273, 35.0780187], [-90.0130232, 35.0779825]], [[-90.0130232, 35.0779825], [-90.0125533, 35.0779684]], [[-90.0106845, 35.0819619], [-90.0123285, 35.0820039]], [[-89.9858799, 35.0690299], [-89.9859471, 35.0695756], [-89.9859996, 35.0701299], [-89.9860839, 35.0708196], [-89.9861148, 35.0713019], [-89.9861608, 35.0717918], [-89.9861868, 35.0721099]], [[-89.988328, 35.067272], [-89.9881687, 35.0675099]], [[-89.9881687, 35.0675099], [-89.9879397, 35.0678488]], [[-89.9879397, 35.0678488], [-89.9877808, 35.0680841]], [[-89.9877808, 35.0680841], [-89.9877032, 35.0682008]], [[-89.9877032, 35.0682008], [-89.9876376, 35.0683018]], [[-89.9876376, 35.0683018], [-89.9874972, 35.0684321], [-89.9874195, 35.0684928], [-89.9873488, 35.0685339], [-89.9872837, 35.0685646], [-89.987213, 35.06859], [-89.9871171, 35.0686124], [-89.986942, 35.0686388]], [[-89.986942, 35.0686388], [-89.9863623, 35.0686458], [-89.9861409, 35.0687168]], [[-89.9861409, 35.0687168], [-89.9859266, 35.068723]], [[-89.9859266, 35.068723], [-89.9854701, 35.0687363]], [[-90.0186096, 35.0829045], [-90.0186949, 35.0822265], [-90.0187399, 35.0817319], [-90.0187865, 35.0813121], [-90.0188045, 35.0811499], [-90.0190423, 35.0800838], [-90.0190949, 35.0798479], [-90.0193861, 35.0785416], [-90.0194875, 35.0780869]], [[-90.0185954, 35.0830189], [-90.0186096, 35.0829045]], [[-90.0185588, 35.0833079], [-90.0185866, 35.0830871], [-90.0185954, 35.0830189]], [[-90.0185588, 35.0833079], [-90.0189345, 35.0833148], [-90.0190851, 35.0833176]], [[-90.0190851, 35.0833176], [-90.0192581, 35.0833208], [-90.0193015, 35.0833218], [-90.0195009, 35.0833262], [-90.0200251, 35.0833378], [-90.0202172, 35.0833393], [-90.0207303, 35.0833512], [-90.0214165, 35.0833579], [-90.0219054, 35.083372], [-90.0221688, 35.0833772], [-90.0232828, 35.0834009], [-90.0245346, 35.0834296], [-90.0246778, 35.0834328]], [[-90.0246778, 35.0834328], [-90.0251205, 35.0834429]], [[-90.0251205, 35.0834429], [-90.0252588, 35.0834434]], [[-90.0123285, 35.0820039], [-90.0123725, 35.0811699], [-90.0124065, 35.0803679], [-90.0124773, 35.0795749], [-90.0125208, 35.0787857], [-90.0125533, 35.0779684]], [[-90.0125533, 35.0779684], [-90.0121068, 35.0779475], [-90.0108866, 35.0778909]], [[-90.0108866, 35.0778909], [-90.0101493, 35.0778733], [-90.0098827, 35.0778669], [-90.0085045, 35.0778139], [-90.0082525, 35.0778139], [-90.0073935, 35.0777899], [-90.0059438, 35.0777349], [-90.0049625, 35.0776989], [-90.0047855, 35.0776924], [-90.0043875, 35.0776808], [-90.0035045, 35.0776579], [-90.0022715, 35.0776169], [-90.0020875, 35.0776109], [-90.0016915, 35.0776229], [-90.0012045, 35.0776649], [-90.0007875, 35.0777339], [-90.0002193, 35.0778876], [-89.9996435, 35.0781045]], [[-90.0369276, 35.0861624], [-90.0364474, 35.0861526]], [[-90.0364474, 35.0861526], [-90.0345439, 35.0861139], [-90.0341315, 35.0861069], [-90.0319615, 35.0860669], [-90.0311635, 35.0860779]], [[-89.9911875, 35.0811399], [-89.9914895, 35.0812789], [-89.9917585, 35.0813669], [-89.9920945, 35.0814109], [-89.9927025, 35.0814364]], [[-89.9927025, 35.0814364], [-89.9927974, 35.0814416]], [[-89.9927974, 35.0814416], [-89.992835, 35.0814419], [-89.9933996, 35.0814656], [-89.9942762, 35.0815023], [-89.9944345, 35.0815089], [-89.9949139, 35.081529], [-89.9953655, 35.0815479], [-89.9956362, 35.0815529], [-89.9962545, 35.0815649], [-89.996957, 35.0815772], [-89.998813, 35.081611], [-90.0004415, 35.0816549], [-90.0040738, 35.081766]], [[-90.0040738, 35.081766], [-90.0045132, 35.081781]], [[-90.0045132, 35.081781], [-90.0045857, 35.0817835], [-90.0057764, 35.0818242], [-90.0072625, 35.0818769], [-90.0098552, 35.0819413], [-90.0106845, 35.0819619]], [[-89.9858505, 35.0790379], [-89.9859391, 35.0790405], [-89.9864762, 35.0790566], [-89.9870063, 35.0790643], [-89.9874615, 35.0790709], [-89.9878924, 35.0790873], [-89.9883175, 35.0790949], [-89.9883932, 35.0790968], [-89.9885219, 35.0791143], [-89.9886327, 35.0791268], [-89.9887936, 35.0791532], [-89.9888921, 35.0791802], [-89.9890208, 35.0792241], [-89.9890322, 35.0792272], [-89.9891477, 35.0792585], [-89.9893354, 35.0793463], [-89.9894714, 35.0794128], [-89.9896055, 35.0794875], [-89.9896895, 35.0795571], [-89.9898236, 35.0796668], [-89.9898592, 35.079708], [-89.9899738, 35.0798424], [-89.9901026, 35.0799785], [-89.9902505, 35.0801919], [-89.9903547, 35.0803121], [-89.9904215, 35.0804089], [-89.9905854, 35.0806063], [-89.9907677, 35.080817], [-89.9908965, 35.0809355], [-89.9910145, 35.0810277], [-89.9911875, 35.0811399]], [[-89.9995061, 35.0781552], [-89.9994295, 35.0781839], [-89.9990545, 35.0782999], [-89.9987562, 35.0783788], [-89.9982875, 35.0784549], [-89.9979275, 35.0784819], [-89.9975543, 35.0784719], [-89.9973088, 35.0784719], [-89.996236, 35.0784719], [-89.9960076, 35.0784577], [-89.9955182, 35.0784273], [-89.9953094, 35.0784143], [-89.9948149, 35.078395], [-89.9941879, 35.0783706], [-89.9931632, 35.0783306], [-89.9926899, 35.0783122], [-89.991719, 35.0782497], [-89.9913335, 35.0782249], [-89.9911938, 35.0781889], [-89.9909539, 35.0781271], [-89.9908445, 35.0780989], [-89.9907294, 35.0780552], [-89.9901205, 35.0778239], [-89.9894415, 35.0775719], [-89.9889075, 35.0774609], [-89.988002, 35.0773434], [-89.9876764, 35.0773895], [-89.9872099, 35.077663], [-89.9860195, 35.0784769], [-89.9859015, 35.0786699], [-89.9858505, 35.0790379]], [[-89.9995061, 35.0781552], [-89.9994295, 35.0781839], [-89.9990545, 35.0782999], [-89.9987562, 35.0783788], [-89.9982875, 35.0784549], [-89.9979275, 35.0784819], [-89.9975543, 35.0784719], [-89.9973088, 35.0784719], [-89.996236, 35.0784719], [-89.9960076, 35.0784577], [-89.9955182, 35.0784273], [-89.9953094, 35.0784143], [-89.9948149, 35.078395], [-89.9941879, 35.0783706], [-89.9931632, 35.0783306], [-89.9926899, 35.0783122], [-89.991719, 35.0782497], [-89.9913335, 35.0782249], [-89.9911938, 35.0781889], [-89.9909539, 35.0781271], [-89.9908445, 35.0780989], [-89.9907294, 35.0780552], [-89.9901205, 35.0778239], [-89.9894415, 35.0775719], [-89.9889075, 35.0774609], [-89.988002, 35.0773434], [-89.9876764, 35.0773895], [-89.9872099, 35.077663], [-89.9860195, 35.0784769], [-89.9859015, 35.0786699], [-89.9858505, 35.0790379]], [[-89.9854991, 35.0790441], [-89.9856815, 35.0790331], [-89.9858505, 35.0790379]], [[-89.9848672, 35.0792922], [-89.984918, 35.0792935], [-89.9850092, 35.0792892], [-89.9850923, 35.0792496], [-89.985137, 35.0792285], [-89.9852023, 35.0791772], [-89.9853128, 35.079103], [-89.9853703, 35.0790704], [-89.9854991, 35.0790441]], [[-89.9848672, 35.0792922], [-89.9849246, 35.0789611], [-89.9849468, 35.0788329]], [[-89.9849468, 35.0788329], [-89.9849663, 35.0787627]], [[-89.9849663, 35.0787627], [-89.9849815, 35.0787003], [-89.9849888, 35.0786725]], [[-89.9849888, 35.0786725], [-89.9853209, 35.0772746]], [[-89.9853209, 35.0772746], [-89.9856152, 35.0758722]], [[-89.9856152, 35.0758722], [-89.9856757, 35.0756836]], [[-89.9856757, 35.0756836], [-89.9858416, 35.0749528]], [[-89.9996435, 35.0781045], [-89.9995061, 35.0781552]], [[-90.0278922, 35.0835929], [-90.0277355, 35.0835239], [-90.0274475, 35.0834659], [-90.0272447, 35.0834604], [-90.0266973, 35.0834456], [-90.0265985, 35.0834429], [-90.0261697, 35.0834493], [-90.0259562, 35.0834522]], [[-90.0289078, 35.0845521], [-90.0282495, 35.0838179], [-90.0280465, 35.0836609], [-90.0278922, 35.0835929]], [[-90.0290395, 35.0846989], [-90.0289078, 35.0845521]], [[-90.0311635, 35.0860779], [-90.0306445, 35.0860199], [-90.0302495, 35.0859319], [-90.0300105, 35.0857929], [-90.0299975, 35.0857849], [-90.0290395, 35.0846989]], [[-90.0194875, 35.0780869], [-90.0192979, 35.0780834], [-90.0189318, 35.0780768]], [[-90.0189318, 35.0780768], [-90.0188336, 35.078075], [-90.0185073, 35.078069], [-90.0182785, 35.0780634], [-90.0179423, 35.0780563], [-90.0175713, 35.0780485], [-90.0169285, 35.0780349], [-90.0154556, 35.078002], [-90.0154342, 35.0779999], [-90.0142273, 35.0780187], [-90.0130232, 35.0779825]], [[-90.0130232, 35.0779825], [-90.0125533, 35.0779684]], [[-90.0259562, 35.0834522], [-90.0255446, 35.083447]], [[-90.0255446, 35.083447], [-90.0252588, 35.0834434]], [[-90.0369276, 35.0861624], [-90.0369149, 35.0866761], [-90.0369024, 35.0871788], [-90.0368734, 35.0881752], [-90.036849, 35.0891733], [-90.0368233, 35.0900289], [-90.0368286, 35.0901854], [-90.0368366, 35.090334], [-90.0368526, 35.0904649], [-90.0368805, 35.0905946], [-90.0369217, 35.0907199], [-90.0371037, 35.0912231], [-90.0381152, 35.0941975]], [[-89.9886383, 35.0669518], [-89.9885032, 35.0670154], [-89.988328, 35.067272]], [[-89.988158, 35.0677886], [-89.9882076, 35.0677168], [-89.9883063, 35.0675737]], [[-89.9883063, 35.0675737], [-89.9886442, 35.067073], [-89.9886383, 35.0669518]], [[-89.9861868, 35.0721099], [-89.9862195, 35.0726068], [-89.9861808, 35.0734463]], [[-90.0381152, 35.0941975], [-90.0360801, 35.0941732], [-90.033249, 35.0941371], [-90.0304049, 35.0940896], [-90.0295898, 35.0940891], [-90.0293301, 35.0940993]], [[-90.0357358, 35.100582], [-90.0357964, 35.1002154], [-90.0357775, 35.0999409], [-90.0357244, 35.0997515], [-90.0356426, 35.0995543], [-90.0355031, 35.0993229], [-90.0352823, 35.0990804], [-90.0345565, 35.0985619], [-90.0339984, 35.0981835], [-90.0327021, 35.0972994], [-90.0319165, 35.0967749], [-90.0316725, 35.0966047], [-90.0307477, 35.0959799], [-90.0307315, 35.0959689], [-90.0304829, 35.0957745], [-90.0304505, 35.0957479], [-90.0302155, 35.0954282], [-90.0298835, 35.0949379], [-90.0293301, 35.0940993]], [[-90.0357005, 35.100737], [-90.0357358, 35.100582]], [[-90.0367605, 35.1071759], [-90.0367145, 35.1069069], [-90.0367605, 35.1067279], [-90.0369065, 35.1065419], [-90.0371917, 35.1062553], [-90.0373264, 35.1059957], [-90.037388, 35.1057312], [-90.0373978, 35.1055562], [-90.0373708, 35.1053607], [-90.0372549, 35.1050763], [-90.0371228, 35.1048657], [-90.0369909, 35.1047422], [-90.0368098, 35.1045878], [-90.0352588, 35.1033123], [-90.0351997, 35.1032291], [-90.0351615, 35.103149], [-90.0351489, 35.1030992], [-90.0351514, 35.1030462], [-90.0351678, 35.1029479], [-90.035223, 35.1027274], [-90.0352926, 35.1024349], [-90.03536, 35.1021519], [-90.0354561, 35.1017481], [-90.0356474, 35.1009811], [-90.0357005, 35.100737]], [[-90.0367605, 35.1071759], [-90.0358883, 35.1071695], [-90.0355609, 35.1071636], [-90.0341395, 35.1071258]], [[-90.0340724, 35.1083969], [-90.034113, 35.1077575], [-90.0341382, 35.1071794], [-90.0341395, 35.1071258]], [[-89.9886383, 35.0669518], [-89.9888185, 35.0666894], [-89.9889814, 35.0664523], [-89.9892151, 35.066112], [-89.9895264, 35.0656588], [-89.9895796, 35.0655813]], [[-89.9895796, 35.0655813], [-89.9897017, 35.0655253], [-89.9899709, 35.0651323], [-89.9900653, 35.0649946], [-89.9902807, 35.0646723], [-89.9904959, 35.0643504]], [[-89.9904959, 35.0643504], [-89.9909027, 35.0636937], [-89.9909561, 35.0636009], [-89.9910291, 35.0634777], [-89.9912808, 35.0628523], [-89.9913977, 35.0624521], [-89.9914528, 35.0622568]], [[-89.9914528, 35.0622568], [-89.9914962, 35.0620491], [-89.9915298, 35.0618523]], [[-89.9915298, 35.0618523], [-89.9915445, 35.0617665], [-89.9915628, 35.061603]], [[-89.9915628, 35.061603], [-89.9915738, 35.0615044], [-89.991576, 35.0612295]], [[-89.991576, 35.0612295], [-89.9916702, 35.0610583], [-89.9917375, 35.0609536], [-89.991798, 35.0608826], [-89.9918742, 35.060822], [-89.991946, 35.0607764], [-89.9920187, 35.060742], [-89.9920986, 35.0607169], [-89.9921995, 35.0606991], [-89.9923999, 35.0606627]], [[-89.9923999, 35.0606627], [-89.9928314, 35.060673], [-89.9930277, 35.0606253]], [[-89.9930277, 35.0606253], [-89.9933489, 35.0606347]], [[-89.9933489, 35.0606347], [-89.9933074, 35.0607665], [-89.9928347, 35.0622684], [-89.9917408, 35.062329], [-89.9915963, 35.0623067], [-89.9915807, 35.0623012], [-89.9914528, 35.0622568]], [[-89.9914528, 35.0622568], [-89.9914962, 35.0620491], [-89.9915298, 35.0618523]], [[-89.9915298, 35.0618523], [-89.9915445, 35.0617665], [-89.9915628, 35.061603]], [[-89.9915628, 35.061603], [-89.9915738, 35.0615044], [-89.991576, 35.0612295]], [[-89.991576, 35.0612295], [-89.9916702, 35.0610583], [-89.9917375, 35.0609536], [-89.991798, 35.0608826], [-89.9918742, 35.060822], [-89.991946, 35.0607764], [-89.9920187, 35.060742], [-89.9920986, 35.0607169], [-89.9921995, 35.0606991], [-89.9923999, 35.0606627]], [[-89.9923999, 35.0606627], [-89.9928314, 35.060673], [-89.9930277, 35.0606253]], [[-89.9930277, 35.0606253], [-89.9933489, 35.0606347]], [[-89.9933489, 35.0606347], [-89.9934862, 35.0606387], [-89.9936925, 35.0606447], [-89.9937237, 35.0606456]], [[-89.9937237, 35.0606456], [-89.9942249, 35.0606585]], [[-89.9942249, 35.0606585], [-89.9946223, 35.0606693], [-89.9948403, 35.0606752], [-89.9949761, 35.0606787]], [[-89.9949761, 35.0606787], [-89.9949657, 35.0610414], [-89.9949642, 35.0610909], [-89.9949623, 35.0611534]], [[-89.9949623, 35.0611534], [-89.9949555, 35.0613729], [-89.9949486, 35.0615973], [-89.9949468, 35.0616546], [-89.9949387, 35.06192], [-89.9949381, 35.0619406], [-89.9949335, 35.0620901], [-89.9949312, 35.0622156], [-89.9949217, 35.0627238], [-89.9949185, 35.0628944], [-89.9949143, 35.0631231], [-89.9949111, 35.0632932], [-89.9949, 35.0638891], [-89.9948962, 35.0640933], [-89.9948883, 35.0645843], [-89.9948858, 35.0647365], [-89.9947174, 35.0649865], [-89.9946258, 35.0651225], [-89.9944159, 35.0653261], [-89.9941228, 35.0654205], [-89.9937989, 35.065476], [-89.9936648, 35.0654605], [-89.9931784, 35.06536], [-89.9930749, 35.0653309]], [[-89.9930749, 35.0653309], [-89.9929349, 35.0652964], [-89.9926847, 35.0652348]], [[-89.9926847, 35.0652348], [-89.9921037, 35.0650934], [-89.9916105, 35.0648837], [-89.9913638, 35.0647657], [-89.9909461, 35.0645658]], [[-89.9909461, 35.0645658], [-89.9907746, 35.0644837], [-89.9904959, 35.0643504]], [[-89.9904959, 35.0643504], [-89.9903982, 35.0643082]], [[-89.9903982, 35.0643082], [-89.9902445, 35.0645381], [-89.9901225, 35.0647206], [-89.9899681, 35.0649517], [-89.9895871, 35.0654611], [-89.9895796, 35.0655813]], [[-90.0460158, 35.1566119], [-90.0461707, 35.1566519], [-90.0464317, 35.1567175]], [[-90.0464317, 35.1567175], [-90.046761, 35.1568003]], [[-90.046761, 35.1568003], [-90.0471861, 35.1569129]], [[-90.0471861, 35.1569129], [-90.0476335, 35.1570314]], [[-90.0476335, 35.1570314], [-90.0477302, 35.1567725]], [[-90.0477302, 35.1567725], [-90.0478889, 35.1563476]], [[-90.0478889, 35.1563476], [-90.048007, 35.1560316]], [[-90.048007, 35.1560316], [-90.0477783, 35.1559682], [-90.0476377, 35.1559293], [-90.0475901, 35.1559161], [-90.0471756, 35.155804]], [[-90.0471756, 35.155804], [-90.0473781, 35.1553037]], [[-90.0473781, 35.1553037], [-90.0474333, 35.1551535]], [[-90.0474333, 35.1551535], [-90.0475725, 35.1548106]], [[-90.0475725, 35.1548106], [-90.047603, 35.1547346], [-90.0477249, 35.1544302], [-90.0478158, 35.1542148]], [[-90.0478158, 35.1542148], [-90.0479628, 35.1538928], [-90.0479962, 35.1538198]], [[-90.0479962, 35.1538198], [-90.0480489, 35.1537022], [-90.0482181, 35.153325], [-90.048393, 35.1528522], [-90.0484528, 35.1527133], [-90.0484585, 35.152581]], [[-90.0484585, 35.152581], [-90.0486034, 35.1522293]], [[-90.0486034, 35.1522293], [-90.0486221, 35.152182], [-90.048629, 35.1521644], [-90.0487672, 35.151814]], [[-90.0487672, 35.151814], [-90.0488165, 35.1516874], [-90.0489443, 35.1513587]], [[-90.0489443, 35.1513587], [-90.0489997, 35.1512213], [-90.0490821, 35.1510166], [-90.0491174, 35.1509261], [-90.0491384, 35.1508721]], [[-90.0491384, 35.1508721], [-90.0491669, 35.1508062], [-90.0491863, 35.1507613], [-90.049289, 35.1505129], [-90.0493549, 35.1503536], [-90.0495286, 35.1499335], [-90.0495658, 35.1498437]], [[-90.0495658, 35.1498437], [-90.0496071, 35.1497369], [-90.049768, 35.1493208], [-90.0497912, 35.1492607], [-90.0498033, 35.1492294]], [[-90.0498033, 35.1492294], [-90.0499355, 35.1489263], [-90.0499671, 35.1488472]], [[-90.0499671, 35.1488472], [-90.0499978, 35.148776], [-90.0502068, 35.1482308]], [[-90.0502068, 35.1482308], [-90.0503267, 35.1479285], [-90.0503457, 35.1478806], [-90.0503576, 35.1478506]], [[-90.0503576, 35.1478506], [-90.0503873, 35.1477641], [-90.0505277, 35.1473557], [-90.0505783, 35.1472384]], [[-90.0505783, 35.1472384], [-90.0506933, 35.1469273], [-90.0507226, 35.1468537]], [[-90.0507226, 35.1468537], [-90.0507572, 35.1467669]], [[-90.0507572, 35.1467669], [-90.0509766, 35.1462751], [-90.0511606, 35.1458612], [-90.0511793, 35.1458086], [-90.0513178, 35.1454346], [-90.0513465, 35.1453625], [-90.0515185, 35.144948], [-90.0515449, 35.1448872], [-90.0515493, 35.1448771]], [[-90.0515493, 35.1448771], [-90.0515552, 35.1448658], [-90.0515748, 35.1448032], [-90.0517216, 35.144433], [-90.0517457, 35.1443722], [-90.051797, 35.1442476]], [[-90.051797, 35.1442476], [-90.0519236, 35.1439478], [-90.0519549, 35.1438738]], [[-90.0519549, 35.1438738], [-90.0519835, 35.1437972], [-90.0521426, 35.1433715], [-90.052311, 35.1429608], [-90.0523423, 35.1428845]], [[-90.0523423, 35.1428845], [-90.0523729, 35.14281], [-90.0526038, 35.1422453], [-90.0527951, 35.1417504], [-90.0528165, 35.1416978], [-90.0529213, 35.1414234], [-90.053168, 35.1408387], [-90.0532045, 35.1407522], [-90.0532458, 35.1406377], [-90.053367, 35.1403241], [-90.0534865, 35.1400411], [-90.0535157, 35.1399721], [-90.0535382, 35.1399101], [-90.0536204, 35.1396838], [-90.0536763, 35.1395321], [-90.0537544, 35.1393307]], [[-90.0537544, 35.1393307], [-90.0538235, 35.1391421], [-90.0538667, 35.1390431]], [[-90.0538667, 35.1390431], [-90.0539088, 35.1389631], [-90.0539566, 35.1388853], [-90.0540098, 35.1388098], [-90.0540908, 35.1386966]], [[-90.0540908, 35.1386966], [-90.0543695, 35.138307], [-90.0544361, 35.1382138]], [[-90.0544361, 35.1382138], [-90.0550365, 35.1373857], [-90.0556508, 35.1365369]], [[-90.0556508, 35.1365369], [-90.0552932, 35.1363618], [-90.0552231, 35.1363275]], [[-90.0552231, 35.1363275], [-90.0547714, 35.1361057]], [[-90.0547714, 35.1361057], [-90.0543472, 35.1358986]], [[-90.0543472, 35.1358986], [-90.0536954, 35.1367277], [-90.0533464, 35.1371665]], [[-90.0533464, 35.1371665], [-90.0531387, 35.1374277], [-90.0530654, 35.1375199]], [[-90.0530654, 35.1375199], [-90.0522946, 35.1386308], [-90.0520431, 35.1391081], [-90.0518773, 35.1394951], [-90.0518637, 35.1395357]], [[-90.0518637, 35.1395357], [-90.051846, 35.1396166], [-90.0518168, 35.1397509], [-90.0517972, 35.1399198], [-90.0517919, 35.1399665]], [[-90.0517919, 35.1399665], [-90.0517457, 35.1402801], [-90.0517342, 35.1403575]], [[-90.0517342, 35.1403575], [-90.0517182, 35.1404601], [-90.0516523, 35.140883], [-90.051594, 35.141257], [-90.0515879, 35.1412961], [-90.0515815, 35.1413491], [-90.0514839, 35.1415947], [-90.0513428, 35.14195], [-90.0511373, 35.1424618], [-90.0511041, 35.1425444]], [[-90.0511041, 35.1425444], [-90.0510645, 35.1426415], [-90.0509021, 35.14304], [-90.0508414, 35.1431889], [-90.0507291, 35.1434642], [-90.0507017, 35.1435314]], [[-90.0507017, 35.1435314], [-90.0505934, 35.1437984], [-90.0505003, 35.1440278], [-90.050495, 35.144041], [-90.0503279, 35.1444527], [-90.0502995, 35.1445227], [-90.050293, 35.1445388]], [[-90.050293, 35.1445388], [-90.0502866, 35.1445549], [-90.0502797, 35.1445722], [-90.0502661, 35.1446065], [-90.0501007, 35.1450227], [-90.0499697, 35.1453523], [-90.0499301, 35.1454521], [-90.0499044, 35.1455167], [-90.0498746, 35.1455916], [-90.0497067, 35.1460142], [-90.0495366, 35.1464423], [-90.0495064, 35.1465178]], [[-90.0495064, 35.1465178], [-90.0494722, 35.1466071], [-90.0493232, 35.1469942], [-90.0492748, 35.1471199]], [[-90.0492748, 35.1471199], [-90.0491519, 35.1474393], [-90.04912, 35.1475222]], [[-90.04912, 35.1475222], [-90.0491115, 35.1475433], [-90.0490927, 35.1475899], [-90.0488745, 35.148131]], [[-90.0488745, 35.148131], [-90.048751, 35.1484375], [-90.0487214, 35.1485178]], [[-90.0487214, 35.1485178], [-90.0486863, 35.148598], [-90.0485317, 35.1489846], [-90.0483621, 35.1494021], [-90.0483214, 35.1495031]], [[-90.0483214, 35.1495031], [-90.0482886, 35.149583], [-90.0481179, 35.1499988], [-90.0480525, 35.1501581]], [[-90.0480525, 35.1501581], [-90.0479919, 35.1503154], [-90.04797, 35.1503723], [-90.0479462, 35.1504341], [-90.0479251, 35.150489]], [[-90.0479251, 35.150489], [-90.047909, 35.1505298], [-90.047889, 35.1505804], [-90.04772, 35.1509979], [-90.0475233, 35.1514861]], [[-90.0475233, 35.1514861], [-90.0473716, 35.1518485]], [[-90.0473716, 35.1518485], [-90.0470953, 35.1525325]], [[-90.0470953, 35.1525325], [-90.0468977, 35.1530254], [-90.0468882, 35.1530491]], [[-90.0468882, 35.1530491], [-90.0467245, 35.1534519]], [[-90.0467245, 35.1534519], [-90.0465377, 35.1539355], [-90.0465219, 35.1539765], [-90.0465083, 35.1540116], [-90.0464724, 35.1541045]], [[-90.0464724, 35.1541045], [-90.0463765, 35.1543902], [-90.0463426, 35.1544753]], [[-90.0463426, 35.1544753], [-90.0463105, 35.1545541], [-90.0461788, 35.1548652], [-90.0459641, 35.1553725]], [[-90.0459641, 35.1553725], [-90.0459199, 35.1554761]], [[-90.04636, 35.1555915], [-90.0459199, 35.1554761]], [[-90.0471756, 35.155804], [-90.0465746, 35.1556445], [-90.04636, 35.1555915]], [[-90.0464876, 35.1349305], [-90.0465196, 35.1348348], [-90.0467008, 35.1342327]], [[-90.0467008, 35.1342327], [-90.0467715, 35.1340072]], [[-90.0467715, 35.1340072], [-90.0467851, 35.1339649], [-90.0468323, 35.1338176], [-90.0470013, 35.1332906], [-90.0471962, 35.132675], [-90.0471961, 35.1323998]], [[-90.0471961, 35.1323998], [-90.0470774, 35.1325839], [-90.0470407, 35.1326872], [-90.0469247, 35.1330918], [-90.0468656, 35.1332648], [-90.0466517, 35.1339454], [-90.046598, 35.1341044], [-90.0465533, 35.1342589], [-90.0465019, 35.1344259], [-90.0464725, 35.134523]], [[-90.0464725, 35.134523], [-90.0464481, 35.1345969], [-90.0464237, 35.1346734]], [[-90.0464237, 35.1346734], [-90.0463822, 35.1348037], [-90.0463734, 35.1348339], [-90.0463466, 35.1349154]], [[-90.0464876, 35.1349305], [-90.0463466, 35.1349154]], [[-90.0470012, 35.1349788], [-90.0466383, 35.1349447], [-90.0465317, 35.1349347], [-90.0464876, 35.1349305]], [[-90.0495877, 35.1352224], [-90.0488428, 35.1351523], [-90.0485728, 35.1351268], [-90.048109, 35.1350832], [-90.047965, 35.1350696], [-90.047364, 35.135013], [-90.0470012, 35.1349788]], [[-90.0500538, 35.1352663], [-90.0495877, 35.1352224]], [[-90.0504696, 35.1353084], [-90.0501064, 35.1352716], [-90.0500538, 35.1352663]], [[-90.0511276, 35.1353751], [-90.0508816, 35.1353502], [-90.0504696, 35.1353084]], [[-90.0516028, 35.1354232], [-90.0511276, 35.1353751]], [[-90.0520167, 35.1354576], [-90.0516028, 35.1354232]], [[-90.0543472, 35.1358986], [-90.0539186, 35.1357056], [-90.0537505, 35.1356299], [-90.0527734, 35.1355204], [-90.0524601, 35.1354944], [-90.0520167, 35.1354576]], [[-90.0478198, 35.1570812], [-90.0476335, 35.1570314]], [[-90.0479782, 35.1571227], [-90.047928, 35.1571096], [-90.0478198, 35.1570812]], [[-90.0485013, 35.1572528], [-90.0481436, 35.1571645], [-90.0481044, 35.1571548], [-90.0480391, 35.1571386], [-90.0479782, 35.1571227]], [[-90.0486823, 35.1572964], [-90.0485013, 35.1572528]], [[-90.0489602, 35.1573669], [-90.0488956, 35.1573505], [-90.0486823, 35.1572964]], [[-90.049469, 35.1571425], [-90.0493462, 35.1572296], [-90.0492546, 35.1572997], [-90.04921, 35.157313], [-90.0491437, 35.1573327], [-90.0489602, 35.1573669]], [[-90.0473546, 35.1319468], [-90.0473368, 35.1320034], [-90.0473282, 35.132031], [-90.0472612, 35.1322079], [-90.0472158, 35.1323434], [-90.0472021, 35.1323827], [-90.0471961, 35.1323998]], [[-90.0102579, 35.0915332], [-90.0101792, 35.0918278], [-90.0101658, 35.091926], [-90.0100914, 35.0920226], [-90.0099741, 35.0920966], [-90.0098916, 35.0921356], [-90.0097815, 35.092162]]]}}, {"type": "Feature", "properties": {"osm_id": 8829593, "ref": "17", "name": "MATA 17 McLemore"}, "geometry": {"type": "MultiLineString", "coordinates": [[[-89.9324031, 35.0764605], [-89.9334357, 35.0765058]], [[-89.9334357, 35.0765058], [-89.9334331, 35.0764547], [-89.9334343, 35.0762929], [-89.9334307, 35.0762721], [-89.9334182, 35.0762501], [-89.9334024, 35.0762329], [-89.933379, 35.0762168], [-89.9333469, 35.0762024], [-89.9333109, 35.0761897], [-89.9332602, 35.0761786], [-89.933206, 35.0761721], [-89.9330851, 35.0761633], [-89.9328776, 35.0761551], [-89.9326097, 35.0761457], [-89.9325802, 35.0761466], [-89.9325543, 35.0761485], [-89.9325268, 35.0761521], [-89.9325005, 35.0761576], [-89.9324827, 35.0761634], [-89.9324684, 35.0761692], [-89.9324589, 35.0761744]], [[-89.9324589, 35.0761744], [-89.9324418, 35.0761871], [-89.932431, 35.0761985], [-89.9324226, 35.0762108], [-89.9324144, 35.0762294], [-89.9324093, 35.0762488], [-89.9324031, 35.0764605]], [[-89.9505772, 35.0767617], [-89.950304, 35.0768373]], [[-89.9511597, 35.0765585], [-89.9508512, 35.0766858], [-89.9505772, 35.0767617]], [[-89.9517697, 35.0771075], [-89.951543, 35.0769034], [-89.9511597, 35.0765585]], [[-89.950304, 35.0768373], [-89.9506692, 35.0768311], [-89.9510443, 35.0768636], [-89.9513099, 35.0769273], [-89.9515647, 35.0770063], [-89.9517697, 35.0771075]], [[-89.950304, 35.0768373], [-89.9495906, 35.0769624]], [[-89.9495906, 35.0769624], [-89.9492835, 35.0769931], [-89.9486759, 35.0770041], [-89.9437623, 35.0769383], [-89.9428059, 35.076913], [-89.9418192, 35.0768652], [-89.9416614, 35.0768585]], [[-89.9416614, 35.0768585], [-89.9412931, 35.0768416]], [[-89.9412931, 35.0768416], [-89.9409316, 35.076828], [-89.94049, 35.076807], [-89.937243, 35.0766685], [-89.9351527, 35.0765796], [-89.9334357, 35.0765058]], [[-89.9552602, 35.079903], [-89.9550304, 35.0798306]], [[-89.9550304, 35.0798306], [-89.9551127, 35.0799819]], [[-89.9551127, 35.0799819], [-89.9560434, 35.0807414]], [[-89.9560434, 35.0807414], [-89.9562955, 35.0809434]], [[-89.9562955, 35.0809434], [-89.9566817, 35.081277]], [[-89.9566817, 35.081277], [-89.9571109, 35.0816238], [-89.9575758, 35.0819986]], [[-89.9575758, 35.0819986], [-89.9576152, 35.0820979], [-89.9576259, 35.0821769], [-89.9576205, 35.0822296], [-89.9575883, 35.0822911], [-89.9575293, 35.0823437], [-89.9573147, 35.082414]], [[-89.9573147, 35.082414], [-89.9574328, 35.0824096], [-89.9575293, 35.082392], [-89.9575883, 35.0823701], [-89.9576581, 35.0823306], [-89.9578297, 35.0822033], [-89.9578995, 35.0821286]], [[-89.9567944, 35.0812375], [-89.9563974, 35.0808775]], [[-89.9563974, 35.0808775], [-89.9561989, 35.0807019]], [[-89.9578995, 35.0821286], [-89.9572236, 35.0815931], [-89.9567944, 35.0812375]], [[-89.9573016, 35.0866072], [-89.9572436, 35.0866047], [-89.9569515, 35.0865979], [-89.9567904, 35.0865944], [-89.9565614, 35.0865894], [-89.9560633, 35.0865784], [-89.9559385, 35.0865757], [-89.955103, 35.0865573]], [[-89.9574104, 35.0866117], [-89.9573016, 35.0866072]], [[-89.9615935, 35.0867389], [-89.9610375, 35.0866509], [-89.9602188, 35.0866383], [-89.9601925, 35.0866379], [-89.9581161, 35.0866235], [-89.9580265, 35.0866229], [-89.9574104, 35.0866117]], [[-89.9615935, 35.0867389], [-89.9616591, 35.0866316], [-89.9617597, 35.0864672], [-89.9618006, 35.0864218], [-89.9619937, 35.0862492], [-89.9621018, 35.0861688], [-89.9623699, 35.0859887]], [[-89.9623699, 35.0859887], [-89.9625228, 35.0858793], [-89.9627063, 35.0857473], [-89.9627847, 35.0856908]], [[-89.9627847, 35.0856908], [-89.9629235, 35.0855909], [-89.9630878, 35.085513], [-89.9633935, 35.0853679], [-89.9638445, 35.0852599], [-89.9642105, 35.0852139], [-89.9646515, 35.0852289], [-89.9651595, 35.0853059], [-89.9654975, 35.0854289], [-89.9658535, 35.0856029], [-89.9678265, 35.0865499], [-89.9683155, 35.0867419], [-89.9688415, 35.0868569], [-89.9694445, 35.0868937], [-89.9700387, 35.0869038]], [[-89.9700387, 35.0869038], [-89.9704585, 35.0869109]], [[-89.9704449, 35.0873687], [-89.9704585, 35.0869109]], [[-89.9703045, 35.0920349], [-89.9703345, 35.0910869], [-89.9703465, 35.0903199], [-89.9703619, 35.0898838], [-89.9704125, 35.0884539], [-89.9704434, 35.0874748], [-89.9704439, 35.0874401], [-89.9704449, 35.0873687]], [[-89.9746775, 35.0921719], [-89.9703045, 35.0920349]], [[-89.9745715, 35.0950969], [-89.9746075, 35.0941279], [-89.9746495, 35.0931389], [-89.9746775, 35.0921719]], [[-89.9792828, 35.0952311], [-89.9775165, 35.0951819], [-89.9745715, 35.0950969]], [[-89.9520002, 35.0773058], [-89.9517697, 35.0771075]], [[-89.9525243, 35.0777387], [-89.9520002, 35.0773058]], [[-89.9532592, 35.0783269], [-89.9531292, 35.0782228], [-89.9525243, 35.0777387]], [[-89.9537389, 35.0787338], [-89.9532592, 35.0783269]], [[-89.9540642, 35.07901], [-89.9537389, 35.0787338]], [[-89.9550304, 35.0798306], [-89.9540642, 35.07901]], [[-89.9561989, 35.0807019], [-89.9553514, 35.0799864], [-89.9552602, 35.079903]], [[-89.9545402, 35.0829984], [-89.9549276, 35.0827564], [-89.9551314, 35.0826335], [-89.9552556, 35.0825725], [-89.9553192, 35.0825413], [-89.9554801, 35.0824798], [-89.9556625, 35.0824315], [-89.9558034, 35.0824066], [-89.955861, 35.0823964], [-89.9560809, 35.0823833], [-89.9561525, 35.0823856], [-89.9570358, 35.082414], [-89.9573147, 35.082414]], [[-89.9539298, 35.0833797], [-89.9545402, 35.0829984]], [[-89.9539298, 35.0833797], [-89.9543251, 35.0838409], [-89.954673, 35.0842469], [-89.9547733, 35.0843639], [-89.9548407, 35.0844425], [-89.9548563, 35.0844607], [-89.9549577, 35.0846011], [-89.9550184, 35.0847129], [-89.9550265, 35.0847279], [-89.955071, 35.084805], [-89.9551153, 35.0849128], [-89.9551302, 35.0850034], [-89.9551361, 35.085039], [-89.9551378, 35.0850568], [-89.9551503, 35.0851896], [-89.9551364, 35.0855915], [-89.9551333, 35.085681], [-89.955103, 35.0865573]], [[-89.9810025, 35.0962789], [-89.979356, 35.0953062], [-89.9792828, 35.0952311]], [[-89.9845138, 35.0963974], [-89.9810025, 35.0962789]], [[-89.9843599, 35.1000746], [-89.9843803, 35.0994226], [-89.9844376, 35.0983088], [-89.9844363, 35.098242], [-89.9844842, 35.0972775], [-89.9845112, 35.0964738], [-89.9845138, 35.0963974]], [[-89.9871365, 35.1001491], [-89.9870489, 35.1001467], [-89.9844311, 35.1000765], [-89.9843599, 35.1000746]], [[-89.9871365, 35.1001491], [-89.9873825, 35.1001552], [-89.9875523, 35.1001594], [-89.9876748, 35.1000976], [-89.9877376, 35.100034], [-89.9877572, 35.0999719], [-89.9877626, 35.0998399], [-89.9877242, 35.0997314]], [[-89.9927065, 35.0997719], [-89.9917601, 35.0997586], [-89.9912629, 35.0997516], [-89.9907448, 35.0997443], [-89.9905475, 35.0997417], [-89.9899504, 35.0997338], [-89.9898411, 35.0997338], [-89.9892132, 35.099724], [-89.9890433, 35.0997217], [-89.9886107, 35.0997249], [-89.9881152, 35.0997296], [-89.9877242, 35.0997314]], [[-89.9927065, 35.0997719], [-89.9927069, 35.0998952], [-89.9927085, 35.100441], [-89.9926924, 35.100955], [-89.9926891, 35.1010608], [-89.992671, 35.1016735], [-89.9926465, 35.1023549], [-89.9926453, 35.1024081], [-89.9926325, 35.1029929], [-89.9926155, 35.1036339], [-89.9925725, 35.1042839], [-89.9925375, 35.1049099], [-89.9924955, 35.1055429], [-89.9924684, 35.1059365], [-89.9924495, 35.1062113], [-89.9924145, 35.1067199], [-89.9924075, 35.1069689], [-89.9923925, 35.1072599], [-89.9922965, 35.1087099], [-89.9922295, 35.1095719], [-89.9922365, 35.1097289], [-89.9922885, 35.1098389], [-89.9923093, 35.1098559], [-89.9923921, 35.1099239]], [[-89.9926222, 35.1101559], [-89.9923921, 35.1099239]], [[-89.9926222, 35.1101559], [-89.9930233, 35.1100038], [-89.994439, 35.1096226], [-89.9958012, 35.1092422], [-89.9964976, 35.1090511], [-89.9969075, 35.1090129], [-89.9970632, 35.1090181], [-89.9973125, 35.1090265], [-89.9981536, 35.1090615], [-89.9993934, 35.1090583], [-90.0009404, 35.1090826], [-90.0015448, 35.1090927], [-90.0036438, 35.1091281], [-90.004826, 35.1091568], [-90.0050842, 35.1091636]], [[-90.0050726, 35.108925], [-90.0048356, 35.1089119], [-90.0035695, 35.1088996], [-90.0030187, 35.1089057], [-90.0015207, 35.1088703], [-90.000185, 35.1088439], [-89.9993363, 35.1087785], [-89.9981641, 35.1087166], [-89.9981421, 35.1087158], [-89.9975423, 35.1086928], [-89.9970818, 35.1086878], [-89.9966658, 35.1086878], [-89.996398, 35.1087211], [-89.9962052, 35.1087711], [-89.9957568, 35.1088872], [-89.9944296, 35.1092691], [-89.9940223, 35.1093878], [-89.9937868, 35.1094564], [-89.9934812, 35.1095455], [-89.9926831, 35.1097781], [-89.9923921, 35.1099239]], [[-90.0050842, 35.1091636], [-90.0050726, 35.108925]], [[-90.0048975, 35.1134249], [-90.0049365, 35.1124459], [-90.0049495, 35.1114879], [-90.0049985, 35.1105409], [-90.0050803, 35.1092271], [-90.0050842, 35.1091636]], [[-90.0104657, 35.1135908], [-90.0073, 35.1134965], [-90.0063231, 35.1134674], [-90.0048975, 35.1134249]], [[-90.0120465, 35.1136379], [-90.0104657, 35.1135908]], [[-90.0120845, 35.1161209], [-90.0119575, 35.1159559], [-90.0119325, 35.1158109], [-90.0119495, 35.1154659], [-90.0119852, 35.1145689], [-90.0120465, 35.1136379]], [[-90.0216215, 35.1153119], [-90.0212809, 35.1153408], [-90.0207276, 35.1153877], [-90.0204665, 35.1154099], [-90.0188488, 35.1155266], [-90.0187065, 35.1155369], [-90.0182235, 35.1155579], [-90.0182024, 35.1155594], [-90.0170585, 35.1156429], [-90.0160355, 35.1157359], [-90.015932, 35.1157424], [-90.0158819, 35.1157438], [-90.0155495, 35.1157619], [-90.0148698, 35.1158088], [-90.0145055, 35.1158339], [-90.0140595, 35.1158599], [-90.0135681, 35.1158995], [-90.0130034, 35.1159449], [-90.0124695, 35.1159879], [-90.0122625, 35.1160419], [-90.0120845, 35.1161209]], [[-90.0216215, 35.1153119], [-90.0216273, 35.1151356], [-90.0216338, 35.1149383], [-90.0216386, 35.1147921], [-90.0216433, 35.1146491], [-90.0216452, 35.1145921], [-90.021648, 35.1145071], [-90.0216529, 35.1142995], [-90.021658, 35.1141538], [-90.021692, 35.1135607], [-90.0216887, 35.113214], [-90.0216963, 35.1128908], [-90.0217064, 35.1124806], [-90.021719, 35.1119533], [-90.0217326, 35.111546], [-90.0217423, 35.1109562], [-90.0217463, 35.1107146], [-90.0217498, 35.1105017], [-90.021753, 35.1103036], [-90.0217556, 35.1101419]], [[-90.0217556, 35.1101419], [-90.0217593, 35.1099174], [-90.0217595, 35.1098683], [-90.0217534, 35.1098266], [-90.0217473, 35.1097848], [-90.0217262, 35.109672]], [[-90.0148699, 35.1093453], [-90.0149547, 35.1093702], [-90.0150905, 35.1094091], [-90.0152228, 35.1094396], [-90.0152907, 35.1094507], [-90.0153653, 35.1094563], [-90.0157427, 35.1094701], [-90.017314, 35.1095231], [-90.0183004, 35.1095564], [-90.0184252, 35.1095606], [-90.0211282, 35.1096518], [-90.0215516, 35.1096661], [-90.0217262, 35.109672]], [[-90.0144242, 35.1092475], [-90.0146588, 35.1092852], [-90.0147545, 35.1093119], [-90.0148699, 35.1093453]], [[-90.0125921, 35.1092234], [-90.0136852, 35.1092378], [-90.0144242, 35.1092475]], [[-90.0050842, 35.1091636], [-90.0059267, 35.1091829], [-90.0060417, 35.1091855], [-90.0060765, 35.1091866], [-90.0066654, 35.1092058], [-90.0073056, 35.1092266], [-90.0080286, 35.1092501], [-90.0085712, 35.1092678], [-90.0087938, 35.1092751], [-90.0099345, 35.1093122], [-90.0100475, 35.1093161], [-90.0101156, 35.1093178], [-90.0106794, 35.1093393], [-90.0107724, 35.109342], [-90.0119353, 35.1093756], [-90.0120956, 35.1093759], [-90.0121999, 35.1093695], [-90.0122682, 35.1093596], [-90.0123471, 35.1093455], [-90.0125921, 35.1092234]], [[-90.0470175, 35.115868], [-90.0474444, 35.1158776], [-90.0475289, 35.1158796], [-90.0475667, 35.1158805]], [[-90.0475667, 35.1158805], [-90.0482345, 35.1158964], [-90.0499187, 35.1159364], [-90.0502793, 35.115945], [-90.0512445, 35.1159625]], [[-90.0512445, 35.1159625], [-90.0523757, 35.1159885], [-90.052516, 35.1159899]], [[-90.052516, 35.1159899], [-90.0537217, 35.1160187], [-90.0543578, 35.116033], [-90.0544005, 35.116034], [-90.0547459, 35.1160418], [-90.0548294, 35.1160437], [-90.0552402, 35.1160529]], [[-90.0552402, 35.1160529], [-90.0569701, 35.1160801]], [[-90.0569701, 35.1160801], [-90.05772, 35.1160929], [-90.0586291, 35.1161185]], [[-90.0622586, 35.1162104], [-90.0619454, 35.1162006], [-90.0614084, 35.1161839], [-90.0609431, 35.1161715], [-90.0605345, 35.1161589], [-90.059616, 35.1161456], [-90.0586291, 35.1161185]], [[-90.0622586, 35.1162104], [-90.062256, 35.1153785], [-90.062254, 35.1147455], [-90.0622531, 35.1144525], [-90.0622515, 35.1139569], [-90.0622803, 35.1125367], [-90.0622815, 35.1113159], [-90.0623388, 35.1101648], [-90.0623696, 35.1087095], [-90.0623675, 35.1085435], [-90.062365, 35.1083418], [-90.0623634, 35.1082139], [-90.0623606, 35.1079802], [-90.0623575, 35.1077319]], [[-90.0623575, 35.1077319], [-90.0629164, 35.1077469]], [[-90.0629164, 35.1077469], [-90.0631164, 35.1077522], [-90.0634405, 35.1077609], [-90.0639599, 35.1077679], [-90.0641808, 35.1077709], [-90.0647285, 35.1077809]], [[-90.0647285, 35.1077809], [-90.0656365, 35.1078029], [-90.0660819, 35.1078182], [-90.0663052, 35.1078245], [-90.0666473, 35.1078341], [-90.066748, 35.1078369], [-90.0674215, 35.1078559], [-90.0691155, 35.1078819], [-90.0696167, 35.1078915], [-90.0704018, 35.1079088], [-90.0712032, 35.1079242], [-90.0729635, 35.1079579]], [[-90.0729635, 35.1079579], [-90.072968, 35.1078031], [-90.0729753, 35.1075598], [-90.0729935, 35.1069339], [-90.0730455, 35.1060659], [-90.0730685, 35.1052219], [-90.0731145, 35.1044239], [-90.0731385, 35.1036499], [-90.0731675, 35.1028679], [-90.0731995, 35.1020529]], [[-90.0731995, 35.1020529], [-90.0732497, 35.1013226], [-90.0732615, 35.1006139]], [[-90.0732615, 35.1006139], [-90.0741397, 35.1006305]], [[-90.0741397, 35.1006305], [-90.0741976, 35.0993085], [-90.0742106, 35.09892], [-90.0742271, 35.0982757], [-90.0742354, 35.0976735], [-90.0742716, 35.096377], [-90.0742933, 35.0951263], [-90.0742985, 35.0948269], [-90.0743395, 35.0941009]], [[-90.0743395, 35.0941009], [-90.0740335, 35.0940779], [-90.0735189, 35.0939412], [-90.0731855, 35.0938929], [-90.0726365, 35.0938289]], [[-90.0726365, 35.0938289], [-90.070207, 35.0935569], [-90.0684913, 35.0933531], [-90.0681998, 35.0933185], [-90.0674806, 35.0932331]], [[-90.0674806, 35.0932331], [-90.067451, 35.0936605], [-90.0674424, 35.0937845], [-90.067427, 35.094038], [-90.0674135, 35.0942609]], [[-90.0674135, 35.0942609], [-90.0673568, 35.0947082], [-90.0673444, 35.0948059], [-90.0673355, 35.0948759], [-90.0672315, 35.0952019], [-90.0670845, 35.0955059], [-90.0669095, 35.0957519], [-90.0665465, 35.0962039], [-90.0659875, 35.0969619], [-90.0655355, 35.0975989], [-90.0654285, 35.0977609], [-90.0653865, 35.0978819], [-90.0653445, 35.0982409], [-90.0652805, 35.0989009], [-90.0651975, 35.0996009], [-90.0651105, 35.1002949], [-90.0650425, 35.1010149], [-90.0649949, 35.1017159]], [[-90.0649949, 35.1017159], [-90.0649709, 35.1021758], [-90.0649454, 35.1029646], [-90.0649024, 35.1039107], [-90.0648675, 35.1047551], [-90.0648512, 35.1053116], [-90.0647735, 35.1062819], [-90.0647645, 35.1067989], [-90.0647285, 35.1077809]], [[-89.9704125, 35.0884539], [-89.9689765, 35.0884309], [-89.9676955, 35.0883779], [-89.9673755, 35.0883239], [-89.9671035, 35.0882319], [-89.966811, 35.0880972], [-89.9652235, 35.0873469]], [[-89.9652235, 35.0873469], [-89.9650175, 35.0875349], [-89.9646455, 35.0877287], [-89.9643469, 35.0878843], [-89.9641565, 35.0879835]], [[-89.9641565, 35.0879835], [-89.9636042, 35.087294], [-89.9634529, 35.0871228], [-89.9633653, 35.0870242], [-89.9632175, 35.086856], [-89.9631507, 35.08678], [-89.9629823, 35.0866122], [-89.9629407, 35.0865707], [-89.9628329, 35.0864584]], [[-89.9628329, 35.0864584], [-89.962698, 35.086318], [-89.9625781, 35.0861963], [-89.9623699, 35.0859887]], [[-89.9704585, 35.0869109], [-89.9704721, 35.0865735]], [[-89.9704721, 35.0865735], [-89.970499, 35.0859096], [-89.9705466, 35.0857322], [-89.9705627, 35.0856933], [-89.9705968, 35.085611], [-89.9706972, 35.0854758], [-89.9709484, 35.0852606]], [[-89.9709484, 35.0852606], [-89.9715065, 35.0848419], [-89.9716575, 35.0846529]], [[-89.9716575, 35.0846529], [-89.9717645, 35.0843889], [-89.9717965, 35.0842489], [-89.9718022, 35.0840806], [-89.9718075, 35.0839239], [-89.9718395, 35.0831769], [-89.9718615, 35.0822669], [-89.9719398, 35.081297], [-89.9719639, 35.0809981], [-89.9719817, 35.0807776], [-89.9720032, 35.0805109]], [[-89.9720032, 35.0805109], [-89.9720656, 35.0805127], [-89.9725029, 35.0805253]], [[-89.9725029, 35.0805253], [-89.9730954, 35.0805423], [-89.9737065, 35.0805599]], [[-89.9737065, 35.0805599], [-89.9746385, 35.0805439], [-89.9749975, 35.0804999], [-89.9753755, 35.0804029], [-89.9766095, 35.0800739], [-89.9778187, 35.0797627], [-89.9785715, 35.0795689], [-89.9788365, 35.0795339], [-89.9799252, 35.0794911], [-89.9800812, 35.0794829]], [[-89.9800812, 35.0794829], [-89.9808794, 35.0794609], [-89.9809995, 35.0794562], [-89.9825635, 35.0793949], [-89.9837342, 35.0793462]], [[-89.9837342, 35.0793462], [-89.9839575, 35.0793369], [-89.9842264, 35.0793239], [-89.9844321, 35.0793136], [-89.9846355, 35.0793036], [-89.9848672, 35.0792922]], [[-89.9848672, 35.0792922], [-89.9848369, 35.079703], [-89.9848426, 35.0798028], [-89.9848475, 35.0798519], [-89.9848582, 35.0798943]], [[-89.9848582, 35.0798943], [-89.9848813, 35.0799854], [-89.9849335, 35.0801839], [-89.9849599, 35.0802647], [-89.9852865, 35.0812639], [-89.9853867, 35.081537], [-89.9854425, 35.0816889], [-89.9854901, 35.0818721], [-89.9855885, 35.0822509], [-89.9859642, 35.0833316], [-89.9860835, 35.0836749], [-89.986147, 35.0838073], [-89.986228, 35.0839759], [-89.9863286, 35.0841855], [-89.9863722, 35.0842763], [-89.9864015, 35.0843222], [-89.9865082, 35.0844891], [-89.9866965, 35.0847839], [-89.9871263, 35.0854019], [-89.9874873, 35.0859211], [-89.9875854, 35.0860676]], [[-89.9875854, 35.0860676], [-89.9877765, 35.0864561]], [[-89.9877765, 35.0864561], [-89.9878111, 35.0865974], [-89.9878127, 35.0867385], [-89.9878115, 35.0867673], [-89.9878036, 35.0869587], [-89.9877956, 35.0871547], [-89.9877376, 35.0879795], [-89.9877165, 35.0882259], [-89.9876879, 35.0890928], [-89.9876747, 35.0894948], [-89.9876723, 35.0895662], [-89.9876741, 35.0896114], [-89.9876449, 35.090385], [-89.9876279, 35.09083]], [[-89.9876279, 35.09083], [-89.9876009, 35.0915477]], [[-89.9876009, 35.0915477], [-89.987588, 35.0920326]], [[-89.987588, 35.0920326], [-89.987575, 35.0925327], [-89.9875124, 35.0941181]], [[-89.9875124, 35.0941181], [-89.9874002, 35.0965782]], [[-89.9874002, 35.0965782], [-89.9873363, 35.0983794], [-89.9872771, 35.0990916], [-89.9872317, 35.0996383]], [[-89.9872317, 35.0996383], [-89.9871554, 35.1000479], [-89.9871365, 35.1001491]], [[-90.0125921, 35.1092234], [-90.0123517, 35.1091864], [-90.0114468, 35.1091538], [-90.0107915, 35.1091316], [-90.0105536, 35.1091235], [-90.0100066, 35.1091128], [-90.0098984, 35.1091096], [-90.0098336, 35.1091103], [-90.0088378, 35.1090743], [-90.0087983, 35.1090729], [-90.0060861, 35.1089747], [-90.0050726, 35.108925]], [[-90.0472051, 35.1196559], [-90.0460928, 35.1196256], [-90.0450183, 35.1196029], [-90.043761, 35.1195787], [-90.0431575, 35.1195649], [-90.0418782, 35.1195412], [-90.0409021, 35.1195169], [-90.0387573, 35.1194824]], [[-90.0387573, 35.1194824], [-90.0384044, 35.1194794], [-90.0382063, 35.1194707], [-90.037906, 35.1194629], [-90.0370171, 35.1194408], [-90.0367727, 35.1194377], [-90.0367145, 35.1194369], [-90.0359457, 35.1194129], [-90.0351625, 35.119388], [-90.0347805, 35.1193759], [-90.0341246, 35.1193573], [-90.03386, 35.119348], [-90.0333685, 35.1193359], [-90.03286, 35.1193254], [-90.03256, 35.1193199], [-90.0325455, 35.1193199], [-90.0317745, 35.1192949], [-90.0306881, 35.1192733]], [[-90.0306881, 35.1192733], [-90.0305169, 35.1192694], [-90.0289467, 35.1192277], [-90.0273444, 35.1191945]], [[-90.0273444, 35.1191945], [-90.0258995, 35.1191409], [-90.0255305, 35.1191219]], [[-90.0255305, 35.1191219], [-90.0253485, 35.1191079], [-90.0245315, 35.1190999], [-90.0239698, 35.1190803], [-90.0227635, 35.1190579], [-90.0214596, 35.1190201]], [[-90.0214596, 35.1190201], [-90.0214828, 35.1184051], [-90.0214919, 35.1180997], [-90.0214941, 35.1180247], [-90.0215029, 35.1178264], [-90.0215355, 35.1170899], [-90.0215561, 35.1166639], [-90.0215784, 35.1162042], [-90.021585, 35.1160672], [-90.0216215, 35.1153119]], [[-90.0220796, 35.115315], [-90.0216215, 35.1153119]], [[-90.022328, 35.1153138], [-90.022136, 35.1153144], [-90.0220796, 35.115315]], [[-90.0225258, 35.1153161], [-90.022328, 35.1153138]], [[-90.0230265, 35.1153279], [-90.0229505, 35.1153209], [-90.0225258, 35.1153161]], [[-90.027524, 35.115431], [-90.0268939, 35.1154095], [-90.0262975, 35.1153889], [-90.0261834, 35.1153868], [-90.0256448, 35.1153768], [-90.0252474, 35.1153715], [-90.0249361, 35.1153638], [-90.0242966, 35.1153479], [-90.0241309, 35.1153434], [-90.0230265, 35.1153279]], [[-90.0275843, 35.1154321], [-90.027524, 35.115431]], [[-90.028228, 35.1154519], [-90.0275843, 35.1154321]], [[-90.0308295, 35.1155043], [-90.0302964, 35.115492], [-90.0301347, 35.11549], [-90.0299147, 35.1154869], [-90.0298221, 35.1154857], [-90.0295419, 35.1154784], [-90.0293684, 35.1154758], [-90.0292512, 35.1154741], [-90.0288239, 35.1154633], [-90.0284584, 35.115458], [-90.028228, 35.1154519]], [[-90.0313672, 35.1155161], [-90.030956, 35.1155071], [-90.0308295, 35.1155043]], [[-90.0367134, 35.1156345], [-90.03604, 35.1156201], [-90.034632, 35.1155895], [-90.0339731, 35.1155747], [-90.0337555, 35.1155698], [-90.0330559, 35.1155541], [-90.0323466, 35.1155382], [-90.0317873, 35.1155256], [-90.0313672, 35.1155161]], [[-90.0371646, 35.1156441], [-90.0367134, 35.1156345]], [[-90.0375431, 35.1156537], [-90.037482, 35.1156522], [-90.0371646, 35.1156441]], [[-90.0428751, 35.1157851], [-90.0427468, 35.1157815], [-90.0423508, 35.1157703], [-90.0422685, 35.115768], [-90.0421448, 35.1157648], [-90.0418906, 35.1157581], [-90.0410006, 35.1157347], [-90.0404247, 35.1157219], [-90.038893, 35.115688], [-90.037802, 35.1156603], [-90.0375431, 35.1156537]], [[-90.0433595, 35.1157988], [-90.0428751, 35.1157851]], [[-90.0465347, 35.1158588], [-90.0462386, 35.1158532], [-90.0450524, 35.1158295], [-90.0433595, 35.1157988]], [[-90.0470175, 35.115868], [-90.0465985, 35.11586], [-90.0465347, 35.1158588]], [[-90.0472061, 35.1162166], [-90.0472329, 35.1163131], [-90.0472456, 35.1163591], [-90.0472625, 35.1164199], [-90.0472932, 35.116734], [-90.0473033, 35.1168376], [-90.0472974, 35.1170839], [-90.0472702, 35.1177723], [-90.0472537, 35.118238], [-90.047246, 35.118455], [-90.0472358, 35.1187089], [-90.0472051, 35.1196559]], [[-90.0472061, 35.1162166], [-90.0472123, 35.1161459], [-90.0472781, 35.1160261], [-90.0473504, 35.1159311], [-90.0474444, 35.1158776]], [[-90.0470175, 35.115868], [-90.0472061, 35.1162166]]]}}, {"type": "Feature", "properties": {"osm_id": 8829594, "ref": "13", "name": "MATA 13 Lauderdale"}, "geometry": {"type": "MultiLineString", "coordinates": [[[-90.0565037, 35.1327728], [-90.0560641, 35.1327655], [-90.0556794, 35.1327591], [-90.0551814, 35.1327509]], [[-90.0551814, 35.1327509], [-90.0546375, 35.1327293]], [[-90.0546375, 35.1327293], [-90.0545402, 35.1327271], [-90.0542037, 35.1327196], [-90.0536483, 35.1327078], [-90.0520635, 35.1326766], [-90.0519796, 35.132675]], [[-90.0519796, 35.132675], [-90.0519816, 35.132593], [-90.0519951, 35.1320283], [-90.0520073, 35.1314905]], [[-90.0520073, 35.1314905], [-90.0516032, 35.1314792], [-90.050409, 35.1314643]], [[-90.0504767, 35.1290842], [-90.0504605, 35.1296643], [-90.0504531, 35.1302555], [-90.050409, 35.1314643]], [[-90.0486823, 35.1572964], [-90.0485013, 35.1572528]], [[-90.0489602, 35.1573669], [-90.0488956, 35.1573505], [-90.0486823, 35.1572964]], [[-90.0489602, 35.1573669], [-90.0492301, 35.1574348], [-90.0493328, 35.1574631]], [[-90.049469, 35.1571425], [-90.0493787, 35.157355], [-90.0493328, 35.1574631]], [[-90.0495279, 35.1569866], [-90.049469, 35.1571425]], [[-90.0495808, 35.1568464], [-90.0495279, 35.1569866]], [[-90.0497294, 35.1564907], [-90.0495808, 35.1568464]], [[-90.0497294, 35.1564907], [-90.0492362, 35.1563611]], [[-90.0512809, 35.1526425], [-90.0516908, 35.1516396]], [[-90.0485013, 35.1572528], [-90.0481436, 35.1571645], [-90.0481044, 35.1571548], [-90.0480391, 35.1571386], [-90.0479782, 35.1571227]], [[-90.0479782, 35.1571227], [-90.047928, 35.1571096], [-90.0478198, 35.1570812]], [[-90.0478198, 35.1570812], [-90.0476335, 35.1570314]], [[-90.0471861, 35.1569129], [-90.0476335, 35.1570314]], [[-90.046761, 35.1568003], [-90.0471861, 35.1569129]], [[-90.0464317, 35.1567175], [-90.046761, 35.1568003]], [[-90.0460158, 35.1566119], [-90.0461707, 35.1566519], [-90.0464317, 35.1567175]], [[-90.0455208, 35.1564874], [-90.0460158, 35.1566119]], [[-90.0456723, 35.1561035], [-90.0455208, 35.1564874]], [[-90.0457622, 35.1558757], [-90.0457048, 35.1560212], [-90.045695, 35.1560451], [-90.0456723, 35.1561035]], [[-90.0459199, 35.1554761], [-90.0458314, 35.155689], [-90.0457622, 35.1558757]], [[-90.0459641, 35.1553725], [-90.0459199, 35.1554761]], [[-90.0463426, 35.1544753], [-90.0463105, 35.1545541], [-90.0461788, 35.1548652], [-90.0459641, 35.1553725]], [[-90.0464724, 35.1541045], [-90.0463765, 35.1543902], [-90.0463426, 35.1544753]], [[-90.0467245, 35.1534519], [-90.0465377, 35.1539355], [-90.0465219, 35.1539765], [-90.0465083, 35.1540116], [-90.0464724, 35.1541045]], [[-90.0468882, 35.1530491], [-90.0467245, 35.1534519]], [[-90.0470953, 35.1525325], [-90.0468977, 35.1530254], [-90.0468882, 35.1530491]], [[-90.0473716, 35.1518485], [-90.0470953, 35.1525325]], [[-90.0475233, 35.1514861], [-90.0473716, 35.1518485]], [[-90.0479251, 35.150489], [-90.047909, 35.1505298], [-90.047889, 35.1505804], [-90.04772, 35.1509979], [-90.0475233, 35.1514861]], [[-90.0480525, 35.1501581], [-90.0479919, 35.1503154], [-90.04797, 35.1503723], [-90.0479462, 35.1504341], [-90.0479251, 35.150489]], [[-90.0483214, 35.1495031], [-90.0482886, 35.149583], [-90.0481179, 35.1499988], [-90.0480525, 35.1501581]], [[-90.0487214, 35.1485178], [-90.0486863, 35.148598], [-90.0485317, 35.1489846], [-90.0483621, 35.1494021], [-90.0483214, 35.1495031]], [[-90.0488745, 35.148131], [-90.048751, 35.1484375], [-90.0487214, 35.1485178]], [[-90.04912, 35.1475222], [-90.0491115, 35.1475433], [-90.0490927, 35.1475899], [-90.0488745, 35.148131]], [[-90.0492748, 35.1471199], [-90.0491519, 35.1474393], [-90.04912, 35.1475222]], [[-90.0495064, 35.1465178], [-90.0494722, 35.1466071], [-90.0493232, 35.1469942], [-90.0492748, 35.1471199]], [[-90.050293, 35.1445388], [-90.0502866, 35.1445549], [-90.0502797, 35.1445722], [-90.0502661, 35.1446065], [-90.0501007, 35.1450227], [-90.0499697, 35.1453523], [-90.0499301, 35.1454521], [-90.0499044, 35.1455167], [-90.0498746, 35.1455916], [-90.0497067, 35.1460142], [-90.0495366, 35.1464423], [-90.0495064, 35.1465178]], [[-90.0507017, 35.1435314], [-90.0505934, 35.1437984], [-90.0505003, 35.1440278], [-90.050495, 35.144041], [-90.0503279, 35.1444527], [-90.0502995, 35.1445227], [-90.050293, 35.1445388]], [[-90.0511041, 35.1425444], [-90.0510645, 35.1426415], [-90.0509021, 35.14304], [-90.0508414, 35.1431889], [-90.0507291, 35.1434642], [-90.0507017, 35.1435314]], [[-90.0517342, 35.1403575], [-90.0517182, 35.1404601], [-90.0516523, 35.140883], [-90.051594, 35.141257], [-90.0515879, 35.1412961], [-90.0515815, 35.1413491], [-90.0514839, 35.1415947], [-90.0513428, 35.14195], [-90.0511373, 35.1424618], [-90.0511041, 35.1425444]], [[-90.0517919, 35.1399665], [-90.0517457, 35.1402801], [-90.0517342, 35.1403575]], [[-90.0518637, 35.1395357], [-90.051846, 35.1396166], [-90.0518168, 35.1397509], [-90.0517972, 35.1399198], [-90.0517919, 35.1399665]], [[-90.0530654, 35.1375199], [-90.0522946, 35.1386308], [-90.0520431, 35.1391081], [-90.0518773, 35.1394951], [-90.0518637, 35.1395357]], [[-90.0533464, 35.1371665], [-90.0531387, 35.1374277], [-90.0530654, 35.1375199]], [[-90.0543472, 35.1358986], [-90.0536954, 35.1367277], [-90.0533464, 35.1371665]], [[-90.0545472, 35.13553], [-90.0543472, 35.1358986]], [[-90.0550902, 35.1340078], [-90.0550607, 35.134464], [-90.0550419, 35.1345605], [-90.0550178, 35.1346329], [-90.0549614, 35.1347667], [-90.0547558, 35.1351456], [-90.0545472, 35.13553]], [[-90.0546375, 35.1327293], [-90.0546315, 35.1329619], [-90.0546925, 35.1331729], [-90.0549695, 35.1335932], [-90.0550124, 35.1336568], [-90.0550553, 35.1337336], [-90.0550768, 35.1338323], [-90.0550902, 35.1340078]], [[-90.0546375, 35.1327293], [-90.0545402, 35.1327271], [-90.0542037, 35.1327196], [-90.0536483, 35.1327078], [-90.0520635, 35.1326766], [-90.0519796, 35.132675]], [[-90.0519796, 35.132675], [-90.0519816, 35.132593], [-90.0519951, 35.1320283], [-90.0520073, 35.1314905]], [[-90.0520073, 35.1314905], [-90.0516032, 35.1314792], [-90.050409, 35.1314643]], [[-90.043141, 35.0915991], [-90.0433975, 35.0917579], [-90.0438124, 35.0920974], [-90.0441295, 35.0923669], [-90.0442344, 35.0924645], [-90.0443742, 35.0925945]], [[-90.0443742, 35.0925945], [-90.0443976, 35.0920227], [-90.0444105, 35.0914109], [-90.0444111, 35.0912426], [-90.0444324, 35.0903484], [-90.044452, 35.0893129], [-90.0444643, 35.0888379], [-90.0444727, 35.088309], [-90.0444977, 35.0873059], [-90.0445102, 35.0868137]], [[-90.0445102, 35.0868137], [-90.0445183, 35.0863129]], [[-90.0445183, 35.0863129], [-90.0441535, 35.0863071], [-90.0440285, 35.0863051]], [[-90.0440285, 35.0863051], [-90.0423179, 35.0862778], [-90.0399779, 35.0862288], [-90.0369276, 35.0861624]], [[-90.0369276, 35.0861624], [-90.0369149, 35.0866761], [-90.0369024, 35.0871788], [-90.0368734, 35.0881752], [-90.036849, 35.0891733], [-90.0368233, 35.0900289], [-90.0368286, 35.0901854], [-90.0368366, 35.090334], [-90.0368526, 35.0904649], [-90.0368805, 35.0905946], [-90.0369217, 35.0907199], [-90.0371037, 35.0912231], [-90.0381152, 35.0941975]], [[-90.0381152, 35.0941975], [-90.0360801, 35.0941732], [-90.033249, 35.0941371], [-90.0304049, 35.0940896], [-90.0295898, 35.0940891], [-90.0293301, 35.0940993]], [[-90.0357358, 35.100582], [-90.0357964, 35.1002154], [-90.0357775, 35.0999409], [-90.0357244, 35.0997515], [-90.0356426, 35.0995543], [-90.0355031, 35.0993229], [-90.0352823, 35.0990804], [-90.0345565, 35.0985619], [-90.0339984, 35.0981835], [-90.0327021, 35.0972994], [-90.0319165, 35.0967749], [-90.0316725, 35.0966047], [-90.0307477, 35.0959799], [-90.0307315, 35.0959689], [-90.0304829, 35.0957745], [-90.0304505, 35.0957479], [-90.0302155, 35.0954282], [-90.0298835, 35.0949379], [-90.0293301, 35.0940993]], [[-90.0357005, 35.100737], [-90.0357358, 35.100582]], [[-90.0367605, 35.1071759], [-90.0367145, 35.1069069], [-90.0367605, 35.1067279], [-90.0369065, 35.1065419], [-90.0371917, 35.1062553], [-90.0373264, 35.1059957], [-90.037388, 35.1057312], [-90.0373978, 35.1055562], [-90.0373708, 35.1053607], [-90.0372549, 35.1050763], [-90.0371228, 35.1048657], [-90.0369909, 35.1047422], [-90.0368098, 35.1045878], [-90.0352588, 35.1033123], [-90.0351997, 35.1032291], [-90.0351615, 35.103149], [-90.0351489, 35.1030992], [-90.0351514, 35.1030462], [-90.0351678, 35.1029479], [-90.035223, 35.1027274], [-90.0352926, 35.1024349], [-90.03536, 35.1021519], [-90.0354561, 35.1017481], [-90.0356474, 35.1009811], [-90.0357005, 35.100737]], [[-90.0367605, 35.1071759], [-90.037099, 35.1071851]], [[-90.0379146, 35.1071355], [-90.0373747, 35.1071299], [-90.037099, 35.1071851]], [[-90.0379222, 35.107235], [-90.0379146, 35.1071355]], [[-90.043335, 35.1073279], [-90.0432164, 35.1073249], [-90.0430225, 35.1073209], [-90.0428126, 35.1073159], [-90.0425775, 35.1073107], [-90.0423107, 35.1073048], [-90.0422249, 35.107303], [-90.0419529, 35.1072973], [-90.0412954, 35.1072839], [-90.0408818, 35.107273], [-90.0406504, 35.1072671], [-90.0399299, 35.1072518], [-90.0395748, 35.1072443], [-90.0388973, 35.1072285], [-90.0385487, 35.1072205], [-90.0381463, 35.1072178], [-90.0380285, 35.107217], [-90.0379222, 35.107235]], [[-90.0438112, 35.1073397], [-90.043335, 35.1073279]], [[-90.0438112, 35.1073397], [-90.0438743, 35.1072484], [-90.0438779, 35.1072394], [-90.0439074, 35.1071641], [-90.0439266, 35.1070575], [-90.0439447, 35.1069297]], [[-90.0439447, 35.1069297], [-90.0439483, 35.1069045], [-90.0439449, 35.1067736], [-90.0439441, 35.1067353], [-90.043953, 35.1065456], [-90.0439635, 35.1063234], [-90.0439836, 35.1058884], [-90.0440099, 35.1053189]], [[-90.0516881, 35.1054776], [-90.0510607, 35.1054632], [-90.0504671, 35.1054496], [-90.0493626, 35.1054264], [-90.0492898, 35.1054249], [-90.0487083, 35.1054108], [-90.0480648, 35.1053952], [-90.0476317, 35.1053866], [-90.047459, 35.1053836], [-90.0468337, 35.1053726], [-90.0463907, 35.1053598], [-90.0459888, 35.1053482], [-90.0453284, 35.1053344], [-90.0451954, 35.1053318], [-90.0446702, 35.1053214], [-90.0440099, 35.1053189]], [[-90.0517209, 35.1075189], [-90.0516211, 35.1073798], [-90.0516065, 35.1069402], [-90.0516881, 35.1054776]], [[-90.052516, 35.1159899], [-90.0526, 35.1159056], [-90.0525406, 35.1150984], [-90.0525358, 35.1150368], [-90.052497, 35.1142854], [-90.0524898, 35.1141774], [-90.0524414, 35.1133305], [-90.0524269, 35.1130936], [-90.0524101, 35.1128514], [-90.0523959, 35.1124998], [-90.0523758, 35.1123399], [-90.0522652, 35.111408], [-90.0522342, 35.1110779], [-90.0521744, 35.1107333], [-90.0521396, 35.1103826], [-90.0521277, 35.1102702], [-90.0520961, 35.1100163], [-90.0520703, 35.1097897], [-90.05202, 35.1094084], [-90.0519862, 35.1090833], [-90.0519188, 35.1085716], [-90.051872, 35.1081458], [-90.0518035, 35.1076205], [-90.0517209, 35.1075189]], [[-90.0512445, 35.1159625], [-90.0523757, 35.1159885], [-90.052516, 35.1159899]], [[-90.0512445, 35.1159625], [-90.0512091, 35.1169136], [-90.0511718, 35.1178545], [-90.0511279, 35.1188044], [-90.0511151, 35.1197363], [-90.0511017, 35.1202177], [-90.0510756, 35.1209582], [-90.0510624, 35.1213058], [-90.0510563, 35.1214233], [-90.0510558, 35.1214693], [-90.0509795, 35.1233146], [-90.0509754, 35.1234219], [-90.0509613, 35.1237862], [-90.0509466, 35.1241676], [-90.0509787, 35.1243523], [-90.0510785, 35.1244867]], [[-90.0510785, 35.1244867], [-90.0510764, 35.1249511], [-90.0510715, 35.1256671], [-90.0510426, 35.1264388], [-90.0510354, 35.1265341]], [[-90.0510354, 35.1265341], [-90.0510055, 35.1269306]], [[-90.0510055, 35.1269306], [-90.0508371, 35.1276879], [-90.0505785, 35.12831], [-90.0505526, 35.1285834], [-90.0505227, 35.129087]], [[-90.0440099, 35.1053189], [-90.0440298, 35.1041889], [-90.0440361, 35.1039613], [-90.0440545, 35.1032959], [-90.0441181, 35.1025118], [-90.0441204, 35.1024378], [-90.0441603, 35.1012835]], [[-90.0441603, 35.1012835], [-90.0441867, 35.1006472], [-90.0442151, 35.0992407], [-90.0442468, 35.0980114], [-90.0442498, 35.0979311], [-90.0442653, 35.0972823], [-90.0442697, 35.0971452], [-90.0442915, 35.0961815], [-90.044295, 35.0960456], [-90.0443093, 35.0954916], [-90.0443123, 35.0953215], [-90.0443097, 35.0951033], [-90.0443343, 35.0942029]], [[-90.0443343, 35.0942029], [-90.0443485, 35.0937482]], [[-90.0443485, 35.0937482], [-90.044362, 35.093315], [-90.0443622, 35.0930788]], [[-90.0443622, 35.0930788], [-90.0443682, 35.092829]], [[-90.0443682, 35.092829], [-90.0443742, 35.0925945]], [[-90.0551814, 35.1327509], [-90.0546375, 35.1327293]], [[-90.0565037, 35.1327728], [-90.0560641, 35.1327655], [-90.0556794, 35.1327591], [-90.0551814, 35.1327509]], [[-90.0564954, 35.1333065], [-90.0565037, 35.1327728]], [[-90.0564375, 35.1342312], [-90.0564635, 35.1340407], [-90.0564954, 35.1333065]], [[-90.0556508, 35.1365369], [-90.0559667, 35.1361014], [-90.0562807, 35.1356685], [-90.0562397, 35.135511], [-90.0562491, 35.1354523], [-90.0562841, 35.1352339], [-90.0563032, 35.1351088], [-90.0563964, 35.134532], [-90.0564375, 35.1342312]], [[-90.0544361, 35.1382138], [-90.0550365, 35.1373857], [-90.0556508, 35.1365369]], [[-90.0540908, 35.1386966], [-90.0543695, 35.138307], [-90.0544361, 35.1382138]], [[-90.0538667, 35.1390431], [-90.0539088, 35.1389631], [-90.0539566, 35.1388853], [-90.0540098, 35.1388098], [-90.0540908, 35.1386966]], [[-90.0537544, 35.1393307], [-90.0538235, 35.1391421], [-90.0538667, 35.1390431]], [[-90.0523423, 35.1428845], [-90.0523729, 35.14281], [-90.0526038, 35.1422453], [-90.0527951, 35.1417504], [-90.0528165, 35.1416978], [-90.0529213, 35.1414234], [-90.053168, 35.1408387], [-90.0532045, 35.1407522], [-90.0532458, 35.1406377], [-90.053367, 35.1403241], [-90.0534865, 35.1400411], [-90.0535157, 35.1399721], [-90.0535382, 35.1399101], [-90.0536204, 35.1396838], [-90.0536763, 35.1395321], [-90.0537544, 35.1393307]], [[-90.0519549, 35.1438738], [-90.0519835, 35.1437972], [-90.0521426, 35.1433715], [-90.052311, 35.1429608], [-90.0523423, 35.1428845]], [[-90.051797, 35.1442476], [-90.0519236, 35.1439478], [-90.0519549, 35.1438738]], [[-90.0515493, 35.1448771], [-90.0515552, 35.1448658], [-90.0515748, 35.1448032], [-90.0517216, 35.144433], [-90.0517457, 35.1443722], [-90.051797, 35.1442476]], [[-90.0507572, 35.1467669], [-90.0509766, 35.1462751], [-90.0511606, 35.1458612], [-90.0511793, 35.1458086], [-90.0513178, 35.1454346], [-90.0513465, 35.1453625], [-90.0515185, 35.144948], [-90.0515449, 35.1448872], [-90.0515493, 35.1448771]], [[-90.0507226, 35.1468537], [-90.0507572, 35.1467669]], [[-90.0505783, 35.1472384], [-90.0506933, 35.1469273], [-90.0507226, 35.1468537]], [[-90.0503576, 35.1478506], [-90.0503873, 35.1477641], [-90.0505277, 35.1473557], [-90.0505783, 35.1472384]], [[-90.0502068, 35.1482308], [-90.0503267, 35.1479285], [-90.0503457, 35.1478806], [-90.0503576, 35.1478506]], [[-90.0499671, 35.1488472], [-90.0499978, 35.148776], [-90.0502068, 35.1482308]], [[-90.0498033, 35.1492294], [-90.0499355, 35.1489263], [-90.0499671, 35.1488472]], [[-90.0495658, 35.1498437], [-90.0496071, 35.1497369], [-90.049768, 35.1493208], [-90.0497912, 35.1492607], [-90.0498033, 35.1492294]], [[-90.0491384, 35.1508721], [-90.0491669, 35.1508062], [-90.0491863, 35.1507613], [-90.049289, 35.1505129], [-90.0493549, 35.1503536], [-90.0495286, 35.1499335], [-90.0495658, 35.1498437]], [[-90.0489443, 35.1513587], [-90.0489997, 35.1512213], [-90.0490821, 35.1510166], [-90.0491174, 35.1509261], [-90.0491384, 35.1508721]], [[-90.0487672, 35.151814], [-90.0488165, 35.1516874], [-90.0489443, 35.1513587]], [[-90.0486034, 35.1522293], [-90.0486221, 35.152182], [-90.048629, 35.1521644], [-90.0487672, 35.151814]], [[-90.0484585, 35.152581], [-90.0486034, 35.1522293]], [[-90.0479962, 35.1538198], [-90.0480489, 35.1537022], [-90.0482181, 35.153325], [-90.048393, 35.1528522], [-90.0484528, 35.1527133], [-90.0484585, 35.152581]], [[-90.0478158, 35.1542148], [-90.0479628, 35.1538928], [-90.0479962, 35.1538198]], [[-90.0475725, 35.1548106], [-90.047603, 35.1547346], [-90.0477249, 35.1544302], [-90.0478158, 35.1542148]], [[-90.0474333, 35.1551535], [-90.0475725, 35.1548106]], [[-90.0473781, 35.1553037], [-90.0474333, 35.1551535]], [[-90.0471756, 35.155804], [-90.0473781, 35.1553037]], [[-90.048007, 35.1560316], [-90.0477783, 35.1559682], [-90.0476377, 35.1559293], [-90.0475901, 35.1559161], [-90.0471756, 35.155804]], [[-90.0490763, 35.1563136], [-90.0485436, 35.1561739], [-90.0484717, 35.156155], [-90.0484363, 35.1561458], [-90.0484009, 35.1561366], [-90.0481671, 35.1560743], [-90.048007, 35.1560316]]]}}, {"type": "Feature", "properties": {"osm_id": 8830446, "ref": "36", "name": "MATA 36 Hacks Cross"}, "geometry": {"type": "MultiLineString", "coordinates": [[[-89.7959562, 35.0437367], [-89.7965421, 35.0437719]], [[-89.7965421, 35.0437719], [-89.7969105, 35.0437941], [-89.7971292, 35.0438072], [-89.7973911, 35.043823], [-89.797724, 35.043843], [-89.7978668, 35.0438516], [-89.7979541, 35.0438563], [-89.7984398, 35.0438704], [-89.7991718, 35.0439697], [-89.7991908, 35.0439723], [-89.7996192, 35.0440877], [-89.8003293, 35.0443091], [-89.801475, 35.0446948], [-89.8015584, 35.0447256], [-89.8015891, 35.0447383], [-89.8022099, 35.0449611], [-89.8025994, 35.0451549], [-89.8029757, 35.0454088], [-89.8032861, 35.0457171], [-89.8034594, 35.0459566], [-89.8035867, 35.0462448], [-89.80362, 35.0463148], [-89.803634, 35.0463443], [-89.8036723, 35.0464549], [-89.8037074, 35.0466355], [-89.8037186, 35.0466931], [-89.8038427, 35.0473314], [-89.8038583, 35.0474118], [-89.8039212, 35.0477573], [-89.8039542, 35.0479386], [-89.8039796, 35.0482741], [-89.8039783, 35.048299], [-89.8039659, 35.0485687]], [[-89.8039659, 35.0485687], [-89.803941, 35.0489397], [-89.8039063, 35.0492542]], [[-89.8039063, 35.0492542], [-89.8032606, 35.0491719]], [[-89.8032606, 35.0491719], [-89.8030794, 35.0491466], [-89.8022645, 35.0490405], [-89.8015729, 35.0489508], [-89.8007112, 35.0488181], [-89.8000465, 35.0487202], [-89.7994178, 35.0486276], [-89.7993879, 35.0486233], [-89.7985714, 35.048522], [-89.7976171, 35.0484036], [-89.7974169, 35.0483788], [-89.7973928, 35.0483778], [-89.7968207, 35.0483539], [-89.7963258, 35.0483332]], [[-89.7963258, 35.0483332], [-89.7955341, 35.0483001]], [[-89.7959512, 35.0441524], [-89.7959562, 35.0437367]], [[-89.795948, 35.0444942], [-89.7959489, 35.0444143], [-89.7959512, 35.0441524]], [[-89.7956918, 35.0476156], [-89.795738, 35.047411], [-89.7957845, 35.0472052], [-89.7958088, 35.0470976], [-89.7959094, 35.0466711], [-89.7959459, 35.0463532], [-89.7959533, 35.0462283], [-89.7959622, 35.045997], [-89.7959597, 35.0454369], [-89.7959593, 35.0453512], [-89.7959557, 35.0450811], [-89.7959498, 35.0446309], [-89.795948, 35.0444942]], [[-89.7955341, 35.0483001], [-89.7956918, 35.0476156]], [[-89.8045947, 35.0493384], [-89.8043859, 35.0493129], [-89.8039063, 35.0492542]], [[-89.8056713, 35.0494711], [-89.8054861, 35.0494468], [-89.805231, 35.0494157], [-89.8047659, 35.049359], [-89.8046929, 35.0493502], [-89.8045947, 35.0493384]], [[-89.8061842, 35.0495319], [-89.8056713, 35.0494711]], [[-89.8067603, 35.0496029], [-89.8061842, 35.0495319]], [[-89.8078801, 35.0497557], [-89.8075117, 35.0496984], [-89.8071246, 35.0496498], [-89.8070735, 35.0496434], [-89.8067603, 35.0496029]], [[-89.8081561, 35.0497987], [-89.8078801, 35.0497557]], [[-89.8081561, 35.0497987], [-89.8095083, 35.04997]], [[-89.810867, 35.0501472], [-89.8095083, 35.04997]], [[-89.8113397, 35.0502098], [-89.810867, 35.0501472]], [[-89.8120679, 35.0503175], [-89.8113397, 35.0502098]], [[-89.8129645, 35.05045], [-89.8120679, 35.0503175]], [[-89.8137352, 35.0505359], [-89.8129645, 35.05045]], [[-89.8142047, 35.05059], [-89.8137352, 35.0505359]], [[-89.8143288, 35.050604], [-89.8142047, 35.05059]], [[-89.8179825, 35.0500984], [-89.817136, 35.0503952], [-89.8170035, 35.0504329], [-89.816724, 35.0505125], [-89.8162622, 35.0506048], [-89.8157139, 35.0506834], [-89.8156335, 35.0506841], [-89.8151087, 35.0506883], [-89.8144597, 35.0506188], [-89.8143288, 35.050604]], [[-89.818273, 35.0499811], [-89.8181234, 35.0500419], [-89.8179825, 35.0500984]], [[-89.81948, 35.0495394], [-89.818273, 35.0499811]], [[-89.81948, 35.0495394], [-89.8197541, 35.0494444], [-89.8202239, 35.0492816], [-89.8203755, 35.0492431], [-89.8207605, 35.0491453], [-89.8209126, 35.0491067], [-89.8214489, 35.0490101], [-89.8216767, 35.048969], [-89.8219976, 35.0489385], [-89.8223792, 35.0489022], [-89.8228219, 35.0489136]], [[-89.8228219, 35.0489136], [-89.8234069, 35.0489318]], [[-89.8234069, 35.0489318], [-89.823809, 35.0489455]], [[-89.823809, 35.0489455], [-89.824029, 35.0489534], [-89.8243806, 35.0489695], [-89.8247894, 35.0489856], [-89.8250558, 35.0489965], [-89.8258445, 35.0490293], [-89.826417, 35.0490454], [-89.8267166, 35.0490509]], [[-89.8267166, 35.0490509], [-89.8271348, 35.0490693]], [[-89.8271348, 35.0490693], [-89.8276348, 35.0490912]], [[-89.8276348, 35.0490912], [-89.8277535, 35.0490979], [-89.8278983, 35.0491059], [-89.8283913, 35.0491333], [-89.828449, 35.0491369], [-89.829047, 35.0491534], [-89.82916, 35.0491565], [-89.8293847, 35.0491637]], [[-89.8293847, 35.0491637], [-89.8300189, 35.0491847]], [[-89.8300189, 35.0491847], [-89.8304428, 35.0491894], [-89.8307027, 35.0491948]], [[-89.8307027, 35.0491948], [-89.8309916, 35.049201], [-89.8311166, 35.0492041], [-89.8316125, 35.049216], [-89.8322555, 35.0492314], [-89.832525, 35.0492378], [-89.8332682, 35.0492493], [-89.834442, 35.0492815], [-89.8347402, 35.0492898], [-89.8352651, 35.0493043], [-89.8358783, 35.0493213], [-89.8363628, 35.0493347], [-89.8371616, 35.0493535], [-89.8381505, 35.0493817]], [[-89.8381505, 35.0493817], [-89.8387329, 35.0493965]], [[-89.8387329, 35.0493965], [-89.8392016, 35.0494074]], [[-89.8392016, 35.0494074], [-89.8396215, 35.0494156], [-89.8398649, 35.0494209], [-89.8404231, 35.049433], [-89.8406275, 35.0494374], [-89.8408554, 35.0494424], [-89.841241, 35.0494507], [-89.8414707, 35.0494557], [-89.8421393, 35.0494701], [-89.8423236, 35.0494741], [-89.8424929, 35.0494777], [-89.8430931, 35.0495017]], [[-89.8430931, 35.0495017], [-89.8437932, 35.0495173]], [[-89.8437932, 35.0495173], [-89.8442611, 35.0495256], [-89.8445255, 35.0495303]], [[-89.8445255, 35.0495303], [-89.8445684, 35.0495311], [-89.8447811, 35.0495349], [-89.844992, 35.0495387], [-89.8451342, 35.0495412], [-89.8459244, 35.0495567], [-89.8465834, 35.0495672]], [[-89.8465834, 35.0495672], [-89.8468745, 35.0495724]], [[-89.8468745, 35.0495724], [-89.8470571, 35.0495756], [-89.8473811, 35.0495814], [-89.8478497, 35.0495897], [-89.8483312, 35.0495962], [-89.8491079, 35.0496091]], [[-89.8491079, 35.0496091], [-89.8499624, 35.04962], [-89.8502222, 35.0496239], [-89.8504277, 35.0496269], [-89.8506645, 35.0496304], [-89.8507504, 35.0496316], [-89.8509228, 35.049634], [-89.8510857, 35.0496347], [-89.8519055, 35.0496385], [-89.8523178, 35.0496403], [-89.8523353, 35.0496404], [-89.8525244, 35.0496441], [-89.8526989, 35.0496475], [-89.8530132, 35.0496535], [-89.8533235, 35.0496595], [-89.8536612, 35.049669], [-89.8537775, 35.0496724], [-89.8539897, 35.0496784], [-89.8542301, 35.0496851], [-89.8544232, 35.0496905], [-89.8546087, 35.0496957], [-89.8548258, 35.0497018], [-89.855018, 35.0497073], [-89.8552626, 35.0497142], [-89.8556154, 35.0497242], [-89.8561567, 35.0497396], [-89.8561736, 35.0497401], [-89.8565886, 35.0497518], [-89.8566805, 35.0497544], [-89.8567849, 35.0497567], [-89.857453, 35.0497716]], [[-89.857453, 35.0497716], [-89.858718, 35.0498047], [-89.8594156, 35.0498224], [-89.8601365, 35.0498407], [-89.8607239, 35.0498558], [-89.8607953, 35.0498585], [-89.8608621, 35.0498607], [-89.8613464, 35.0498743]], [[-89.8613464, 35.0498743], [-89.863609, 35.049941], [-89.8640447, 35.0499539], [-89.8647853, 35.0499867], [-89.8648355, 35.0499889], [-89.8650389, 35.049998], [-89.8652903, 35.0500091], [-89.8655643, 35.0500212], [-89.8655999, 35.0500228], [-89.865716, 35.0500279], [-89.8659752, 35.0500394], [-89.8663938, 35.050058]], [[-89.8663938, 35.050058], [-89.8666111, 35.0500653], [-89.8667818, 35.050071], [-89.8668029, 35.0500717], [-89.8670915, 35.0500814], [-89.8671372, 35.0500829], [-89.8673821, 35.0500912], [-89.8677409, 35.0501032], [-89.8678153, 35.0501057], [-89.8685141, 35.0501291], [-89.8688355, 35.0501399], [-89.8692244, 35.050153], [-89.869294, 35.0501553], [-89.8696416, 35.050167], [-89.8700778, 35.0501786], [-89.8703197, 35.0501846], [-89.8705833, 35.0501911], [-89.8707887, 35.0501984], [-89.871861, 35.0502366], [-89.8723896, 35.0502473], [-89.8731901, 35.0502635], [-89.8741421, 35.0502785], [-89.8748916, 35.050289], [-89.8750086, 35.0502906], [-89.8751465, 35.0502947], [-89.8778511, 35.0503747], [-89.8783851, 35.0503868], [-89.8794737, 35.0504156], [-89.8797999, 35.0504242], [-89.8806719, 35.0504473], [-89.8807852, 35.0504503], [-89.880881, 35.0504525], [-89.8809782, 35.0504539], [-89.8811211, 35.050456], [-89.8813928, 35.0504599], [-89.8816727, 35.050464], [-89.8819727, 35.0504684], [-89.882363, 35.050474], [-89.8824834, 35.0504767], [-89.8827319, 35.0504824], [-89.8834594, 35.0504991], [-89.8835419, 35.0505003], [-89.8837036, 35.050503], [-89.8838918, 35.050506], [-89.8840946, 35.0505094], [-89.8843239, 35.0505132], [-89.8848182, 35.0505214], [-89.8850863, 35.0505258], [-89.8851675, 35.0505271], [-89.8853992, 35.050531], [-89.885766, 35.050537]], [[-89.8862247, 35.0505446], [-89.8860597, 35.0505419], [-89.885766, 35.050537]], [[-89.886663, 35.0505527], [-89.8863872, 35.0505476], [-89.8862247, 35.0505446]], [[-89.8892267, 35.0506195], [-89.8890631, 35.0506114], [-89.8888762, 35.0506022], [-89.8886926, 35.0505931], [-89.8886041, 35.0505887], [-89.888266, 35.0505824], [-89.8880018, 35.0505775], [-89.8875701, 35.0505695], [-89.8872875, 35.0505642], [-89.8872473, 35.0505635], [-89.8868354, 35.0505559], [-89.8867486, 35.0505543], [-89.886663, 35.0505527]], [[-89.8896241, 35.0506274], [-89.8892267, 35.0506195]], [[-89.8917138, 35.0506866], [-89.8915975, 35.050683], [-89.8908729, 35.0506608], [-89.8901601, 35.0506436], [-89.8896241, 35.0506274]], [[-89.8974052, 35.050859], [-89.8931597, 35.0507304], [-89.8917138, 35.0506866]], [[-89.9007381, 35.0509412], [-89.8993611, 35.0508926], [-89.8990152, 35.0508804], [-89.8986085, 35.050875], [-89.8974052, 35.050859]], [[-89.9017528, 35.0509748], [-89.9010209, 35.050948], [-89.9007381, 35.0509412]], [[-89.9074947, 35.0511224], [-89.9073818, 35.0511215], [-89.906881, 35.0511177], [-89.9065974, 35.0511156], [-89.9065516, 35.0511152], [-89.9062741, 35.0511131], [-89.9058, 35.0511095], [-89.9056623, 35.0511085], [-89.9054109, 35.0511004], [-89.904966, 35.0510862], [-89.9034535, 35.0510379], [-89.9029722, 35.0510341], [-89.9026145, 35.0510238], [-89.9024434, 35.0510116], [-89.9023388, 35.0510042], [-89.9017528, 35.0509748]], [[-89.9074947, 35.0511224], [-89.9075034, 35.051247], [-89.9075231, 35.0515305], [-89.9075788, 35.0523327], [-89.9076395, 35.0530766], [-89.9076572, 35.0533023]], [[-89.9076572, 35.0533023], [-89.907646, 35.0536347]], [[-89.907646, 35.0536347], [-89.9076243, 35.0543169], [-89.907614, 35.0544518], [-89.9076036, 35.0545659], [-89.9075842, 35.0546881], [-89.9075528, 35.0548202], [-89.9075112, 35.0549545], [-89.907472, 35.0550662], [-89.9074282, 35.0551753], [-89.9073742, 35.0552886], [-89.9073111, 35.0553983], [-89.9072361, 35.0555172], [-89.9071763, 35.0556121], [-89.9071064, 35.0557132], [-89.9070328, 35.0558005], [-89.9069495, 35.0558875], [-89.906858, 35.0559805], [-89.9067448, 35.0560892], [-89.9066137, 35.0562173]], [[-89.9066137, 35.0562173], [-89.9065266, 35.0563092], [-89.9064471, 35.0564049], [-89.9063751, 35.0565006], [-89.9062887, 35.0566377]], [[-89.9062887, 35.0566377], [-89.9061143, 35.0568851], [-89.9059383, 35.0573172], [-89.9058785, 35.0575937], [-89.9058577, 35.0579135]], [[-89.9058577, 35.0579135], [-89.9058463, 35.0582994]], [[-89.9058463, 35.0582994], [-89.9057718, 35.0607824], [-89.9057673, 35.060962], [-89.9057498, 35.0616583], [-89.905747, 35.0616936]], [[-89.905747, 35.0616936], [-89.9057442, 35.0617289], [-89.9057304, 35.0619031], [-89.9057226, 35.0620017], [-89.9057012, 35.0622712], [-89.9056926, 35.0623803]], [[-89.9056926, 35.0623803], [-89.9056905, 35.0624998], [-89.9056866, 35.0627167], [-89.9056834, 35.0628977], [-89.9056776, 35.0632268], [-89.9056616, 35.0641252], [-89.9056609, 35.0641432], [-89.9056455, 35.0645198], [-89.9056331, 35.0648261], [-89.9056222, 35.0650933], [-89.9055962, 35.0656789], [-89.9055705, 35.0665515], [-89.9054998, 35.0688923], [-89.9054898, 35.0692264], [-89.9054894, 35.0692407], [-89.9055702, 35.0693234]], [[-89.9055702, 35.0693234], [-89.9056402, 35.0692388], [-89.9056405, 35.0692295], [-89.9056465, 35.0690222], [-89.9057433, 35.0656825], [-89.9057582, 35.0651201], [-89.9057923, 35.0641462], [-89.9057932, 35.0641284], [-89.9058263, 35.0632516], [-89.9058379, 35.0629435], [-89.905846, 35.062731], [-89.9058472, 35.0626997], [-89.9058546, 35.0625033], [-89.9058592, 35.0623805]], [[-89.9058592, 35.0623805], [-89.9058623, 35.0622793], [-89.905869, 35.0620641]], [[-89.905869, 35.0620641], [-89.9058814, 35.0616613], [-89.9058903, 35.0613649], [-89.9059076, 35.0607853], [-89.9059152, 35.060547], [-89.90592, 35.0604203], [-89.9059244, 35.0603055], [-89.9059292, 35.0601804], [-89.9059372, 35.0599731], [-89.9059883, 35.0586372]], [[-89.9059883, 35.0586372], [-89.9060011, 35.0583027]], [[-89.9060011, 35.0583027], [-89.906028, 35.0580113], [-89.9060659, 35.0576012], [-89.9061159, 35.0573452], [-89.9062849, 35.0569372], [-89.9064341, 35.0566619], [-89.9065224, 35.0565319], [-89.9066222, 35.0564124], [-89.906735, 35.0562965], [-89.9068483, 35.056186], [-89.90696, 35.0560778], [-89.9070897, 35.0559501], [-89.9071752, 35.0558592], [-89.9072556, 35.0557583], [-89.9073172, 35.0556698], [-89.9073953, 35.0555446], [-89.9074667, 35.055427], [-89.9075407, 35.0553021], [-89.9076057, 35.0551682], [-89.9076628, 35.0550143], [-89.907705, 35.0548892], [-89.907738, 35.0547578], [-89.9077658, 35.0545995], [-89.9077878, 35.0543631], [-89.9078009, 35.0539627]], [[-89.9078009, 35.0539627], [-89.9078116, 35.0536356]], [[-89.908116, 35.0511368], [-89.9074947, 35.0511224]], [[-89.9078102, 35.0532904], [-89.9078178, 35.053177], [-89.9079136, 35.0527859], [-89.9079714, 35.052213], [-89.9080976, 35.0512735], [-89.908116, 35.0511368]], [[-89.9078116, 35.0536356], [-89.9078102, 35.0532904]], [[-89.9055506, 35.069691], [-89.9055555, 35.0695835], [-89.905559, 35.0695085], [-89.9055702, 35.0693234]], [[-89.905775, 35.0734478], [-89.905726, 35.0732356], [-89.9057059, 35.0731508], [-89.9056797, 35.0730397], [-89.9056333, 35.0728437], [-89.905578, 35.0726101], [-89.9055706, 35.0725786], [-89.9055524, 35.0725016], [-89.9055172, 35.0722424], [-89.9055049, 35.0721516], [-89.9054971, 35.0720939], [-89.9054946, 35.0720754], [-89.9054847, 35.071953], [-89.9054828, 35.0718789], [-89.9054796, 35.071756], [-89.9054806, 35.0717233], [-89.9054846, 35.071588], [-89.9054892, 35.071437], [-89.9054963, 35.071199], [-89.9054981, 35.0710814], [-89.9054998, 35.0709745], [-89.9055015, 35.0708169], [-89.9055024, 35.0707342], [-89.9055045, 35.0706885], [-89.9055142, 35.0704793], [-89.9055146, 35.0704712], [-89.9055205, 35.0703437], [-89.9055249, 35.0702477], [-89.9055319, 35.0700878], [-89.9055358, 35.0700407], [-89.9055446, 35.0698942], [-89.9055476, 35.0697556], [-89.9055489, 35.0697278], [-89.9055506, 35.069691]], [[-89.9059028, 35.0739862], [-89.9058445, 35.0737451], [-89.905775, 35.0734478]], [[-89.9059028, 35.0739862], [-89.9066592, 35.0739243], [-89.9073029, 35.0738102], [-89.9077804, 35.0736785], [-89.908172, 35.0735248], [-89.9088622, 35.0731845], [-89.910808, 35.072337], [-89.9113149, 35.0721443], [-89.911839, 35.0720033], [-89.9122625, 35.0719293], [-89.9127996, 35.0718799], [-89.9133682, 35.0718787], [-89.9149955, 35.0719223], [-89.915333, 35.0719473], [-89.9156183, 35.0719814], [-89.9160153, 35.0720545], [-89.9164346, 35.0721684], [-89.9168438, 35.072313], [-89.9172398, 35.0724941], [-89.9175941, 35.0726902], [-89.9176826, 35.0727564], [-89.9177605, 35.0728018], [-89.9178333, 35.0728443], [-89.9180795, 35.0730309], [-89.9191206, 35.0740104], [-89.9196011, 35.074472], [-89.9197316, 35.0745973], [-89.9198499, 35.074711], [-89.9199136, 35.0747722], [-89.9201507, 35.0749999], [-89.9202499, 35.0750708], [-89.9203428, 35.0751372], [-89.9205055, 35.0752536], [-89.9206603, 35.0753643], [-89.9206784, 35.0753749], [-89.9210041, 35.0755653], [-89.9212236, 35.0756936], [-89.9214568, 35.0758003]], [[-89.9192604, 35.0739202], [-89.9182946, 35.0730199], [-89.9180561, 35.0728215], [-89.9178738, 35.0726964], [-89.9177978, 35.0726443], [-89.9176571, 35.0725506], [-89.9173038, 35.072357], [-89.9168804, 35.0721717], [-89.9164509, 35.0720271], [-89.9160214, 35.0719099], [-89.9156762, 35.0718443], [-89.9153493, 35.0718019], [-89.9150252, 35.0717753], [-89.9131198, 35.0717271], [-89.9126488, 35.0717424], [-89.9121391, 35.0717965], [-89.9117413, 35.0718752], [-89.911322, 35.0719857], [-89.9108985, 35.0721314], [-89.9107332, 35.0722074], [-89.9097412, 35.0726636], [-89.9094916, 35.0727784], [-89.9087948, 35.0730886], [-89.9080379, 35.0734238], [-89.9077861, 35.0735151], [-89.9076999, 35.0735424], [-89.9076379, 35.0735597], [-89.9072386, 35.0736697], [-89.9067075, 35.0737882], [-89.9059028, 35.0739862]], [[-89.9215623, 35.0756937], [-89.9211008, 35.0754471], [-89.9210198, 35.0754038], [-89.9206128, 35.0751359], [-89.920461, 35.0750359], [-89.9203595, 35.0749691], [-89.9203063, 35.0749341], [-89.920035, 35.0746861], [-89.9199738, 35.0746302], [-89.9198932, 35.0745565], [-89.9198541, 35.0745171], [-89.9197314, 35.0743938], [-89.9195991, 35.0742607], [-89.9192604, 35.0739202]], [[-89.9214568, 35.0758003], [-89.9219049, 35.0760053], [-89.9226076, 35.0762555], [-89.9229134, 35.0763477], [-89.9234981, 35.0764224], [-89.9241472, 35.0764531], [-89.9246783, 35.0764399], [-89.9252308, 35.0763741], [-89.9263211, 35.0762083]], [[-89.9263211, 35.0762083], [-89.9258847, 35.076142]], [[-89.9258847, 35.076142], [-89.9252308, 35.0761151]], [[-89.9252308, 35.0761151], [-89.9247427, 35.0761019], [-89.9236995, 35.076159], [-89.9232728, 35.076159], [-89.9232473, 35.0761562], [-89.9229563, 35.0761238], [-89.9226769, 35.0760575], [-89.9224199, 35.0759965], [-89.9220488, 35.075875], [-89.9216689, 35.0757507], [-89.9215623, 35.0756937]], [[-89.928899, 35.0763073], [-89.9283908, 35.0762878], [-89.9272532, 35.0762441], [-89.9263211, 35.0762083]], [[-89.930626, 35.0763939], [-89.928899, 35.0763073]], [[-89.9315313, 35.0764235], [-89.9310032, 35.0764124], [-89.930626, 35.0763939]], [[-89.9320168, 35.0764454], [-89.9315313, 35.0764235]], [[-89.9321361, 35.076452], [-89.9320168, 35.0764454]], [[-89.9321361, 35.076452], [-89.9324031, 35.0764605]], [[-89.9324031, 35.0764605], [-89.9334357, 35.0765058]], [[-89.9334357, 35.0765058], [-89.9334331, 35.0764547], [-89.9334343, 35.0762929], [-89.9334307, 35.0762721], [-89.9334182, 35.0762501], [-89.9334024, 35.0762329], [-89.933379, 35.0762168], [-89.9333469, 35.0762024], [-89.9333109, 35.0761897], [-89.9332602, 35.0761786], [-89.933206, 35.0761721], [-89.9330851, 35.0761633], [-89.9328776, 35.0761551], [-89.9326097, 35.0761457], [-89.9325802, 35.0761466], [-89.9325543, 35.0761485], [-89.9325268, 35.0761521], [-89.9325005, 35.0761576], [-89.9324827, 35.0761634], [-89.9324684, 35.0761692], [-89.9324589, 35.0761744]], [[-89.9324589, 35.0761744], [-89.9324418, 35.0761871], [-89.932431, 35.0761985], [-89.9324226, 35.0762108], [-89.9324144, 35.0762294], [-89.9324093, 35.0762488], [-89.9324031, 35.0764605]], [[-89.9324589, 35.0761744], [-89.9324418, 35.0761871], [-89.932431, 35.0761985], [-89.9324226, 35.0762108], [-89.9324144, 35.0762294], [-89.9324093, 35.0762488], [-89.9324031, 35.0764605]], [[-89.9334357, 35.0765058], [-89.9334331, 35.0764547], [-89.9334343, 35.0762929], [-89.9334307, 35.0762721], [-89.9334182, 35.0762501], [-89.9334024, 35.0762329], [-89.933379, 35.0762168], [-89.9333469, 35.0762024], [-89.9333109, 35.0761897], [-89.9332602, 35.0761786], [-89.933206, 35.0761721], [-89.9330851, 35.0761633], [-89.9328776, 35.0761551], [-89.9326097, 35.0761457], [-89.9325802, 35.0761466], [-89.9325543, 35.0761485], [-89.9325268, 35.0761521], [-89.9325005, 35.0761576], [-89.9324827, 35.0761634], [-89.9324684, 35.0761692], [-89.9324589, 35.0761744]], [[-89.9324031, 35.0764605], [-89.9334357, 35.0765058]], [[-89.9321361, 35.076452], [-89.9324031, 35.0764605]], [[-89.9321361, 35.076452], [-89.9320168, 35.0764454]], [[-89.9320168, 35.0764454], [-89.9315313, 35.0764235]], [[-89.9319707, 35.0717577], [-89.9319533, 35.0719637], [-89.9319401, 35.0721195], [-89.9319192, 35.0723665], [-89.9318903, 35.0727079], [-89.9318482, 35.0731663], [-89.9318401, 35.0732546], [-89.9318224, 35.0734471], [-89.9318067, 35.073618], [-89.9317989, 35.0737037], [-89.9317827, 35.0738793], [-89.9317766, 35.0739465], [-89.9317645, 35.0740775], [-89.9317528, 35.0742052], [-89.9317406, 35.0743428], [-89.9317208, 35.0745534], [-89.931719, 35.0745731], [-89.9316871, 35.0748873], [-89.9316753, 35.0750037], [-89.9316536, 35.0752169], [-89.9316319, 35.0754311], [-89.9316084, 35.0756624], [-89.9316002, 35.075743], [-89.9315787, 35.0759552], [-89.9315772, 35.0759697], [-89.9315313, 35.0764235]], [[-89.9321274, 35.0695919], [-89.9321062, 35.0700275], [-89.9320829, 35.0704102], [-89.93206, 35.0706856], [-89.932039, 35.070938], [-89.9319707, 35.0717577]], [[-89.9321485, 35.0691563], [-89.9321274, 35.0695919]], [[-89.9321485, 35.0691563], [-89.9322054, 35.0682915], [-89.9322328, 35.0678029]], [[-89.9322328, 35.0678029], [-89.9322566, 35.0676627], [-89.9323137, 35.0673231], [-89.9323309, 35.0670202]], [[-89.9323309, 35.0670202], [-89.9323847, 35.066757], [-89.9324471, 35.0664518], [-89.9324723, 35.0662974], [-89.9325978, 35.0656169], [-89.9326279, 35.065452], [-89.9326743, 35.0651981], [-89.9327302, 35.0648948]], [[-89.9321802, 35.0672978], [-89.9322328, 35.0678029]], [[-89.9320558, 35.0648801], [-89.9321043, 35.065814], [-89.9321243, 35.0663915], [-89.9321381, 35.0671736], [-89.9321802, 35.0672978]], [[-89.9327302, 35.0648948], [-89.9320558, 35.0648801]], [[-89.9373149, 35.0650602], [-89.9371413, 35.0650565], [-89.9337776, 35.064933], [-89.9333291, 35.0649166], [-89.9330066, 35.0649049], [-89.9327302, 35.0648948]], [[-89.937545, 35.0650713], [-89.9373149, 35.0650602]], [[-89.9404752, 35.0651429], [-89.9401305, 35.0651537], [-89.9397374, 35.0651414], [-89.938713, 35.0651095], [-89.9385318, 35.0651038], [-89.9379748, 35.0650855], [-89.937545, 35.0650713]], [[-89.9404752, 35.0651429], [-89.9408945, 35.0650881], [-89.9411041, 35.0650796], [-89.9411552, 35.0650864], [-89.9412113, 35.0650939], [-89.9412972, 35.0651169], [-89.9415889, 35.0652183]], [[-89.9408572, 35.0650244], [-89.9407304, 35.0650803], [-89.94066, 35.0651022], [-89.9404752, 35.0651429]], [[-89.9412164, 35.0647939], [-89.9410594, 35.0648976], [-89.9409787, 35.0649509], [-89.9408572, 35.0650244]], [[-89.9415446, 35.0651678], [-89.9412864, 35.0648737], [-89.9412164, 35.0647939]], [[-89.9415889, 35.0652183], [-89.9415446, 35.0651678]], [[-89.9441076, 35.0684445], [-89.9440419, 35.0683578], [-89.943938, 35.0682206], [-89.9438209, 35.0680622], [-89.9435645, 35.0677147], [-89.943413, 35.0675094], [-89.9433594, 35.0674381], [-89.9432452, 35.0672888], [-89.9430777, 35.06707], [-89.9429295, 35.0668762], [-89.9426656, 35.0665361], [-89.9426199, 35.0664736], [-89.9423606, 35.0661511], [-89.9423529, 35.0661415], [-89.9421617, 35.0659037], [-89.9421125, 35.0658425], [-89.9419949, 35.0656962], [-89.9418489, 35.0655145], [-89.9415889, 35.0652183]], [[-89.9443785, 35.0687906], [-89.9441076, 35.0684445]], [[-89.9445953, 35.0690784], [-89.9443785, 35.0687906]], [[-89.9469744, 35.0721737], [-89.9469354, 35.0721264], [-89.9469141, 35.0720992], [-89.946665, 35.0717819], [-89.9464723, 35.0715364], [-89.9463444, 35.0713646], [-89.9460089, 35.0709185], [-89.9458706, 35.0707345], [-89.9457783, 35.0706118], [-89.945768, 35.0705981], [-89.9456083, 35.0703941], [-89.9455089, 35.0702671], [-89.9453732, 35.0700937], [-89.945362, 35.0700794], [-89.9451589, 35.0698199], [-89.9451216, 35.0697722], [-89.9450241, 35.0696477], [-89.944694, 35.0692094], [-89.9446889, 35.0692027], [-89.9445953, 35.0690784]], [[-89.9472856, 35.0725726], [-89.9470082, 35.072219], [-89.9469744, 35.0721737]], [[-89.947613, 35.073009], [-89.9475563, 35.0729339], [-89.9475359, 35.0729066], [-89.9472856, 35.0725726]], [[-89.9506832, 35.0761626], [-89.9501901, 35.0757528], [-89.9499837, 35.0755782], [-89.9498725, 35.0754841], [-89.9498643, 35.0754762], [-89.9497108, 35.0753278], [-89.9495704, 35.0751922], [-89.9495161, 35.0751396], [-89.949203, 35.0748371], [-89.9489255, 35.0745689], [-89.9488062, 35.0744536], [-89.9485742, 35.0742006], [-89.948567, 35.0741923], [-89.9482522, 35.0738326], [-89.9481201, 35.0736817], [-89.9480967, 35.073655], [-89.9479492, 35.0734568], [-89.9477967, 35.0732521], [-89.947613, 35.073009]], [[-89.9507484, 35.0762167], [-89.9506832, 35.0761626]], [[-89.9511597, 35.0765585], [-89.9507484, 35.0762167]], [[-89.9517697, 35.0771075], [-89.951543, 35.0769034], [-89.9511597, 35.0765585]], [[-89.9520002, 35.0773058], [-89.9517697, 35.0771075]], [[-89.9525243, 35.0777387], [-89.9520002, 35.0773058]], [[-89.9532592, 35.0783269], [-89.9531292, 35.0782228], [-89.9525243, 35.0777387]], [[-89.9537389, 35.0787338], [-89.9532592, 35.0783269]], [[-89.9540642, 35.07901], [-89.9537389, 35.0787338]], [[-89.9550304, 35.0798306], [-89.9540642, 35.07901]], [[-89.9550304, 35.0798306], [-89.9551127, 35.0799819]], [[-89.9551127, 35.0799819], [-89.9560434, 35.0807414]], [[-89.9560434, 35.0807414], [-89.9562955, 35.0809434]], [[-89.9562955, 35.0809434], [-89.9566817, 35.081277]], [[-89.9566817, 35.081277], [-89.9571109, 35.0816238], [-89.9575758, 35.0819986]], [[-89.9575758, 35.0819986], [-89.9577561, 35.082144], [-89.9578297, 35.0822033]], [[-89.9578297, 35.0822033], [-89.9581556, 35.0824858], [-89.9588222, 35.0830637], [-89.9588651, 35.0830876], [-89.9590743, 35.0832042]], [[-89.9552602, 35.079903], [-89.9550304, 35.0798306]], [[-89.9561989, 35.0807019], [-89.9553514, 35.0799864], [-89.9552602, 35.079903]], [[-89.9563974, 35.0808775], [-89.9561989, 35.0807019]], [[-89.9567944, 35.0812375], [-89.9563974, 35.0808775]], [[-89.9578995, 35.0821286], [-89.9572236, 35.0815931], [-89.9567944, 35.0812375]], [[-89.9590743, 35.0832042], [-89.9589509, 35.0830198], [-89.9586666, 35.0827652], [-89.9583549, 35.0825066], [-89.9578995, 35.0821286]], [[-89.9623699, 35.0859887], [-89.9621238, 35.0857665], [-89.9620771, 35.0857238], [-89.9619694, 35.0856312], [-89.9616776, 35.0853762], [-89.9613389, 35.0850937], [-89.9612158, 35.0849885], [-89.9611061, 35.0848987], [-89.9610593, 35.0848587], [-89.9607374, 35.0845936], [-89.9604468, 35.0843482], [-89.960372, 35.0842804], [-89.9601685, 35.0841113], [-89.9599548, 35.0839345], [-89.9597855, 35.0837905], [-89.9597265, 35.0837418], [-89.9594749, 35.0835344], [-89.9594304, 35.0834939], [-89.9592748, 35.0833695], [-89.9590743, 35.0832042]], [[-89.9628329, 35.0864584], [-89.962698, 35.086318], [-89.9625781, 35.0861963], [-89.9623699, 35.0859887]], [[-89.9641565, 35.0879835], [-89.9636042, 35.087294], [-89.9634529, 35.0871228], [-89.9633653, 35.0870242], [-89.9632175, 35.086856], [-89.9631507, 35.08678], [-89.9629823, 35.0866122], [-89.9629407, 35.0865707], [-89.9628329, 35.0864584]], [[-89.9697279, 35.0945414], [-89.9695263, 35.0943242], [-89.9692807, 35.0940564], [-89.9691987, 35.093967], [-89.9689103, 35.0936525], [-89.96885, 35.0935868], [-89.968704, 35.0934276], [-89.9686372, 35.0933548], [-89.9680858, 35.0927536], [-89.9676227, 35.0922201], [-89.9669525, 35.0914844], [-89.9665753, 35.091047], [-89.9663672, 35.0907966], [-89.9659454, 35.0902807], [-89.9657881, 35.0900883], [-89.9653007, 35.0894585], [-89.9651697, 35.08929], [-89.9648933, 35.0889402], [-89.9645921, 35.0885471], [-89.9644454, 35.0883573], [-89.9641565, 35.0879835]], [[-89.9701643, 35.0950198], [-89.9698143, 35.0946344], [-89.9697279, 35.0945414]], [[-89.9706453, 35.0955975], [-89.9705487, 35.0954893], [-89.9701643, 35.0950198]], [[-89.9799937, 35.1017632], [-89.9798008, 35.1016596], [-89.9796281, 35.1015704], [-89.9793608, 35.1014323], [-89.9790325, 35.1012569], [-89.9787944, 35.1011305], [-89.9783159, 35.1008829], [-89.9782153, 35.1008316], [-89.977604, 35.1005134], [-89.9775086, 35.1004592], [-89.9771563, 35.1002773], [-89.9769935, 35.1001959], [-89.9758107, 35.0995786], [-89.9755505, 35.0994409], [-89.9750412, 35.0991753], [-89.9749072, 35.0991077], [-89.9744468, 35.0988646], [-89.9738973, 35.0985721], [-89.9735875, 35.0984072], [-89.9734778, 35.0983385], [-89.9732128, 35.0981682], [-89.9731873, 35.0981502], [-89.9726701, 35.0977596], [-89.9725235, 35.0976276], [-89.9720409, 35.0971653], [-89.9717958, 35.0968973], [-89.9716174, 35.0966933], [-89.9715345, 35.0966043], [-89.971165, 35.0961896], [-89.9710668, 35.0960782], [-89.9709876, 35.0959943], [-89.9707846, 35.0957698], [-89.9706453, 35.0955975]], [[-89.9804688, 35.1020233], [-89.9803422, 35.1019552], [-89.9799937, 35.1017632]], [[-89.9841513, 35.1043526], [-89.9838615, 35.1041651], [-89.9837021, 35.1040598], [-89.9833981, 35.1038693], [-89.9833244, 35.1038176], [-89.9831086, 35.1036876], [-89.9829656, 35.1035948], [-89.9818314, 35.1028771], [-89.9816445, 35.1027552], [-89.9814909, 35.1026576], [-89.9814384, 35.1026174], [-89.9813544, 35.1025605], [-89.9809541, 35.1023143], [-89.980808, 35.1022224], [-89.9805384, 35.1020642], [-89.9804688, 35.1020233]], [[-89.9845517, 35.1046074], [-89.9844732, 35.1045576], [-89.9841989, 35.1043834], [-89.9841513, 35.1043526]], [[-89.9848485, 35.1048032], [-89.9846453, 35.1046691], [-89.9845517, 35.1046074]], [[-89.9849704, 35.1048729], [-89.9848485, 35.1048032]], [[-89.9850422, 35.1049226], [-89.9849704, 35.1048729]], [[-89.9852462, 35.1050506], [-89.9850422, 35.1049226]], [[-89.9856225, 35.1053149], [-89.9855604, 35.1052713], [-89.9854458, 35.1051908], [-89.9852462, 35.1050506]], [[-89.985948, 35.1055357], [-89.9857572, 35.1054063], [-89.9856225, 35.1053149]], [[-89.9861616, 35.1056972], [-89.985979, 35.1055603], [-89.985948, 35.1055357]], [[-89.9886689, 35.10854], [-89.9885853, 35.1084593], [-89.9884491, 35.1083365], [-89.9883547, 35.1082509], [-89.9882962, 35.1081978], [-89.9881842, 35.1080844], [-89.9879531, 35.1078505], [-89.9878288, 35.1077142], [-89.9877369, 35.1075908], [-89.9874892, 35.107258], [-89.9874634, 35.1072215], [-89.9872565, 35.1069289], [-89.9870233, 35.1065921], [-89.986968, 35.1065123], [-89.9869231, 35.106463], [-89.9868091, 35.106338], [-89.9867393, 35.1062615], [-89.9865344, 35.1060366], [-89.9864205, 35.1059117], [-89.9862861, 35.1058028], [-89.9861616, 35.1056972]], [[-89.9891478, 35.1090037], [-89.9894576, 35.1092049], [-89.9896554, 35.1092081]], [[-89.9889459, 35.1088496], [-89.9891478, 35.1090037]], [[-89.9886689, 35.10854], [-89.9888244, 35.1087569], [-89.9889459, 35.1088496]], [[-89.9896554, 35.1092081], [-89.9895541, 35.1090655], [-89.9889077, 35.1086289], [-89.9886689, 35.10854]], [[-89.9914614, 35.1103439], [-89.9912465, 35.1102115], [-89.9910917, 35.110111], [-89.9907267, 35.1098739], [-89.9901552, 35.1095027], [-89.9899403, 35.1093673], [-89.9897272, 35.1092428], [-89.9896554, 35.1092081]], [[-89.9915356, 35.1103896], [-89.9914614, 35.1103439]], [[-89.9915739, 35.1104132], [-89.9915356, 35.1103896]], [[-89.9917754, 35.1105374], [-89.9917245, 35.110506], [-89.9915739, 35.1104132]], [[-89.9920511, 35.1107194], [-89.9917754, 35.1105374]], [[-89.994329, 35.1122063], [-89.9933036, 35.1115469], [-89.992131, 35.1107722], [-89.9920511, 35.1107194]], [[-89.9991255, 35.1153819], [-89.9990452, 35.1153288], [-89.9982802, 35.1148223], [-89.9976213, 35.1143861], [-89.9966165, 35.1137209], [-89.9962802, 35.1135135], [-89.9959905, 35.1133229], [-89.995543, 35.1130287], [-89.9949631, 35.1126429], [-89.9948616, 35.112573], [-89.994329, 35.1122063]], [[-89.9995005, 35.1156409], [-89.9991255, 35.1153819]], [[-89.9996868, 35.1157598], [-89.9995005, 35.1156409]], [[-90.0002192, 35.1160996], [-89.9996868, 35.1157598]], [[-90.0002556, 35.1161228], [-90.0002192, 35.1160996]], [[-90.00074, 35.1164319], [-90.0002556, 35.1161228]], [[-90.0008436, 35.1164981], [-90.00074, 35.1164319]], [[-90.0014048, 35.1168562], [-90.0013068, 35.1167937], [-90.0008436, 35.1164981]], [[-90.0018531, 35.1171141], [-90.0015749, 35.116959], [-90.0015027, 35.1169187], [-90.0014048, 35.1168562]], [[-90.0022756, 35.1173883], [-90.0021679, 35.117321], [-90.0019657, 35.1171881], [-90.0018531, 35.1171141]], [[-90.005015, 35.1191202], [-90.0038997, 35.1183991], [-90.0036376, 35.1182277], [-90.0032033, 35.1179647], [-90.0029444, 35.1178095], [-90.0026649, 35.1176313], [-90.0023833, 35.1174555], [-90.0022756, 35.1173883]], [[-90.0050878, 35.1191673], [-90.005015, 35.1191202]], [[-90.0103511, 35.1225465], [-90.0097392, 35.1221542], [-90.0086091, 35.1214298], [-90.0082849, 35.1212122], [-90.0074427, 35.1206756], [-90.0066689, 35.1201895], [-90.0066113, 35.1201533], [-90.0065695, 35.120129], [-90.0063462, 35.1199837], [-90.0051334, 35.1191969], [-90.0050878, 35.1191673]], [[-90.010847, 35.1228409], [-90.0103511, 35.1225465]], [[-90.0115322, 35.1232307], [-90.010847, 35.1228409]], [[-90.0120603, 35.1235236], [-90.0115322, 35.1232307]], [[-90.0127273, 35.1239507], [-90.0120603, 35.1235236]], [[-90.0132886, 35.1242744], [-90.013115, 35.1241743], [-90.0130304, 35.1241255], [-90.0129418, 35.1240744], [-90.0127273, 35.1239507]], [[-90.0155102, 35.1255573], [-90.0149434, 35.1252245], [-90.0149349, 35.1252195], [-90.0149191, 35.1252103], [-90.0144556, 35.1249344], [-90.0142889, 35.1248407], [-90.0142697, 35.1248294], [-90.0139999, 35.1246748], [-90.0136729, 35.1244873], [-90.0132886, 35.1242744]], [[-90.0170109, 35.1264422], [-90.0167731, 35.1262931], [-90.015992, 35.1258401], [-90.0158106, 35.1257336], [-90.0157187, 35.1256797], [-90.0155102, 35.1255573]], [[-90.017594, 35.1267764], [-90.0170982, 35.1264952], [-90.0170109, 35.1264422]], [[-90.0184329, 35.1272396], [-90.017594, 35.1267764]], [[-90.0201793, 35.1282075], [-90.0199263, 35.1280717], [-90.0197886, 35.1279942], [-90.0191584, 35.1276397], [-90.0184329, 35.1272396]], [[-90.0204681, 35.128383], [-90.0201793, 35.1282075]], [[-90.0206962, 35.1285084], [-90.0204681, 35.128383]], [[-90.0210926, 35.12873], [-90.0206962, 35.1285084]], [[-90.0214357, 35.1289055], [-90.0210926, 35.12873]], [[-90.0223987, 35.129432], [-90.0219756, 35.129188], [-90.0216108, 35.1289995], [-90.0215046, 35.1289419], [-90.0214357, 35.1289055]], [[-90.0230294, 35.1298239], [-90.0229155, 35.1297539], [-90.0227352, 35.1296416], [-90.0223987, 35.129432]], [[-90.0231166, 35.1298775], [-90.0230294, 35.1298239]], [[-90.0233775, 35.1300379], [-90.0231166, 35.1298775]], [[-90.0247154, 35.1308021], [-90.0243355, 35.1305899], [-90.0239225, 35.1303449], [-90.0233775, 35.1300379]], [[-90.025704, 35.131398], [-90.0255463, 35.131324], [-90.0255185, 35.1312999], [-90.0249285, 35.1309409], [-90.0248007, 35.1308653], [-90.0247154, 35.1308021]], [[-90.025704, 35.131398], [-90.0258653, 35.1315601], [-90.0260085, 35.1316415], [-90.0260982, 35.1316843]], [[-90.0260982, 35.1316843], [-90.0260875, 35.1318993], [-90.0260855, 35.1319388], [-90.0260752, 35.1321462], [-90.0260524, 35.1326022]], [[-90.0260524, 35.1326022], [-90.0260386, 35.1328794]], [[-90.0260386, 35.1328794], [-90.0260293, 35.1331866]], [[-90.0260293, 35.1331866], [-90.0260218, 35.1333648], [-90.0260185, 35.1335436], [-90.0260334, 35.1336696], [-90.0260556, 35.1337868], [-90.0260781, 35.1338491], [-90.0261576, 35.1340256]], [[-90.0261576, 35.1340256], [-90.0262255, 35.1341367], [-90.0263059, 35.1342478], [-90.026381, 35.1343356], [-90.0264991, 35.1344365], [-90.0266141, 35.1345068], [-90.0266707, 35.1345418], [-90.0268156, 35.1346295], [-90.0268591, 35.1346483], [-90.0269608, 35.1346923], [-90.0270127, 35.1347129], [-90.0272032, 35.1347695], [-90.0273284, 35.1347937], [-90.027636, 35.1348293]], [[-90.027636, 35.1348293], [-90.0278773, 35.1348337]], [[-90.0278773, 35.1348337], [-90.0282715, 35.1348409]], [[-90.0282715, 35.1348409], [-90.0282852, 35.1343984], [-90.028292, 35.1341774], [-90.0283105, 35.1335799], [-90.0283295, 35.1329319]], [[-90.0283295, 35.1329319], [-90.0283482, 35.1324728]], [[-90.0283482, 35.1324728], [-90.028354, 35.13233], [-90.0283546, 35.1322755], [-90.0283559, 35.1321569], [-90.0283775, 35.1317539]], [[-90.0283775, 35.1317539], [-90.0279355, 35.1317467]], [[-90.0279355, 35.1317467], [-90.0272726, 35.1317358], [-90.0272225, 35.1317369], [-90.0270688, 35.1317399]], [[-90.0270688, 35.1317399], [-90.0268757, 35.1316965], [-90.0266221, 35.1316875], [-90.0264291, 35.131665], [-90.0262389, 35.1315973], [-90.0260928, 35.1315308], [-90.0259302, 35.1314384], [-90.025704, 35.131398]], [[-90.028243, 35.1358687], [-90.0282456, 35.1357749], [-90.0282597, 35.1352656], [-90.0282715, 35.1348409]], [[-90.0282355, 35.1361389], [-90.028243, 35.1358687]], [[-90.0282259, 35.1363975], [-90.0282355, 35.1361389]], [[-90.0281849, 35.1374976], [-90.0281868, 35.137446], [-90.0282019, 35.1370418], [-90.0282225, 35.1364878], [-90.0282259, 35.1363975]], [[-90.0281692, 35.1379926], [-90.0281711, 35.137868], [-90.0281776, 35.137693], [-90.0281849, 35.1374976]], [[-90.0287265, 35.1380486], [-90.028338, 35.1380086], [-90.0281692, 35.1379926]], [[-90.0298352, 35.1381544], [-90.0295282, 35.1381245], [-90.0289846, 35.1380751], [-90.0287265, 35.1380486]], [[-90.0308912, 35.1382629], [-90.0307782, 35.1382495], [-90.0298352, 35.1381544]], [[-90.0314472, 35.1383258], [-90.0310417, 35.1382809], [-90.0308912, 35.1382629]], [[-90.0331631, 35.1385162], [-90.031771, 35.1383616], [-90.0314472, 35.1383258]], [[-90.0360455, 35.1387672], [-90.0359847, 35.138762], [-90.0358966, 35.1387544], [-90.0358293, 35.1387503], [-90.0357614, 35.1387462], [-90.0348322, 35.138666], [-90.0340413, 35.1386008], [-90.0339211, 35.1385909], [-90.0337522, 35.1385753], [-90.0332431, 35.1385233], [-90.0331631, 35.1385162]], [[-90.0364474, 35.1387992], [-90.0363496, 35.1387851], [-90.0360455, 35.1387672]], [[-90.0373112, 35.1389128], [-90.0370985, 35.1388848], [-90.0369571, 35.1388663], [-90.0364474, 35.1387992]], [[-90.0376178, 35.1389583], [-90.0375261, 35.1389405], [-90.0373112, 35.1389128]], [[-90.0378779, 35.1390254], [-90.0377176, 35.1389807], [-90.0376178, 35.1389583]], [[-90.038433, 35.1391861], [-90.0384015, 35.139178], [-90.0382794, 35.1391465], [-90.0381507, 35.1391077], [-90.0378779, 35.1390254]], [[-90.0423801, 35.1402201], [-90.0419016, 35.1400996], [-90.0413801, 35.1399663], [-90.0413264, 35.1399517], [-90.0405533, 35.1397523], [-90.0401819, 35.139653], [-90.0399167, 35.1395819], [-90.0398668, 35.1395685], [-90.0395875, 35.1394937], [-90.0393204, 35.1394225], [-90.038433, 35.1391861]], [[-90.0427463, 35.140309], [-90.0423801, 35.1402201]], [[-90.042823, 35.1403283], [-90.0427463, 35.140309]], [[-90.0432308, 35.1404384], [-90.0428908, 35.140347], [-90.042823, 35.1403283]], [[-90.0452844, 35.1409856], [-90.0452565, 35.1409792], [-90.0452034, 35.1409669], [-90.0449035, 35.1408884], [-90.0446541, 35.1408201], [-90.0445983, 35.1408048], [-90.044299, 35.1407229], [-90.0442215, 35.1407017], [-90.0439892, 35.1406381], [-90.0438178, 35.1405912], [-90.0435332, 35.1405133], [-90.0432308, 35.1404384]], [[-90.0453323, 35.140999], [-90.0452844, 35.1409856]], [[-90.0454626, 35.141036], [-90.0453323, 35.140999]], [[-90.045577, 35.1410687], [-90.0454626, 35.141036]], [[-90.0456388, 35.1410844], [-90.045577, 35.1410687]], [[-90.0452177, 35.1420631], [-90.0452328, 35.1420279], [-90.0452468, 35.1419954], [-90.0455986, 35.1411763], [-90.0456388, 35.1410844]], [[-90.0450048, 35.1424106], [-90.0450846, 35.1423021], [-90.0451747, 35.1421403], [-90.0451943, 35.1421052], [-90.0452177, 35.1420631]], [[-90.0441255, 35.1431794], [-90.0444737, 35.1429238], [-90.0446022, 35.1428067], [-90.0446554, 35.1427583], [-90.0449058, 35.1425292], [-90.0450048, 35.1424106]], [[-90.0437606, 35.1436715], [-90.0438155, 35.1435648], [-90.0438798, 35.1434618], [-90.0439532, 35.1433628], [-90.0440352, 35.1432685], [-90.0441255, 35.1431794]], [[-90.0436958, 35.1438563], [-90.0437126, 35.1437986], [-90.0437349, 35.1437346], [-90.0437606, 35.1436715]], [[-90.0437266, 35.1446245], [-90.043699, 35.1445292], [-90.0436781, 35.1444327], [-90.0436641, 35.1443354], [-90.0436543, 35.144217], [-90.043656, 35.1440984], [-90.0436692, 35.1439803], [-90.0436958, 35.1438563]], [[-90.0438108, 35.1448409], [-90.0437266, 35.1446245]], [[-90.0440933, 35.1456107], [-90.044113, 35.1454878], [-90.0438108, 35.1448409]], [[-90.0439354, 35.1453926], [-90.0440004, 35.1455277], [-90.0440933, 35.1456107]], [[-90.0435235, 35.1442563], [-90.0435301, 35.1443494], [-90.0435437, 35.1444421], [-90.043566, 35.1445406], [-90.0435963, 35.1446377], [-90.0436388, 35.1447634], [-90.0437006, 35.1449291], [-90.0437844, 35.1450921], [-90.0438662, 35.1452533], [-90.0439354, 35.1453926]], [[-90.0435713, 35.1438234], [-90.0435543, 35.1439379], [-90.0435348, 35.1440433], [-90.0435246, 35.1441496], [-90.0435235, 35.1442563]], [[-90.0435917, 35.1437611], [-90.0435713, 35.1438234]], [[-90.0436693, 35.1435535], [-90.0435917, 35.1437611]], [[-90.0438376, 35.1433007], [-90.0437344, 35.143447], [-90.0436693, 35.1435535]], [[-90.0448904, 35.1419737], [-90.0448654, 35.1420131], [-90.0448466, 35.1420427], [-90.0447067, 35.1422629], [-90.044528, 35.1424441], [-90.0444511, 35.1425221], [-90.0442345, 35.1427359], [-90.0441913, 35.1427792], [-90.0441161, 35.1428728], [-90.0440453, 35.1429645], [-90.0438376, 35.1433007]], [[-90.0450021, 35.1416824], [-90.0449157, 35.1419077], [-90.044904, 35.1419381], [-90.0448904, 35.1419737]], [[-90.0452844, 35.1409856], [-90.0452465, 35.1410775], [-90.0451057, 35.1414196], [-90.0450021, 35.1416824]], [[-90.0441967, 35.1458384], [-90.0440933, 35.1456107]], [[-90.0441967, 35.1458384], [-90.0442407, 35.1459572], [-90.0442406, 35.1459704], [-90.0442594, 35.1460538], [-90.0442656, 35.1461171], [-90.0442675, 35.1461371], [-90.0442675, 35.1461463], [-90.0442675, 35.1462204]], [[-90.0439463, 35.1472344], [-90.0439837, 35.1471359], [-90.0440779, 35.1468873], [-90.0441403, 35.1467343], [-90.0441495, 35.1467117], [-90.0441917, 35.1465882], [-90.0442192, 35.1465077], [-90.044238, 35.1464354], [-90.044254, 35.1463586], [-90.0442614, 35.1463046], [-90.0442647, 35.1462802], [-90.0442675, 35.1462204]], [[-90.0435529, 35.1482569], [-90.0435964, 35.1481288], [-90.0436485, 35.1479755], [-90.0439127, 35.1473181], [-90.0439463, 35.1472344]], [[-90.0428929, 35.1494148], [-90.0430869, 35.1492014], [-90.0431556, 35.1491001], [-90.0432006, 35.149031], [-90.0432388, 35.1489652], [-90.0432828, 35.1488639], [-90.043364, 35.1486891], [-90.0433684, 35.1486807], [-90.0434485, 35.1485208], [-90.0435049, 35.1483782], [-90.0435529, 35.1482569]], [[-90.0428929, 35.1494148], [-90.0426833, 35.1495407], [-90.0419504, 35.150231], [-90.0418089, 35.1503643]], [[-90.0418089, 35.1503643], [-90.0417676, 35.1504092], [-90.0416753, 35.1504978], [-90.0416172, 35.1506043], [-90.0415618, 35.1507059]], [[-90.0415618, 35.1507059], [-90.0416629, 35.1506402], [-90.0418156, 35.1505408], [-90.0419098, 35.1504531], [-90.0424916, 35.1499114], [-90.0425125, 35.1498911], [-90.0428, 35.149612], [-90.0428929, 35.1494148]], [[-90.0459199, 35.1554761], [-90.0458314, 35.155689], [-90.0457622, 35.1558757]], [[-90.0457622, 35.1558757], [-90.0457048, 35.1560212], [-90.045695, 35.1560451], [-90.0456723, 35.1561035]], [[-90.0456723, 35.1561035], [-90.0455208, 35.1564874]], [[-90.0455208, 35.1564874], [-90.0460158, 35.1566119]], [[-90.0460158, 35.1566119], [-90.0461707, 35.1566519], [-90.0464317, 35.1567175]], [[-90.0464317, 35.1567175], [-90.046761, 35.1568003]], [[-90.046761, 35.1568003], [-90.0471861, 35.1569129]], [[-90.0471861, 35.1569129], [-90.0476335, 35.1570314]], [[-90.0476335, 35.1570314], [-90.0477302, 35.1567725]], [[-90.0477302, 35.1567725], [-90.0478889, 35.1563476]], [[-90.0478889, 35.1563476], [-90.048007, 35.1560316]], [[-90.048007, 35.1560316], [-90.0477783, 35.1559682], [-90.0476377, 35.1559293], [-90.0475901, 35.1559161], [-90.0471756, 35.155804]], [[-90.0471756, 35.155804], [-90.0465746, 35.1556445], [-90.04636, 35.1555915]], [[-90.04636, 35.1555915], [-90.0459199, 35.1554761]], [[-90.0419201, 35.1509587], [-90.0417001, 35.1508035], [-90.0416594, 35.1507748], [-90.0415618, 35.1507059]], [[-90.0444391, 35.151666], [-90.0442739, 35.151611], [-90.043356, 35.1515008], [-90.0430873, 35.1514686], [-90.042803, 35.1514313], [-90.0426447, 35.1513962], [-90.0425106, 35.1513502], [-90.0422945, 35.1512219], [-90.0421744, 35.1511375], [-90.0419201, 35.1509587]], [[-90.0444391, 35.151666], [-90.0445598, 35.1519664], [-90.0446503, 35.1521689], [-90.044681, 35.1522378], [-90.044708, 35.1522955], [-90.0447208, 35.1523239], [-90.0448629, 35.1526945], [-90.04493, 35.1528173], [-90.0449975, 35.1529079]], [[-90.0449975, 35.1529079], [-90.0450373, 35.1529533], [-90.0450721, 35.1529818], [-90.0451097, 35.1530059], [-90.0451595, 35.1530249], [-90.0460683, 35.153275], [-90.0462641, 35.1533287]], [[-90.0462641, 35.1533287], [-90.0467245, 35.1534519]], [[-90.0467245, 35.1534519], [-90.0465377, 35.1539355], [-90.0465219, 35.1539765], [-90.0465083, 35.1540116], [-90.0464724, 35.1541045]], [[-90.0464724, 35.1541045], [-90.0463765, 35.1543902], [-90.0463426, 35.1544753]], [[-90.0463426, 35.1544753], [-90.0463105, 35.1545541], [-90.0461788, 35.1548652], [-90.0459641, 35.1553725]], [[-90.0459641, 35.1553725], [-90.0459199, 35.1554761]]]}}, {"type": "Feature", "properties": {"osm_id": 8830447, "ref": "35", "name": "MATA 35 South Parkway"}, "geometry": {"type": "MultiLineString", "coordinates": [[[-90.0581773, 35.1076633], [-90.0573563, 35.1076415]], [[-90.0623575, 35.1077319], [-90.0619406, 35.1077232], [-90.0611615, 35.1077069], [-90.0608175, 35.1077039], [-90.0601326, 35.1076893], [-90.059429, 35.1076793], [-90.0586178, 35.1076661], [-90.0582846, 35.107664], [-90.0581773, 35.1076633]], [[-90.0623716, 35.1072382], [-90.062371, 35.1073297], [-90.0623575, 35.1077319]], [[-90.0627863, 35.0951912], [-90.0627399, 35.096373], [-90.0626922, 35.097586], [-90.0626901, 35.0976527], [-90.0626803, 35.097815], [-90.0626581, 35.0994016], [-90.0626582, 35.0994786], [-90.062646, 35.0999171], [-90.0626438, 35.0999955], [-90.0626317, 35.1004318], [-90.0625971, 35.1015148], [-90.0625938, 35.1017747], [-90.0625893, 35.102113], [-90.0625385, 35.1028879], [-90.0625095, 35.1038169], [-90.0624615, 35.1052499], [-90.0624155, 35.1062229], [-90.0623885, 35.1067399], [-90.0623716, 35.1072382]], [[-90.0564925, 35.0962291], [-90.05668, 35.096241], [-90.0574046, 35.0962872], [-90.0574202, 35.0962882], [-90.0579342, 35.096285], [-90.0583383, 35.0962561], [-90.0586953, 35.0962111], [-90.0588037, 35.0961925], [-90.0588788, 35.0961796], [-90.0589915, 35.0961603], [-90.0597037, 35.0959864], [-90.0597869, 35.0959657], [-90.0601939, 35.0958645], [-90.0604174, 35.0958046], [-90.0608708, 35.0956976], [-90.0614085, 35.0955655], [-90.0618857, 35.0954474], [-90.0625874, 35.0952738], [-90.0627863, 35.0951912]], [[-90.0557525, 35.0961819], [-90.056443, 35.0962259], [-90.0564925, 35.0962291]], [[-90.0550663, 35.096117], [-90.0551645, 35.0961319], [-90.055199, 35.0961348], [-90.0554489, 35.0961561], [-90.0557525, 35.0961819]], [[-90.0548727, 35.0960738], [-90.0549681, 35.096102], [-90.0550663, 35.096117]], [[-90.0525241, 35.0951597], [-90.0526925, 35.0951903], [-90.0529245, 35.0952359], [-90.0530966, 35.0952931], [-90.0533085, 35.0953719], [-90.0537592, 35.0955798], [-90.0538035, 35.0956003], [-90.0539408, 35.0956677], [-90.0543725, 35.0958789], [-90.0545443, 35.0959514], [-90.0547445, 35.0960359], [-90.0548727, 35.0960738]], [[-90.0519957, 35.0951263], [-90.0521804, 35.0951277], [-90.0523264, 35.0951354], [-90.0524975, 35.0951549], [-90.0525241, 35.0951597]], [[-90.051835, 35.1014101], [-90.051843, 35.1012469], [-90.0518515, 35.1008299], [-90.0518862, 35.0995127], [-90.0519061, 35.0987878], [-90.0519114, 35.0986691], [-90.0519197, 35.0982593], [-90.0519226, 35.0980754], [-90.051923, 35.0980164], [-90.0519324, 35.097698], [-90.0519414, 35.0972841], [-90.0519664, 35.096357], [-90.0519853, 35.0956252], [-90.0519957, 35.0951263]], [[-90.0516881, 35.1054776], [-90.0516898, 35.1053878], [-90.051702, 35.1050654], [-90.0517034, 35.105028], [-90.0517116, 35.1048068], [-90.0517201, 35.1045742], [-90.0517361, 35.104141], [-90.0517431, 35.1039557], [-90.0517458, 35.1038838], [-90.0517615, 35.103468], [-90.0517681, 35.1033], [-90.0517761, 35.1030949], [-90.0517873, 35.1028086], [-90.0517926, 35.1026936], [-90.0517937, 35.1026648], [-90.0518207, 35.1019379], [-90.0518226, 35.101885], [-90.0518319, 35.1016298], [-90.0518336, 35.1015064], [-90.051835, 35.1014101]], [[-90.0517209, 35.1075189], [-90.0516211, 35.1073798], [-90.0516065, 35.1069402], [-90.0516881, 35.1054776]], [[-90.0521901, 35.1075245], [-90.0517209, 35.1075189]], [[-90.0547596, 35.1075794], [-90.0545175, 35.1075729], [-90.0537965, 35.1075629], [-90.0532815, 35.1075479], [-90.0531055, 35.1075429], [-90.0521901, 35.1075245]], [[-90.0549042, 35.1075833], [-90.0547596, 35.1075794]], [[-90.0550488, 35.1075872], [-90.0549042, 35.1075833]], [[-90.0553637, 35.1075956], [-90.0550488, 35.1075872]], [[-90.055881, 35.1076063], [-90.055742, 35.1076036], [-90.0553637, 35.1075956]], [[-90.0573563, 35.1076415], [-90.0568573, 35.1076292], [-90.0562735, 35.1076149], [-90.056064, 35.1076105], [-90.055881, 35.1076063]], [[-90.0517209, 35.1075189], [-90.0508872, 35.1074986], [-90.0503926, 35.1074885], [-90.0502895, 35.1074866], [-90.0501077, 35.1074822], [-90.0499501, 35.1074793], [-90.0497771, 35.1074761], [-90.0495547, 35.107472], [-90.049216, 35.1074621], [-90.0490956, 35.1074595], [-90.0488036, 35.1074526], [-90.0486386, 35.1074493], [-90.0484122, 35.1074445], [-90.0479833, 35.1074321], [-90.0470192, 35.1074153], [-90.0458536, 35.1073895], [-90.0452476, 35.107377], [-90.0449319, 35.1073701], [-90.0445593, 35.1073619], [-90.0444257, 35.1073589], [-90.0438112, 35.1073397]], [[-90.0438112, 35.1073397], [-90.043335, 35.1073279]], [[-90.043335, 35.1073279], [-90.0432164, 35.1073249], [-90.0430225, 35.1073209], [-90.0428126, 35.1073159], [-90.0425775, 35.1073107], [-90.0423107, 35.1073048], [-90.0422249, 35.107303], [-90.0419529, 35.1072973], [-90.0412954, 35.1072839], [-90.0408818, 35.107273], [-90.0406504, 35.1072671], [-90.0399299, 35.1072518], [-90.0395748, 35.1072443], [-90.0388973, 35.1072285], [-90.0385487, 35.1072205], [-90.0381463, 35.1072178], [-90.0380285, 35.107217], [-90.0379222, 35.107235]], [[-90.0379222, 35.107235], [-90.0378075, 35.1072983], [-90.0377035, 35.1073749], [-90.0376568, 35.1074269], [-90.0375556, 35.1075573], [-90.0375105, 35.1076668], [-90.0374935, 35.1077939], [-90.0374871, 35.1078985], [-90.0374425, 35.1080409], [-90.0373665, 35.1081369], [-90.0372777, 35.1082386], [-90.0371755, 35.1083249], [-90.037072, 35.1083776], [-90.0370472, 35.1083902], [-90.0369886, 35.1084063], [-90.0369135, 35.1084269], [-90.0367985, 35.1084417], [-90.0367265, 35.1084509], [-90.036685, 35.1084504], [-90.0358416, 35.1084393], [-90.0343624, 35.1084074], [-90.0340724, 35.1083969]], [[-90.0340724, 35.1083969], [-90.0326142, 35.1083451], [-90.0321092, 35.1083389]], [[-90.0321092, 35.1083389], [-90.0320381, 35.1083053], [-90.0318654, 35.1083385], [-90.0317371, 35.1083883], [-90.0315981, 35.1084756], [-90.0314787, 35.1085869], [-90.0314167, 35.1086867], [-90.0313924, 35.1087641], [-90.0313742, 35.1090275], [-90.0313635, 35.1091547], [-90.0313528, 35.1092425], [-90.0313206, 35.1093346], [-90.0312991, 35.1093873], [-90.0312562, 35.1094751], [-90.0312133, 35.1095409], [-90.0311543, 35.1095936], [-90.0310792, 35.1096418], [-90.0310041, 35.1096769], [-90.0309916, 35.1096795], [-90.0308968, 35.1096989], [-90.030811, 35.1097121], [-90.0307429, 35.1097143], [-90.0306769, 35.1097164], [-90.0305595, 35.1097228], [-90.0304422, 35.1097291]], [[-90.0304422, 35.1097291], [-90.0298159, 35.1097011], [-90.0294639, 35.1096906]], [[-90.0294639, 35.1096906], [-90.0287369, 35.1096758]], [[-90.0287369, 35.1096758], [-90.0284446, 35.1096731], [-90.0278702, 35.1096596], [-90.0277438, 35.1096566], [-90.0272593, 35.1096448], [-90.0268916, 35.1096358]], [[-90.0268916, 35.1096358], [-90.0260065, 35.10961], [-90.0251898, 35.1095898], [-90.0243516, 35.1095603], [-90.0235075, 35.1095348], [-90.0226987, 35.1095168], [-90.0220162, 35.1094988], [-90.0216884, 35.1094901]], [[-90.0125921, 35.1092234], [-90.0123517, 35.1091864], [-90.0114468, 35.1091538], [-90.0107915, 35.1091316], [-90.0105536, 35.1091235], [-90.0100066, 35.1091128], [-90.0098984, 35.1091096], [-90.0098336, 35.1091103], [-90.0088378, 35.1090743], [-90.0087983, 35.1090729], [-90.0060861, 35.1089747], [-90.0050726, 35.108925]], [[-90.0125921, 35.1092234], [-90.0136852, 35.1092378], [-90.0144242, 35.1092475]], [[-90.0144242, 35.1092475], [-90.0146588, 35.1092852], [-90.0147545, 35.1093119], [-90.0148699, 35.1093453]], [[-90.0148699, 35.1093453], [-90.0149547, 35.1093702], [-90.0150905, 35.1094091], [-90.0152228, 35.1094396], [-90.0152907, 35.1094507], [-90.0153653, 35.1094563], [-90.0157427, 35.1094701], [-90.017314, 35.1095231], [-90.0183004, 35.1095564], [-90.0184252, 35.1095606], [-90.0211282, 35.1096518], [-90.0215516, 35.1096661], [-90.0217262, 35.109672]], [[-90.0217262, 35.109672], [-90.0224685, 35.1096924], [-90.0226879, 35.1096985], [-90.0230639, 35.1097088], [-90.023489, 35.1097205], [-90.0243481, 35.1097442], [-90.0251724, 35.1097669], [-90.0260474, 35.109791], [-90.0268893, 35.1098136]], [[-90.0268893, 35.1098136], [-90.0271668, 35.1098147], [-90.0274274, 35.1098199], [-90.0276209, 35.1098238], [-90.0277372, 35.1098261]], [[-90.0277372, 35.1098261], [-90.0284453, 35.1098481], [-90.0287162, 35.10987]], [[-90.0287162, 35.10987], [-90.0294484, 35.1098876]], [[-90.0294484, 35.1098876], [-90.0303234, 35.1099002], [-90.0304395, 35.1099019]], [[-90.0304395, 35.1099019], [-90.0307282, 35.1099027], [-90.0309804, 35.1099035], [-90.0310446, 35.1098892], [-90.0311283, 35.109859], [-90.0312233, 35.1098111], [-90.03133, 35.109744], [-90.0314067, 35.1096703], [-90.0314722, 35.1095848], [-90.0315298, 35.1094707], [-90.0315674, 35.109361], [-90.0315634, 35.1092864], [-90.0315656, 35.1091315], [-90.0315674, 35.1090318], [-90.0315961, 35.1087715], [-90.0316609, 35.1086375], [-90.0317658, 35.108536], [-90.0318861, 35.108456], [-90.032016, 35.1084048], [-90.0321092, 35.1083389]], [[-90.0050726, 35.108925], [-90.0048356, 35.1089119], [-90.0035695, 35.1088996], [-90.0030187, 35.1089057], [-90.0015207, 35.1088703], [-90.000185, 35.1088439], [-89.9993363, 35.1087785], [-89.9981641, 35.1087166], [-89.9981421, 35.1087158], [-89.9975423, 35.1086928], [-89.9970818, 35.1086878], [-89.9966658, 35.1086878], [-89.996398, 35.1087211], [-89.9962052, 35.1087711], [-89.9957568, 35.1088872], [-89.9944296, 35.1092691], [-89.9940223, 35.1093878], [-89.9937868, 35.1094564], [-89.9934812, 35.1095455], [-89.9926831, 35.1097781], [-89.9923921, 35.1099239]], [[-89.9923921, 35.1099239], [-89.9920984, 35.1101559], [-89.9919994, 35.1102603], [-89.9919533, 35.1103204], [-89.9919009, 35.1103858]], [[-89.9919009, 35.1103858], [-89.9918524, 35.1104443], [-89.9917754, 35.1105374]], [[-89.9917754, 35.1105374], [-89.9917237, 35.1106757], [-89.9916871, 35.1107734], [-89.9916745, 35.1109279], [-89.9916428, 35.1113181], [-89.9915268, 35.1131601], [-89.9914667, 35.1142401]], [[-89.9914667, 35.1142401], [-89.9914608, 35.1143467], [-89.9914242, 35.1145084]], [[-89.9914242, 35.1145084], [-89.9913564, 35.1147818]], [[-89.9913564, 35.1147818], [-89.9914478, 35.1147528], [-89.9915454, 35.1147086], [-89.9916278, 35.1146526], [-89.9916667, 35.1146126], [-89.9917013, 35.1145113], [-89.9917227, 35.114259], [-89.991747, 35.1137907], [-89.9917567, 35.1136038], [-89.9917792, 35.1131707], [-89.9919054, 35.1113478], [-89.9919073, 35.111326], [-89.9919322, 35.1110472], [-89.9919722, 35.1108845], [-89.9919946, 35.1108375], [-89.9920511, 35.1107194]], [[-89.9920511, 35.1107194], [-89.9921128, 35.1106212], [-89.9921638, 35.11054]], [[-89.9921638, 35.11054], [-89.9922458, 35.1104435], [-89.9923772, 35.1103141], [-89.9926222, 35.1101559]], [[-89.9926222, 35.1101559], [-89.9930233, 35.1100038], [-89.994439, 35.1096226], [-89.9958012, 35.1092422], [-89.9964976, 35.1090511], [-89.9969075, 35.1090129], [-89.9970632, 35.1090181], [-89.9973125, 35.1090265], [-89.9981536, 35.1090615], [-89.9993934, 35.1090583], [-90.0009404, 35.1090826], [-90.0015448, 35.1090927], [-90.0036438, 35.1091281], [-90.004826, 35.1091568], [-90.0050842, 35.1091636]], [[-90.0050842, 35.1091636], [-90.0059267, 35.1091829], [-90.0060417, 35.1091855], [-90.0060765, 35.1091866], [-90.0066654, 35.1092058], [-90.0073056, 35.1092266], [-90.0080286, 35.1092501], [-90.0085712, 35.1092678], [-90.0087938, 35.1092751], [-90.0099345, 35.1093122], [-90.0100475, 35.1093161], [-90.0101156, 35.1093178], [-90.0106794, 35.1093393], [-90.0107724, 35.109342], [-90.0119353, 35.1093756], [-90.0120956, 35.1093759], [-90.0121999, 35.1093695], [-90.0122682, 35.1093596], [-90.0123471, 35.1093455], [-90.0125921, 35.1092234]], [[-89.9912457, 35.1161297], [-89.9912545, 35.1159689], [-89.9912608, 35.1159258], [-89.9912623, 35.1158206], [-89.9912745, 35.1149729], [-89.9913155, 35.1148772], [-89.9913564, 35.1147818]], [[-89.9912317, 35.1164398], [-89.9912408, 35.1162388], [-89.9912457, 35.1161297]], [[-89.9911812, 35.117582], [-89.9912317, 35.1164398]], [[-89.9911696, 35.1178438], [-89.9911812, 35.117582]], [[-89.991154, 35.1181335], [-89.9911696, 35.1178438]], [[-89.991099, 35.1193624], [-89.9911077, 35.11919], [-89.9911127, 35.1190344], [-89.9911253, 35.1186703], [-89.9911275, 35.1186259], [-89.9911501, 35.1182064], [-89.991154, 35.1181335]], [[-89.9910864, 35.1196522], [-89.991091, 35.1195462], [-89.991099, 35.1193624]], [[-89.9849209, 35.1195016], [-89.9850572, 35.1195028], [-89.9853667, 35.1195119], [-89.9855075, 35.1195149], [-89.9863208, 35.119533], [-89.9871685, 35.1195579], [-89.9875579, 35.1195622], [-89.9880715, 35.1195679], [-89.9889625, 35.1195879], [-89.9899361, 35.1196167], [-89.9910864, 35.1196522]], [[-89.9844864, 35.1194928], [-89.9846082, 35.1194951], [-89.9847025, 35.1194977], [-89.9848126, 35.1195007], [-89.9849209, 35.1195016]], [[-89.9844864, 35.1194928], [-89.9844966, 35.1192571], [-89.9845062, 35.1190441], [-89.9845084, 35.1188568], [-89.9845148, 35.1187928]], [[-89.9845148, 35.1187928], [-89.9845297, 35.1186733], [-89.9845484, 35.1185033]], [[-89.9845484, 35.1185033], [-89.9845859, 35.1181612], [-89.9846508, 35.1177362], [-89.9846584, 35.1173543], [-89.9846859, 35.1159718]], [[-89.9846859, 35.1159718], [-89.9842631, 35.1159662]], [[-89.9842631, 35.1159662], [-89.9842647, 35.1177156], [-89.9842616, 35.1181416], [-89.9843124, 35.1189056]], [[-89.9843124, 35.1189056], [-89.9842992, 35.1193797], [-89.9842985, 35.1194918]], [[-89.9842985, 35.1194918], [-89.9844864, 35.1194928]], [[-89.9842631, 35.1159662], [-89.9813881, 35.1159062]], [[-89.9813881, 35.1159062], [-89.9808467, 35.1158949]], [[-89.9808467, 35.1158949], [-89.9794681, 35.1158616], [-89.9766501, 35.1157934]], [[-89.9766501, 35.1157934], [-89.9761568, 35.1157815]], [[-89.9761568, 35.1157815], [-89.9751437, 35.115756], [-89.974729, 35.1157412]], [[-89.974729, 35.1157412], [-89.9743097, 35.11573]], [[-89.9743097, 35.11573], [-89.9740278, 35.115727], [-89.9739911, 35.1157271]], [[-89.9739911, 35.1157271], [-89.9737144, 35.1157279], [-89.9734818, 35.1157259]], [[-89.9734818, 35.1157259], [-89.972894, 35.1157031]], [[-89.972894, 35.1157031], [-89.9725845, 35.1156919]], [[-89.9725845, 35.1156919], [-89.972195, 35.1156838]], [[-89.972195, 35.1156838], [-89.972083, 35.1156814], [-89.9717235, 35.1156739]], [[-89.9717235, 35.1156739], [-89.9714477, 35.1156681], [-89.9711366, 35.1156615]], [[-89.9711366, 35.1156615], [-89.9706795, 35.1156519]], [[-89.9706795, 35.1156519], [-89.9700595, 35.1156341]], [[-89.9700595, 35.1156341], [-89.9695975, 35.1156209]], [[-89.9695975, 35.1156209], [-89.9690815, 35.1156014]], [[-89.9690815, 35.1156014], [-89.9682819, 35.1155927]], [[-89.9682819, 35.1155927], [-89.9681535, 35.1155919], [-89.9665635, 35.1155499], [-89.9661515, 35.1155439], [-89.9636928, 35.1154933], [-89.9625409, 35.1154775]], [[-89.9625409, 35.1154775], [-89.9621134, 35.1154673]], [[-89.9621134, 35.1154673], [-89.9611418, 35.1154439]], [[-89.9611418, 35.1154439], [-89.9606636, 35.115439], [-89.9606469, 35.1154387]], [[-89.9606469, 35.1154387], [-89.9584575, 35.1153929], [-89.9575445, 35.1153599], [-89.9566538, 35.1153395], [-89.9546415, 35.1152909], [-89.9544195, 35.1152839], [-89.9542789, 35.1152803], [-89.9531832, 35.1152505], [-89.951713, 35.1152483], [-89.9502452, 35.1151864], [-89.9487671, 35.1151554]], [[-89.9487671, 35.1151554], [-89.9480927, 35.1151377]], [[-89.9480927, 35.1151377], [-89.9479715, 35.1151345], [-89.947244, 35.11517], [-89.9468794, 35.1152029], [-89.9468356, 35.1152069], [-89.9466059, 35.1152559], [-89.9464165, 35.1152963], [-89.9463385, 35.1153171], [-89.9462525, 35.1153401]], [[-89.9462525, 35.1153401], [-89.945979, 35.1154132], [-89.9457503, 35.1154743]], [[-89.945743, 35.1160175], [-89.9457461, 35.115787], [-89.9457491, 35.1155622], [-89.9457503, 35.1154743]], [[-89.9457285, 35.116429], [-89.9457322, 35.1163494], [-89.9457336, 35.1163156], [-89.9457396, 35.1161418], [-89.945743, 35.1160175]], [[-89.945717, 35.1165911], [-89.9457285, 35.116429]], [[-89.9456702, 35.1174358], [-89.9456858, 35.1171687], [-89.9456932, 35.1170058], [-89.9457033, 35.1167847], [-89.945717, 35.1165911]], [[-89.9456525, 35.1177376], [-89.945664, 35.1175414], [-89.9456702, 35.1174358]], [[-89.9456485, 35.1178059], [-89.9456525, 35.1177376]], [[-89.9456387, 35.1180185], [-89.9456485, 35.1178059]], [[-89.9456042, 35.118767], [-89.9456056, 35.1187376], [-89.9456086, 35.1186711], [-89.945612, 35.1185968], [-89.945634, 35.1181203], [-89.9456387, 35.1180185]], [[-89.9455855, 35.1191729], [-89.9455885, 35.1191077], [-89.9455935, 35.1189987], [-89.9456042, 35.118767]], [[-89.9454463, 35.1226275], [-89.9454823, 35.1218204], [-89.9455062, 35.121248], [-89.9455485, 35.1202853], [-89.9455497, 35.1202557], [-89.9455829, 35.1192509], [-89.9455855, 35.1191729]], [[-89.9454212, 35.1231913], [-89.9454275, 35.1230507], [-89.9454335, 35.122915], [-89.9454463, 35.1226275]], [[-89.945218, 35.1283295], [-89.9452427, 35.127797]], [[-89.9452427, 35.127797], [-89.9452579, 35.1274808], [-89.9452713, 35.1272024], [-89.9452758, 35.1271083], [-89.9452836, 35.1269466], [-89.9453108, 35.1263802], [-89.945324, 35.1258828], [-89.9453257, 35.1258178], [-89.9453299, 35.1256594], [-89.9453341, 35.1254987], [-89.9453531, 35.1250072], [-89.9453616, 35.1247881], [-89.9453675, 35.1244356], [-89.9453742, 35.1243014], [-89.9454154, 35.1233278], [-89.9454212, 35.1231913]], [[-89.9451011, 35.1315386], [-89.9451028, 35.131481], [-89.9451114, 35.13102], [-89.9451255, 35.1304259], [-89.9451756, 35.1295509], [-89.9451875, 35.1291065], [-89.9451961, 35.1288032], [-89.945218, 35.1283295]], [[-89.9450894, 35.1319464], [-89.9451011, 35.1315386]], [[-89.9446162, 35.1468414], [-89.9446295, 35.1464729], [-89.9446315, 35.1463473], [-89.9446346, 35.1462467], [-89.9446426, 35.1460263], [-89.9446489, 35.1458511], [-89.944639, 35.1456947], [-89.9446479, 35.1453689], [-89.9446494, 35.1453172], [-89.9446497, 35.1453045], [-89.9446649, 35.1448499], [-89.9446768, 35.1444756], [-89.9446782, 35.1443743], [-89.9446832, 35.1442139], [-89.9446972, 35.1438299], [-89.9447046, 35.1436266], [-89.9447182, 35.1432009], [-89.9447237, 35.1430581], [-89.9447333, 35.1427513], [-89.9447443, 35.1424764], [-89.9447499, 35.1423037], [-89.9447612, 35.1420336], [-89.9447654, 35.1419259], [-89.9447879, 35.1412525], [-89.9447913, 35.1410494], [-89.9448219, 35.1402659], [-89.9448285, 35.140107], [-89.9448287, 35.1400406], [-89.9448286, 35.1400144], [-89.9448408, 35.1397665], [-89.9448417, 35.1397379], [-89.9448501, 35.1394787], [-89.9448516, 35.1394333], [-89.9448685, 35.139017], [-89.9448864, 35.1384412], [-89.9448921, 35.1383455], [-89.9448964, 35.1382409], [-89.9448994, 35.1381312], [-89.9449147, 35.1377563], [-89.9449122, 35.1374179], [-89.9449613, 35.1364665], [-89.9449688, 35.1361192], [-89.9449691, 35.1360622], [-89.9449777, 35.1357985], [-89.9449897, 35.1353561], [-89.9449915, 35.1352835], [-89.9450184, 35.134268], [-89.9450239, 35.1341425], [-89.9450017, 35.1334329], [-89.9450894, 35.1319464]], [[-89.9445436, 35.1487823], [-89.9445481, 35.1484503], [-89.9445786, 35.1477851], [-89.9445793, 35.1476521], [-89.9446005, 35.1471233], [-89.9446128, 35.1469033], [-89.9446162, 35.1468414]], [[-89.9445285, 35.1494626], [-89.9445305, 35.1493495], [-89.9445332, 35.1491949], [-89.9445353, 35.1490806], [-89.9445378, 35.1489345], [-89.9445436, 35.1487823]], [[-89.9436041, 35.1494901], [-89.9438921, 35.1494815], [-89.9440371, 35.1494772], [-89.9442959, 35.1494695], [-89.9443801, 35.149467], [-89.9445285, 35.1494626]], [[-89.9213775, 35.1489811], [-89.9213407, 35.1501891], [-89.9213025, 35.1515063]], [[-89.9213025, 35.1515063], [-89.920017, 35.1514743], [-89.9194454, 35.1514522], [-89.9193456, 35.1514489], [-89.9192712, 35.1514449]], [[-89.9192712, 35.1514449], [-89.9190479, 35.1514401]], [[-89.9190479, 35.1514401], [-89.9189464, 35.1514379], [-89.9189268, 35.1514374], [-89.9182876, 35.1514209], [-89.9158341, 35.1513575]], [[-89.9158341, 35.1513575], [-89.9158633, 35.150967]], [[-89.9158633, 35.150967], [-89.9158731, 35.1508361], [-89.9158882, 35.1506363], [-89.9158913, 35.1505958], [-89.9159017, 35.1504724], [-89.9159142, 35.150324], [-89.9159157, 35.1503092], [-89.9159215, 35.1502523], [-89.9159331, 35.1501004], [-89.9159479, 35.1499277], [-89.9159629, 35.1497534], [-89.9159677, 35.1496845], [-89.9159726, 35.1496151], [-89.9159912, 35.1493854], [-89.9160017, 35.1492566], [-89.9160142, 35.1491024], [-89.9160316, 35.1488877]], [[-89.9160316, 35.1488877], [-89.9162357, 35.1488903], [-89.9165886, 35.1488966], [-89.9168134, 35.1489006]], [[-89.9168134, 35.1489006], [-89.9168544, 35.1489013], [-89.9169525, 35.1489031], [-89.9170291, 35.1489045], [-89.9171111, 35.1489061], [-89.9171638, 35.1489071], [-89.917295, 35.1489096], [-89.9173452, 35.1489106], [-89.9175299, 35.1489142], [-89.917599, 35.1489155], [-89.9186355, 35.1489329], [-89.9189775, 35.1489428], [-89.9190606, 35.1489452]], [[-89.9190606, 35.1489452], [-89.9193386, 35.1489495]], [[-89.9193386, 35.1489495], [-89.919364, 35.148949], [-89.919436, 35.1489477], [-89.9195378, 35.1489502], [-89.9195634, 35.1489499], [-89.9200322, 35.1489449], [-89.9203573, 35.1489534], [-89.920599, 35.1489598], [-89.9209787, 35.1489702], [-89.9211492, 35.1489749], [-89.9213404, 35.1489801], [-89.9213775, 35.1489811]], [[-89.9153604, 35.1495117], [-89.9153513, 35.1495118]], [[-89.9153513, 35.1495118], [-89.9153518, 35.1495446], [-89.9153267, 35.1495437], [-89.915286, 35.1495437], [-89.9152557, 35.1495428], [-89.9152258, 35.1495424], [-89.9152374, 35.1492143], [-89.9152936, 35.1492147], [-89.915414, 35.1492162], [-89.9154138, 35.1493034], [-89.9154824, 35.1493062], [-89.9154826, 35.1494117], [-89.9154127, 35.1494127], [-89.9154075, 35.1495126], [-89.9153994, 35.1495128], [-89.9153993, 35.1495193], [-89.9153603, 35.1495185], [-89.9153604, 35.1495117]]]}}, {"type": "Feature", "properties": {"osm_id": 8830584, "ref": "42", "name": "MATA 42 Crosstown"}, "geometry": {"type": "MultiLineString", "coordinates": [[[-89.9910686, 35.2064808], [-89.990307, 35.2064573]], [[-89.9914606, 35.2065324], [-89.9910686, 35.2064808]], [[-89.9916539, 35.2066139], [-89.9915667, 35.2065713], [-89.9915272, 35.2065552], [-89.9914606, 35.2065324]], [[-89.9920995, 35.2068791], [-89.9918594, 35.2067144], [-89.9916539, 35.2066139]], [[-89.9937306, 35.2077428], [-89.9935555, 35.2077223], [-89.993498, 35.2077168], [-89.993237, 35.2076601], [-89.992995, 35.2075707], [-89.9929577, 35.2075489], [-89.9927724, 35.2074404], [-89.9925493, 35.2072572], [-89.9924622, 35.2071856], [-89.9924149, 35.2071457], [-89.9922422, 35.2069997], [-89.9920995, 35.2068791]], [[-89.9943006, 35.2077583], [-89.9939767, 35.2077476], [-89.9937306, 35.2077428]], [[-89.9948856, 35.2077704], [-89.9943006, 35.2077583]], [[-90.0033227, 35.208138], [-90.0030176, 35.208081], [-90.002619, 35.2080231], [-90.0024908, 35.2080045], [-90.0019784, 35.2079747], [-89.999648, 35.2079006], [-89.9971373, 35.2078391], [-89.995499, 35.2077831], [-89.9949962, 35.2077727], [-89.9948856, 35.2077704]], [[-90.003851, 35.2078166], [-90.0037819, 35.2079684], [-90.0037068, 35.2080375], [-90.0036304, 35.2080736], [-90.0035231, 35.208112], [-90.0033227, 35.208138]], [[-90.0038285, 35.2082325], [-90.003851, 35.2078166]], [[-90.0038048, 35.2087321], [-90.0038285, 35.2082325]], [[-90.0036172, 35.212703], [-90.0036284, 35.2124872], [-90.0036392, 35.2122786], [-90.0036526, 35.2120198], [-90.0036939, 35.2112227], [-90.0037408, 35.2102669], [-90.0037799, 35.2094187], [-90.0037877, 35.2091994], [-90.0038048, 35.2087321]], [[-90.0035948, 35.2131366], [-90.0036061, 35.2129188], [-90.0036172, 35.212703]], [[-90.0034499, 35.2170999], [-90.0034481, 35.2170325], [-90.0034506, 35.2169326], [-90.0034715, 35.2165388], [-90.0034832, 35.2162254], [-90.0035176, 35.2148763], [-90.0035441, 35.2143489], [-90.0035511, 35.2142091], [-90.0035582, 35.2140674], [-90.0035661, 35.2139115], [-90.0035746, 35.2137412], [-90.0035885, 35.2133298], [-90.0035948, 35.2131366]], [[-90.0034502, 35.2175647], [-90.0034373, 35.2173066], [-90.0034504, 35.2171187], [-90.0034499, 35.2170999]], [[-90.0027193, 35.2175438], [-90.0034502, 35.2175647]], [[-89.9942595, 35.2172787], [-89.9943113, 35.2172809], [-89.9944072, 35.2172837], [-89.9945385, 35.2172875], [-89.9947895, 35.2172947], [-89.9949216, 35.2172985], [-89.9950384, 35.2173019], [-89.9952226, 35.2173072], [-89.9954424, 35.2173136], [-89.9960428, 35.2173309], [-89.9968326, 35.217356], [-89.9969568, 35.2173599], [-89.9981528, 35.2174029], [-89.9992578, 35.2174409], [-89.9996145, 35.2174492], [-90.0002948, 35.2174649], [-90.0008998, 35.2174899], [-90.0013168, 35.2175019], [-90.0022578, 35.2175389], [-90.0023598, 35.2175319], [-90.0026517, 35.2175419], [-90.0027193, 35.2175438]], [[-89.9936056, 35.2172528], [-89.9939012, 35.2172682], [-89.9941274, 35.2172735], [-89.9942595, 35.2172787]], [[-89.9929834, 35.2172411], [-89.9936056, 35.2172528]], [[-89.9922998, 35.2172229], [-89.9925696, 35.2172308], [-89.992778, 35.2172368], [-89.9929834, 35.2172411]], [[-89.9903233, 35.2171669], [-89.9905678, 35.2171738], [-89.9907425, 35.2171788], [-89.9908965, 35.2171832], [-89.9912164, 35.2171923], [-89.9914846, 35.2171998], [-89.991582, 35.2172026], [-89.9918041, 35.2172089], [-89.9920626, 35.2172162], [-89.9922998, 35.2172229]], [[-89.9897928, 35.2171519], [-89.9900655, 35.2171596], [-89.9903233, 35.2171669]], [[-89.990307, 35.2064573], [-89.9902703, 35.2071627], [-89.9902561, 35.2074373], [-89.9902494, 35.2075653], [-89.9901168, 35.2101159], [-89.9900708, 35.2111959], [-89.9899788, 35.2131929], [-89.9898191, 35.2165912], [-89.9898136, 35.2167094], [-89.9897928, 35.2171519]], [[-90.003851, 35.2078166], [-90.0038626, 35.2076188], [-90.0039037, 35.2068771], [-90.0039045, 35.2068566], [-90.0039478, 35.2057237], [-90.0039778, 35.2052255], [-90.0039948, 35.2051097], [-90.0040168, 35.2049595], [-90.0041391, 35.2046393], [-90.0042958, 35.2043195], [-90.0044314, 35.2041156], [-90.0045358, 35.2039585], [-90.0048308, 35.2036675], [-90.0052032, 35.203434], [-90.0063877, 35.2028844], [-90.0068367, 35.2026534], [-90.0070077, 35.2025569], [-90.0071865, 35.2024197], [-90.0073265, 35.2022824]], [[-90.0073265, 35.2022824], [-90.0074753, 35.2020784], [-90.007532, 35.2019851]], [[-90.007532, 35.2019851], [-90.0075713, 35.2019204], [-90.0076538, 35.2017514]], [[-90.0076538, 35.2017514], [-90.0076848, 35.2016613], [-90.0077286, 35.201455]], [[-90.0077286, 35.201455], [-90.0077379, 35.2010957]], [[-90.0077379, 35.2010957], [-90.0077505, 35.2006084], [-90.0077816, 35.1998893], [-90.0077852, 35.1998056]], [[-90.0077852, 35.1998056], [-90.0078039, 35.1993742]], [[-90.0078039, 35.1993742], [-90.007806, 35.1992555], [-90.00781, 35.1990288], [-90.0078198, 35.1984689], [-90.0078228, 35.1983008], [-90.0078279, 35.1981649], [-90.007827, 35.1980611], [-90.0078228, 35.1978585], [-90.0078195, 35.1976947], [-90.0078163, 35.1975394], [-90.0078213, 35.1973706], [-90.0078245, 35.1972625], [-90.0078292, 35.1971065], [-90.007848, 35.1964769], [-90.007859, 35.1962972], [-90.0078764, 35.1960108], [-90.0079306, 35.1951231], [-90.0079331, 35.1949859], [-90.0079373, 35.1947532], [-90.0079448, 35.1943405]], [[-90.0079448, 35.1943405], [-90.0080248, 35.1941415], [-90.0080276, 35.193291]], [[-90.0080276, 35.193291], [-90.0080455, 35.1924906]], [[-90.0080455, 35.1924906], [-90.0080653, 35.1918263], [-90.0080908, 35.1913657], [-90.0081089, 35.1901292]], [[-90.0081089, 35.1901292], [-90.0081094, 35.1890816], [-90.0080916, 35.1884809]], [[-90.0080916, 35.1884809], [-90.0080469, 35.1887806], [-90.0079926, 35.1894194], [-90.0079263, 35.1902262], [-90.0078942, 35.1912964], [-90.0078677, 35.1924528], [-90.0078589, 35.1929377], [-90.0078634, 35.1934221]], [[-90.0078634, 35.1934221], [-90.0078712, 35.1938031], [-90.0078706, 35.1939061], [-90.0078699, 35.1940241], [-90.0078692, 35.1941499], [-90.0079448, 35.1943405]], [[-90.0080916, 35.1884809], [-90.0081452, 35.1863306]], [[-90.0081452, 35.1863306], [-90.0081105, 35.1823519], [-90.0082043, 35.1806998], [-90.0082065, 35.1806609], [-90.008223, 35.1802345], [-90.008252, 35.1794826], [-90.0082539, 35.1793651], [-90.0082612, 35.1788974], [-90.0082715, 35.1782379], [-90.0083045, 35.1770259], [-90.008317, 35.1767298], [-90.0083417, 35.176144]], [[-90.0083417, 35.176144], [-90.0083595, 35.1757199]], [[-90.0083595, 35.1757199], [-90.0083865, 35.1743359], [-90.0084212, 35.1735198]], [[-90.0084212, 35.1735198], [-90.0084415, 35.1730409]], [[-90.0084415, 35.1730409], [-90.0084596, 35.1726485], [-90.0084605, 35.1726039], [-90.0084695, 35.1721359], [-90.0084804, 35.1720827], [-90.0085725, 35.1716329], [-90.0088909, 35.170928]], [[-90.0088909, 35.170928], [-90.0090869, 35.1705]], [[-90.0090869, 35.1705], [-90.0092385, 35.1701839], [-90.0093175, 35.1700239], [-90.0098145, 35.1690729], [-90.0100105, 35.1686769], [-90.0101986, 35.1681541], [-90.0102716, 35.1677935], [-90.0102979, 35.1673482], [-90.0103613, 35.1651014]], [[-90.0103613, 35.1651014], [-90.0103727, 35.1646982]], [[-90.0103727, 35.1646982], [-90.0104267, 35.1642939]], [[-90.0104267, 35.1642939], [-90.0106695, 35.1624829], [-90.0111085, 35.1594269], [-90.0111511, 35.1592251], [-90.0112325, 35.1588399], [-90.0114023, 35.1585733]], [[-90.0114023, 35.1585733], [-90.0115685, 35.1584], [-90.0118197, 35.1581438]], [[-90.0118197, 35.1581438], [-90.0118664, 35.1578617], [-90.0118898, 35.15772]], [[-90.0118898, 35.15772], [-90.0119851, 35.1571443], [-90.0121163, 35.156125], [-90.0121336, 35.1560249], [-90.0122006, 35.1555002]], [[-90.0122006, 35.1555002], [-90.0122626, 35.1550446], [-90.0122744, 35.1549577]], [[-90.0122744, 35.1549577], [-90.0122939, 35.154862], [-90.0123263, 35.1547026]], [[-90.0123263, 35.1547026], [-90.0123587, 35.1545432]], [[-90.0123587, 35.1545432], [-90.0124022, 35.1543294]], [[-90.0124022, 35.1543294], [-90.0124503, 35.1540929], [-90.0124629, 35.1540312], [-90.012468, 35.1540062], [-90.0124847, 35.1539239]], [[-90.0124847, 35.1539239], [-90.0125004, 35.1538458], [-90.0125161, 35.1537677]], [[-90.0125161, 35.1537677], [-90.012527, 35.153716], [-90.012534, 35.1536857]], [[-90.012534, 35.1536857], [-90.0125635, 35.1534776]], [[-90.0125635, 35.1534776], [-90.0125672, 35.1534465]], [[-90.0125672, 35.1534465], [-90.0125839, 35.153332]], [[-90.0125839, 35.153332], [-90.0126049, 35.1531993]], [[-90.0126049, 35.1531993], [-90.0126125, 35.1531428], [-90.0126215, 35.1530868], [-90.0126267, 35.1530542], [-90.0126313, 35.1529942]], [[-90.0126313, 35.1529942], [-90.0126656, 35.1528243]], [[-90.0126656, 35.1528243], [-90.0126821, 35.1527127], [-90.0127447, 35.1522887]], [[-90.0127447, 35.1522887], [-90.0127768, 35.1520666], [-90.0128036, 35.1518946], [-90.0129153, 35.1515915], [-90.0130081, 35.1514368], [-90.0130269, 35.1514104]], [[-90.0133204, 35.1511362], [-90.0132499, 35.1511865], [-90.0131787, 35.151243], [-90.0131219, 35.1512981], [-90.0130269, 35.1514104]], [[-90.0137555, 35.150889], [-90.0136331, 35.1509662], [-90.0134277, 35.1510716], [-90.0133204, 35.1511362]], [[-90.0141124, 35.15055], [-90.0140599, 35.1506265], [-90.0139889, 35.1507043], [-90.0138851, 35.1507981], [-90.0137555, 35.150889]], [[-90.0143041, 35.1497811], [-90.0142354, 35.1502697], [-90.0141649, 35.1504734], [-90.0141124, 35.15055]], [[-90.0143216, 35.1496565], [-90.0143041, 35.1497811]], [[-90.0143615, 35.1493566], [-90.0143482, 35.1494676], [-90.0143216, 35.1496565]], [[-90.0143615, 35.1493566], [-90.014374, 35.1492478], [-90.0143939, 35.149104]], [[-90.0143939, 35.149104], [-90.014416, 35.1489442]], [[-90.014416, 35.1489442], [-90.0144355, 35.1488038], [-90.0144672, 35.1485751], [-90.0145102, 35.1482649]], [[-90.0145102, 35.1482649], [-90.0145116, 35.1482545], [-90.014538, 35.148064], [-90.0145585, 35.1479159]], [[-90.0145585, 35.1479159], [-90.0145759, 35.1477952], [-90.0145845, 35.147736], [-90.0146081, 35.1475783]], [[-90.0146081, 35.1475783], [-90.0146164, 35.1475151], [-90.0147191, 35.1468049], [-90.0147466, 35.1466145], [-90.0147685, 35.1464629], [-90.0147789, 35.146438], [-90.0148172, 35.1463462], [-90.0148463, 35.1462766]], [[-90.0148463, 35.1462766], [-90.0149535, 35.1461059], [-90.0150725, 35.1459599]], [[-90.0150725, 35.1459599], [-90.0151765, 35.1458629], [-90.0152655, 35.1457419], [-90.0153389, 35.1456041]], [[-90.0153389, 35.1456041], [-90.0153812, 35.1454726], [-90.0153915, 35.1454379], [-90.0154105, 35.1453243]], [[-90.0154105, 35.1453243], [-90.0154655, 35.1449949]], [[-90.0154655, 35.1449949], [-90.0155201, 35.1446544]], [[-90.0155201, 35.1446544], [-90.0155317, 35.1445822], [-90.0155622, 35.1444011]], [[-90.0155622, 35.1444011], [-90.0155838, 35.1442807]], [[-90.0155838, 35.1442807], [-90.015599, 35.1441703], [-90.0156099, 35.1441016], [-90.0156343, 35.1439946]], [[-90.0156343, 35.1439946], [-90.0156684, 35.1438312], [-90.0156934, 35.1436839]], [[-90.0156934, 35.1436839], [-90.0157171, 35.1435335]], [[-90.0157171, 35.1435335], [-90.0157287, 35.1434559], [-90.0157492, 35.1433036], [-90.0157661, 35.1432034], [-90.0157851, 35.1431066], [-90.0158138, 35.1429004], [-90.015837, 35.142751]], [[-90.015837, 35.142751], [-90.0159186, 35.1421744], [-90.0159411, 35.1420056]], [[-90.0159411, 35.1420056], [-90.0159601, 35.1418635]], [[-90.0159601, 35.1418635], [-90.0159881, 35.1416533], [-90.0159993, 35.1415699]], [[-90.0159993, 35.1415699], [-90.0160122, 35.141487], [-90.0160556, 35.1411837]], [[-90.0160556, 35.1411837], [-90.016081, 35.1410067], [-90.016097, 35.140903], [-90.0161936, 35.140248], [-90.0162536, 35.1398364], [-90.0162879, 35.1395865]], [[-90.0162879, 35.1395865], [-90.0163224, 35.1393183]], [[-90.0163224, 35.1393183], [-90.0163689, 35.138956], [-90.0163733, 35.1389203]], [[-90.0163733, 35.1389203], [-90.0163761, 35.1388909], [-90.0164387, 35.1384824]], [[-90.0164387, 35.1384824], [-90.0164537, 35.138369], [-90.0164741, 35.1382274], [-90.0165268, 35.1378605], [-90.0166036, 35.137367]], [[-90.0166036, 35.137367], [-90.0166723, 35.1369686], [-90.0166786, 35.1368546]], [[-90.0166786, 35.1368546], [-90.0166846, 35.1367269], [-90.0166886, 35.1365797], [-90.0166954, 35.1364194]], [[-90.0166954, 35.1364194], [-90.0166996, 35.1362632], [-90.0167117, 35.1359669], [-90.016722, 35.1357864], [-90.0167351, 35.135613], [-90.0167549, 35.1349937], [-90.0167606, 35.1348893]], [[-90.0167606, 35.1348893], [-90.0167686, 35.1347428]], [[-90.0167686, 35.1347428], [-90.016778, 35.1345695], [-90.016782, 35.1344975]], [[-90.016782, 35.1344975], [-90.0167829, 35.1344699], [-90.0167844, 35.1344205], [-90.0167901, 35.1342486]], [[-90.0167901, 35.1342486], [-90.0167939, 35.1341354]], [[-90.0167939, 35.1341354], [-90.0168018, 35.1338668]], [[-90.0168018, 35.1338668], [-90.0168125, 35.1335249]], [[-90.0168125, 35.1335249], [-90.0168235, 35.1331576], [-90.0168272, 35.1330356]], [[-90.0168272, 35.1330356], [-90.0168395, 35.1326232]], [[-90.017344, 35.1326379], [-90.0171393, 35.1326319], [-90.0168395, 35.1326232]], [[-90.0203323, 35.1327251], [-90.0191177, 35.1326896], [-90.0182766, 35.1326651], [-90.018055, 35.1326586], [-90.0175486, 35.1326439], [-90.017344, 35.1326379]], [[-90.0208239, 35.1327394], [-90.0203323, 35.1327251]], [[-90.0208239, 35.1327394], [-90.0208283, 35.1323423]], [[-90.0208283, 35.1323423], [-90.0208327, 35.1322265]], [[-90.0208327, 35.1322265], [-90.0208508, 35.1317487], [-90.0208587, 35.131604], [-90.0208865, 35.1312704], [-90.0209078, 35.1310156], [-90.020924, 35.1308039], [-90.0209635, 35.1303256], [-90.0210064, 35.1298067], [-90.0210204, 35.1296264], [-90.0210461, 35.1292951], [-90.02105, 35.1292453], [-90.0210534, 35.1292046]], [[-90.0210534, 35.1292046], [-90.0210594, 35.1291315]], [[-90.0210594, 35.1291315], [-90.0210715, 35.1289858]], [[-90.0210715, 35.1289858], [-90.0210926, 35.12873]], [[-90.0210926, 35.12873], [-90.021102, 35.1283294]], [[-90.021102, 35.1283294], [-90.021105, 35.1282017], [-90.0211085, 35.1280534]], [[-90.0211085, 35.1280534], [-90.021118, 35.1276504], [-90.0211583, 35.1266385], [-90.0211812, 35.1261442], [-90.021205, 35.1256301], [-90.0212248, 35.1251316], [-90.0212446, 35.1246311], [-90.0212723, 35.1239975]], [[-90.0212723, 35.1239975], [-90.0213379, 35.1223313], [-90.0213553, 35.1218522]], [[-90.0213553, 35.1218522], [-90.0213733, 35.121386]], [[-90.0213733, 35.121386], [-90.0214372, 35.1200159], [-90.0214596, 35.1190201]], [[-90.0214596, 35.1190201], [-90.0214828, 35.1184051], [-90.0214919, 35.1180997], [-90.0214941, 35.1180247], [-90.0215029, 35.1178264], [-90.0215355, 35.1170899], [-90.0215561, 35.1166639], [-90.0215784, 35.1162042], [-90.021585, 35.1160672], [-90.0216215, 35.1153119]], [[-90.0216215, 35.1153119], [-90.0216273, 35.1151356], [-90.0216338, 35.1149383], [-90.0216386, 35.1147921], [-90.0216433, 35.1146491], [-90.0216452, 35.1145921], [-90.021648, 35.1145071], [-90.0216529, 35.1142995], [-90.021658, 35.1141538], [-90.021692, 35.1135607], [-90.0216887, 35.113214], [-90.0216963, 35.1128908], [-90.0217064, 35.1124806], [-90.021719, 35.1119533], [-90.0217326, 35.111546], [-90.0217423, 35.1109562], [-90.0217463, 35.1107146], [-90.0217498, 35.1105017], [-90.021753, 35.1103036], [-90.0217556, 35.1101419]], [[-90.0217556, 35.1101419], [-90.0217593, 35.1099174], [-90.0217595, 35.1098683], [-90.0217534, 35.1098266], [-90.0217473, 35.1097848], [-90.0217262, 35.109672]], [[-90.0217262, 35.109672], [-90.0216884, 35.1094901]], [[-90.0216884, 35.1094901], [-90.0216602, 35.1093506], [-90.0216236, 35.1091697], [-90.0216219, 35.1091612], [-90.0216031, 35.1090682]], [[-90.0216031, 35.1090682], [-90.0215892, 35.1089995], [-90.0215626, 35.108868], [-90.0214975, 35.1085459], [-90.0214872, 35.1084909], [-90.0214264, 35.1081666], [-90.0213475, 35.1077459], [-90.0212458, 35.1072873]], [[-90.0212458, 35.1072873], [-90.0212022, 35.1070904], [-90.0211555, 35.1068799]], [[-90.0211555, 35.1068799], [-90.0210384, 35.1063845]], [[-90.0210384, 35.1063845], [-90.020895, 35.1057967], [-90.0207687, 35.1052714], [-90.0206495, 35.1047759], [-90.0204818, 35.1043305], [-90.0204634, 35.104283], [-90.0204147, 35.1041554], [-90.0203596, 35.1040111], [-90.0203365, 35.1039469], [-90.0193953, 35.1019094], [-90.0192415, 35.1015765], [-90.0190585, 35.1011803]], [[-90.0190585, 35.1011803], [-90.0188445, 35.1007169]], [[-90.0188445, 35.1007169], [-90.0187405, 35.1005129], [-90.018677, 35.1003698]], [[-90.018677, 35.1003698], [-90.0186053, 35.1002082], [-90.0184085, 35.0997649], [-90.0182735, 35.0993739], [-90.0181031, 35.0987238]], [[-90.0181031, 35.0987238], [-90.0180403, 35.0984767]], [[-90.0180403, 35.0984767], [-90.0179932, 35.0979091], [-90.0179585, 35.0974899], [-90.0179655, 35.0973051]], [[-90.0179655, 35.0973051], [-90.0179721, 35.097132], [-90.0179787, 35.0969589], [-90.0179845, 35.0968059]], [[-90.0179845, 35.0968059], [-90.018001, 35.0962054], [-90.0180025, 35.0961519], [-90.0180072, 35.0959819], [-90.0180261, 35.0955562], [-90.0180285, 35.0954969], [-90.0180358, 35.0953102]], [[-90.0180358, 35.0953102], [-90.0180406, 35.0951897], [-90.0180439, 35.0951064], [-90.0180524, 35.0948894]], [[-90.0180524, 35.0948894], [-90.0180545, 35.0948359], [-90.0180725, 35.0941669], [-90.0180763, 35.0940837], [-90.0181081, 35.0933774], [-90.0181345, 35.0927929], [-90.0181695, 35.0913889], [-90.0181728, 35.0913174]], [[-90.0181728, 35.0913174], [-90.018188, 35.0908033]], [[-90.018188, 35.0908033], [-90.0181915, 35.0906849], [-90.0182385, 35.0895881], [-90.018249, 35.0893426], [-90.0182556, 35.0891882], [-90.0182975, 35.0882091], [-90.0183096, 35.0879271]], [[-90.0183096, 35.0879271], [-90.0183265, 35.0875329]], [[-90.0183265, 35.0875329], [-90.0183425, 35.0872851]], [[-90.0183425, 35.0872851], [-90.0183625, 35.0869769], [-90.0183625, 35.086939], [-90.0183625, 35.086708]], [[-90.0183625, 35.086708], [-90.0183625, 35.0864769]], [[-90.0183625, 35.0864769], [-90.0183655, 35.0861999], [-90.0183839, 35.0858855], [-90.0184065, 35.0854989]], [[-90.0184065, 35.0854989], [-90.0184259, 35.0852588]], [[-90.0184259, 35.0852588], [-90.0184971, 35.0843796]], [[-90.0184971, 35.0843796], [-90.0185034, 35.0842394], [-90.018505, 35.0842027], [-90.0185092, 35.0841205]], [[-90.0185092, 35.0841205], [-90.0185128, 35.0840518], [-90.018524, 35.0838353], [-90.0185293, 35.0837334]], [[-90.0185293, 35.0837334], [-90.0185383, 35.0835584], [-90.0185415, 35.083519], [-90.0185588, 35.0833079]], [[-90.0185588, 35.0833079], [-90.0185866, 35.0830871], [-90.0185954, 35.0830189]], [[-90.0185954, 35.0830189], [-90.0186096, 35.0829045]], [[-90.0186096, 35.0829045], [-90.0186949, 35.0822265], [-90.0187399, 35.0817319], [-90.0187865, 35.0813121], [-90.0188045, 35.0811499], [-90.0190423, 35.0800838], [-90.0190949, 35.0798479], [-90.0193861, 35.0785416], [-90.0194875, 35.0780869]], [[-90.0194875, 35.0780869], [-90.0195593, 35.0778488]], [[-90.0195593, 35.0778488], [-90.0195952, 35.0777296], [-90.0196105, 35.0776786]], [[-90.0196105, 35.0776786], [-90.0196588, 35.0775184], [-90.0197394, 35.0772507], [-90.019771, 35.0771452], [-90.0198459, 35.0768957], [-90.0198876, 35.0767585], [-90.0199131, 35.0766524], [-90.0200543, 35.0760662], [-90.0202086, 35.0754254], [-90.0202312, 35.0753315], [-90.0202833, 35.0751151], [-90.0203203, 35.0749615], [-90.0203807, 35.0746997], [-90.0204437, 35.0744493], [-90.0207655, 35.0730558]], [[-90.0207655, 35.0730558], [-90.0208047, 35.072886], [-90.0208566, 35.0726791]], [[-90.0208566, 35.0726791], [-90.0210644, 35.0717576]], [[-90.0210644, 35.0717576], [-90.0212366, 35.0710497]], [[-90.0217506, 35.0689212], [-90.0213116, 35.0707193], [-90.0212366, 35.0710497]], [[-90.0218257, 35.0686151], [-90.0217506, 35.0689212]], [[-90.0224561, 35.0660551], [-90.022391, 35.0663192], [-90.0219577, 35.0680762], [-90.0218257, 35.0686151]], [[-90.0226811, 35.0651483], [-90.0224561, 35.0660551]], [[-90.0227136, 35.0650263], [-90.0226811, 35.0651483]], [[-90.0227136, 35.0650263], [-90.0228088, 35.0648757], [-90.0229028, 35.0645877]], [[-90.0229028, 35.0645877], [-90.0231919, 35.0634347], [-90.0233177, 35.0629136], [-90.0232985, 35.0627632]], [[-90.0227855, 35.0645639], [-90.0227198, 35.0648439], [-90.0227136, 35.0650263]], [[-90.0229676, 35.0638467], [-90.0228977, 35.0641354], [-90.0227855, 35.0645639]], [[-90.0232985, 35.0627632], [-90.0231777, 35.0628907], [-90.0229676, 35.0638467]], [[-90.0234267, 35.062235], [-90.0232985, 35.0627632]], [[-90.023558, 35.0616971], [-90.023475, 35.0620396], [-90.0234267, 35.062235]], [[-90.0236956, 35.0611112], [-90.0236597, 35.0612688], [-90.0236063, 35.0615094], [-90.0235963, 35.0615533], [-90.023558, 35.0616971]], [[-90.0237276, 35.060971], [-90.0237234, 35.0609896], [-90.0236956, 35.0611112]], [[-90.0242733, 35.0586438], [-90.0241661, 35.0590931], [-90.0241351, 35.0592175], [-90.0241173, 35.0592888], [-90.0240593, 35.0595348], [-90.024046, 35.059591], [-90.0240395, 35.0596187], [-90.0240112, 35.0597388], [-90.0239701, 35.0599135], [-90.0239318, 35.0600759], [-90.0238947, 35.0602335], [-90.0238337, 35.0604923], [-90.0237276, 35.060971]], [[-90.0244145, 35.0580892], [-90.0243834, 35.0582171], [-90.0243782, 35.0582411], [-90.0243388, 35.058397], [-90.0243276, 35.0584414], [-90.0243191, 35.0584765], [-90.0242733, 35.0586438]], [[-90.0244949, 35.0577161], [-90.0244341, 35.0580085], [-90.0244145, 35.0580892]], [[-90.0247553, 35.0563212], [-90.0247004, 35.0566635], [-90.0246879, 35.0567415], [-90.0245946, 35.0572206], [-90.0245583, 35.0574071], [-90.0245312, 35.0575504], [-90.0245146, 35.0576216], [-90.0244949, 35.0577161]], [[-90.0249398, 35.0548989], [-90.0249196, 35.0550595], [-90.0249017, 35.0552278], [-90.0249007, 35.0552362], [-90.0248685, 35.0555195], [-90.0248508, 35.0556745], [-90.0248456, 35.0557098], [-90.0247887, 35.0560952], [-90.0247553, 35.0563212]], [[-90.0249944, 35.0542692], [-90.0249816, 35.0544447], [-90.0249721, 35.054559], [-90.0249623, 35.0546776], [-90.0249574, 35.054718], [-90.0249512, 35.0547684], [-90.0249398, 35.0548989]], [[-90.02502, 35.0537578], [-90.0250181, 35.0537989], [-90.0250149, 35.0538682], [-90.0250086, 35.0539736], [-90.025003, 35.0540682], [-90.0249944, 35.0542692]], [[-90.0250454, 35.053256], [-90.0250442, 35.0532804], [-90.0250355, 35.0534515], [-90.0250232, 35.053694], [-90.02502, 35.0537578]], [[-90.0250903, 35.0490886], [-90.0250878, 35.0491804], [-90.0250777, 35.04955], [-90.0250731, 35.0497341], [-90.0250732, 35.0499396], [-90.0250733, 35.0501807], [-90.0250734, 35.0504037], [-90.0250735, 35.0505781], [-90.0250736, 35.050734], [-90.0250737, 35.0508865], [-90.0250747, 35.0509066], [-90.0250954, 35.0513069], [-90.0250627, 35.052251], [-90.0250582, 35.0524693], [-90.0250551, 35.0526107], [-90.0250513, 35.0527831], [-90.0250497, 35.0529153], [-90.0250454, 35.053256]], [[-90.0251008, 35.0484625], [-90.0250999, 35.0485176], [-90.0250916, 35.0490094], [-90.0250903, 35.0490886]], [[-90.0251048, 35.0470095], [-90.025108, 35.0474812], [-90.0251088, 35.0475967], [-90.0251063, 35.0476302], [-90.0251019, 35.0477389], [-90.0251028, 35.0478862], [-90.0251017, 35.048198], [-90.0251008, 35.0484625]], [[-90.0251048, 35.0470095], [-90.0251865, 35.0468862], [-90.0251813, 35.0465397], [-90.025183, 35.0464392], [-90.025183, 35.0463332], [-90.0251848, 35.0452934], [-90.025183, 35.0450798], [-90.0251088, 35.0449616]], [[-90.0250491, 35.0463285], [-90.0250485, 35.0464351], [-90.0250584, 35.0468748], [-90.0251048, 35.0470095]], [[-90.0251088, 35.0449616], [-90.0250774, 35.045067], [-90.0250791, 35.0452297], [-90.0250757, 35.0462948], [-90.0250491, 35.0463285]], [[-90.0251074, 35.0448115], [-90.0251088, 35.0449616]], [[-90.0251062, 35.044242], [-90.025106, 35.0443493], [-90.0251059, 35.0443843], [-90.0251055, 35.044595], [-90.0251074, 35.0448115]], [[-90.0251102, 35.0438068], [-90.0251095, 35.0440681], [-90.0251078, 35.0441045], [-90.0251062, 35.044242]], [[-90.0251105, 35.0436743], [-90.0251104, 35.0437065], [-90.0251102, 35.0438068]], [[-90.025117, 35.0418896], [-90.0251159, 35.0421073], [-90.0251146, 35.0423384], [-90.0251136, 35.0425365], [-90.0251135, 35.0425901], [-90.0251128, 35.0428368], [-90.0251125, 35.0428577], [-90.0251097, 35.0430781], [-90.0251099, 35.0431925], [-90.0251103, 35.0434993], [-90.0251105, 35.0436743]], [[-90.0251471, 35.036189], [-90.0251556, 35.0368615], [-90.0251594, 35.0371607], [-90.0251661, 35.0376922], [-90.0251672, 35.0377798], [-90.0251619, 35.0382867], [-90.0251585, 35.0385076], [-90.0251516, 35.0389626], [-90.0251468, 35.0392777], [-90.0251434, 35.0394967], [-90.0251356, 35.0400094], [-90.0251349, 35.0400608], [-90.0251266, 35.0406458], [-90.0251241, 35.0409672], [-90.0251216, 35.0412954], [-90.0251188, 35.041661], [-90.025117, 35.0418896]], [[-90.0251502, 35.0355138], [-90.0251496, 35.0356407], [-90.0251465, 35.0358782], [-90.0251472, 35.0361779], [-90.0251471, 35.036189]], [[-90.0251502, 35.0355138], [-90.0244594, 35.0355128]], [[-90.0244594, 35.0355128], [-90.0244107, 35.0355127], [-90.024253, 35.035515], [-90.0236786, 35.0355226], [-90.0233998, 35.0355262], [-90.0232381, 35.0355284], [-90.0229691, 35.0355293], [-90.0228924, 35.0355295], [-90.0225747, 35.0355328], [-90.0222381, 35.0355316], [-90.0221555, 35.0355331], [-90.0218209, 35.0355313], [-90.0217447, 35.0355312], [-90.0211566, 35.0355308], [-90.0210284, 35.0355314], [-90.020705, 35.0355329], [-90.0206435, 35.0355332], [-90.0197698, 35.0355372]], [[-90.0197698, 35.0355372], [-90.0197668, 35.035089], [-90.0197637, 35.0348823], [-90.0197537, 35.0342222], [-90.0197699, 35.0338909], [-90.0197806, 35.0335778], [-90.0197805, 35.0335429], [-90.0197791, 35.032945], [-90.0197787, 35.03277], [-90.0197784, 35.0326305], [-90.0197757, 35.0323642]], [[-90.0197757, 35.0323642], [-90.0197749, 35.0322635], [-90.0197742, 35.0321695]], [[-90.0197742, 35.0321695], [-90.0197717, 35.0318399], [-90.0198365, 35.0303069], [-90.019829, 35.0298068], [-90.0198637, 35.0283692], [-90.0198621, 35.0282343], [-90.0198578, 35.027882], [-90.0198467, 35.0269562], [-90.0198297, 35.0254565], [-90.0198806, 35.0232516], [-90.0198827, 35.0224263], [-90.0198828, 35.022366], [-90.0198832, 35.0222128], [-90.0198835, 35.0220629], [-90.0198843, 35.0217502], [-90.0198844, 35.0217127], [-90.0198848, 35.0215643], [-90.0198855, 35.0212835], [-90.0198856, 35.0212456], [-90.0198861, 35.0210269]], [[-90.0198861, 35.0210269], [-90.0199516, 35.0209009]], [[-90.0199516, 35.0209009], [-90.0198188, 35.0208987]], [[-90.0198188, 35.0208987], [-90.0190558, 35.0208899], [-90.0186646, 35.0208932], [-90.0185128, 35.0208926], [-90.017984, 35.0208903]], [[-90.017984, 35.0208903], [-90.0166953, 35.0208993], [-90.0159087, 35.0209048], [-90.0153825, 35.0209085], [-90.0148477, 35.0209142], [-90.0145465, 35.0209138], [-90.0142593, 35.0209146], [-90.0141031, 35.0209151], [-90.0140534, 35.0209154], [-90.0140077, 35.0209152], [-90.0139448, 35.0209158], [-90.0124676, 35.0209206], [-90.0099644, 35.0209426], [-90.0092398, 35.0209486], [-90.0089744, 35.0209507], [-90.0085487, 35.0209541], [-90.0083376, 35.0209558], [-90.0082972, 35.0209562], [-90.0075238, 35.0209635]], [[-90.0075238, 35.0209635], [-90.0070046, 35.0209598], [-90.0069188, 35.0209602], [-90.0063313, 35.020962], [-90.0058754, 35.0209635], [-90.0056568, 35.0210337]], [[-90.0056568, 35.0210337], [-90.005275, 35.0210529]], [[-90.005275, 35.0210529], [-90.0044566, 35.0210398], [-90.0030014, 35.0210296]], [[-90.0030014, 35.0210296], [-90.0021114, 35.0210212]], [[-90.0021114, 35.0210212], [-90.0007399, 35.0210334], [-89.9994339, 35.0210432], [-89.9987634, 35.0210443], [-89.9982843, 35.0210436], [-89.9974677, 35.021043], [-89.9971485, 35.0210418], [-89.9969051, 35.0210408], [-89.9966039, 35.0210397], [-89.9961067, 35.0210409], [-89.9957942, 35.0210417], [-89.995645, 35.0210421], [-89.9951537, 35.0210436], [-89.9943231, 35.0210441], [-89.9941548, 35.0210458], [-89.9928122, 35.0210535], [-89.9924944, 35.0210527], [-89.9917996, 35.0210535], [-89.9915641, 35.0210506], [-89.9908601, 35.0210469], [-89.9905965, 35.0210455], [-89.9904495, 35.0210447], [-89.9903601, 35.0210442], [-89.9902121, 35.0210434], [-89.9901631, 35.0210431], [-89.9898529, 35.0210415]], [[-89.9898529, 35.0210415], [-89.9898497, 35.0206153], [-89.9898481, 35.020396]], [[-89.9898481, 35.020396], [-89.989836, 35.01878], [-89.989861, 35.0157368], [-89.9898594, 35.0147958], [-89.9898591, 35.0145973], [-89.989867, 35.0136833], [-89.9898702, 35.0132185], [-89.9898754, 35.0113552], [-89.9898754, 35.0112556], [-89.9898751, 35.0074543], [-89.9898785, 35.0072289]], [[-89.9898785, 35.0072289], [-89.9898811, 35.0070587], [-89.9898843, 35.0068499], [-89.98989, 35.0064733]], [[-89.98989, 35.0064733], [-89.9908112, 35.0064744], [-89.9909084, 35.0064734], [-89.9918422, 35.0064643], [-89.9926022, 35.0064587], [-89.9930826, 35.006453], [-89.9937557, 35.006454]], [[-89.9937557, 35.006454], [-89.9950782, 35.0064483], [-89.9953679, 35.0064485], [-89.9955554, 35.0064486]], [[-89.9955554, 35.0064486], [-89.9959694, 35.0064496], [-89.9963448, 35.0064462], [-89.9972522, 35.0064515], [-89.9973675, 35.0064522], [-89.997857, 35.006455], [-89.9978733, 35.0064551]], [[-89.9978733, 35.0064551], [-89.9980139, 35.0064545], [-89.9982395, 35.0064537], [-89.9982755, 35.0064534], [-89.9985627, 35.0064523], [-89.9986164, 35.0064521], [-89.9987931, 35.0064515], [-89.9988179, 35.0064514], [-89.9990652, 35.0064505]], [[-89.9990652, 35.0064505], [-89.9991851, 35.0064501], [-89.9995834, 35.0064486]], [[-89.9995834, 35.0064486], [-90.0001063, 35.0064459]], [[-90.0001063, 35.0064459], [-90.0014739, 35.0064389], [-90.0022405, 35.006435]], [[-90.0022405, 35.006435], [-90.0030449, 35.0064275]], [[-90.0030449, 35.0064275], [-90.0046177, 35.0064429], [-90.0054599, 35.0064419], [-90.0061292, 35.0064411], [-90.0063591, 35.0064408], [-90.0064643, 35.0064421], [-90.0069446, 35.0064479], [-90.0069731, 35.0064482], [-90.0071041, 35.0064498]], [[-90.0071041, 35.0064498], [-90.0071754, 35.0064506], [-90.0072692, 35.0064517], [-90.0073914, 35.0064532], [-90.0076706, 35.0064533]], [[-90.0076706, 35.0064533], [-90.0079585, 35.0064495], [-90.0079788, 35.0064501], [-90.0082616, 35.0064456]], [[-90.0082616, 35.0064456], [-90.0090189, 35.0064357], [-90.0090721, 35.0064359], [-90.0098937, 35.0064382], [-90.0099033, 35.0064382], [-90.0103107, 35.0064327], [-90.0107622, 35.0064317], [-90.010814, 35.0064316], [-90.0114775, 35.0064325], [-90.0117129, 35.0064321], [-90.011723, 35.006432], [-90.0119174, 35.0064317], [-90.0121427, 35.0064312], [-90.0121783, 35.0064312], [-90.0123607, 35.0064308], [-90.0125313, 35.0064305], [-90.0125883, 35.0064304], [-90.0127978, 35.0064299], [-90.0129134, 35.0064296], [-90.0130569, 35.0064292], [-90.0132185, 35.0064286], [-90.0133208, 35.0064282], [-90.0134115, 35.0064278], [-90.0135964, 35.0064273], [-90.0137657, 35.0064268], [-90.0138492, 35.0064265], [-90.0138743, 35.0064264], [-90.0141208, 35.0064257], [-90.0141268, 35.0064256], [-90.0143921, 35.0064248], [-90.014653, 35.006424], [-90.0149225, 35.0064232], [-90.0151951, 35.0064224], [-90.0154757, 35.0064215], [-90.0156785, 35.0064208], [-90.015937, 35.00642], [-90.0160567, 35.0064196], [-90.0168773, 35.0064169], [-90.0171252, 35.0064157], [-90.0172936, 35.0064149], [-90.0173807, 35.0064145], [-90.0175893, 35.0064135], [-90.0193181, 35.0064054], [-90.0212527, 35.0064046], [-90.0221592, 35.0063948], [-90.0225212, 35.0063934], [-90.024033, 35.0063877], [-90.0243444, 35.0063865], [-90.0247621, 35.0063849]], [[-90.0247621, 35.0063849], [-90.0249979, 35.0063861], [-90.0253119, 35.0063829]], [[-90.0253119, 35.0063829], [-90.0253033, 35.0069552], [-90.0252886, 35.0079377], [-90.0252564, 35.009576], [-90.0252404, 35.0103907], [-90.0252348, 35.0108433], [-90.0252264, 35.0115155], [-90.0252147, 35.0124596], [-90.0252013, 35.0129376], [-90.0252102, 35.0137278], [-90.0252169, 35.0138292], [-90.0252055, 35.0145772], [-90.02524, 35.0155603], [-90.0252408, 35.016609]], [[-90.0252408, 35.016609], [-90.025244, 35.0170857], [-90.0252443, 35.0171173], [-90.0252451, 35.0172174], [-90.0252442, 35.0173328], [-90.0252404, 35.0177758]], [[-90.0252404, 35.0177758], [-90.025223, 35.0187008], [-90.0252213, 35.0188152], [-90.0252191, 35.0193918], [-90.0252194, 35.0194793], [-90.0252174, 35.0197398], [-90.0252174, 35.0198648], [-90.0252156, 35.0199216], [-90.0252161, 35.0201842]], [[-90.0252161, 35.0201842], [-90.0252149, 35.0202985]], [[-90.0252149, 35.0202985], [-90.0252138, 35.0203652]], [[-90.0252138, 35.0203652], [-90.0252144, 35.0204776], [-90.0252142, 35.0205071]], [[-90.0252142, 35.0205071], [-90.0251578, 35.020609], [-90.0251058, 35.0206866], [-90.0250561, 35.0207626], [-90.0249395, 35.020837], [-90.0247935, 35.020892]], [[-90.0247935, 35.020892], [-90.0245459, 35.0208902], [-90.0244407, 35.0208894], [-90.0241346, 35.0208872], [-90.0234309, 35.0208821], [-90.0233212, 35.0208854], [-90.0219808, 35.0208943], [-90.0218517, 35.020891], [-90.0206979, 35.020897], [-90.0199516, 35.0209009]], [[-90.0199516, 35.0209009], [-90.0198188, 35.0208987]], [[-90.0198188, 35.0208987], [-90.0198861, 35.0210269]]]}}, {"type": "Feature", "properties": {"osm_id": 8830893, "ref": "57", "name": "MATA 57 Park"}, "geometry": {"type": "MultiLineString", "coordinates": [[[-90.04636, 35.1555915], [-90.0459199, 35.1554761]], [[-90.0471756, 35.155804], [-90.0465746, 35.1556445], [-90.04636, 35.1555915]], [[-90.048007, 35.1560316], [-90.0477783, 35.1559682], [-90.0476377, 35.1559293], [-90.0475901, 35.1559161], [-90.0471756, 35.155804]], [[-90.0478889, 35.1563476], [-90.048007, 35.1560316]], [[-90.0477302, 35.1567725], [-90.0478889, 35.1563476]], [[-90.0476335, 35.1570314], [-90.0477302, 35.1567725]], [[-90.0471861, 35.1569129], [-90.0476335, 35.1570314]], [[-90.046761, 35.1568003], [-90.0471861, 35.1569129]], [[-90.0464317, 35.1567175], [-90.046761, 35.1568003]], [[-90.0460158, 35.1566119], [-90.0461707, 35.1566519], [-90.0464317, 35.1567175]], [[-90.0455208, 35.1564874], [-90.0460158, 35.1566119]], [[-90.0456723, 35.1561035], [-90.0455208, 35.1564874]], [[-90.0457622, 35.1558757], [-90.0457048, 35.1560212], [-90.045695, 35.1560451], [-90.0456723, 35.1561035]], [[-90.0459199, 35.1554761], [-90.0458314, 35.155689], [-90.0457622, 35.1558757]], [[-90.0459641, 35.1553725], [-90.0459199, 35.1554761]], [[-90.0463426, 35.1544753], [-90.0463105, 35.1545541], [-90.0461788, 35.1548652], [-90.0459641, 35.1553725]], [[-90.0464724, 35.1541045], [-90.0463765, 35.1543902], [-90.0463426, 35.1544753]], [[-90.0467245, 35.1534519], [-90.0465377, 35.1539355], [-90.0465219, 35.1539765], [-90.0465083, 35.1540116], [-90.0464724, 35.1541045]], [[-90.0462641, 35.1533287], [-90.0467245, 35.1534519]], [[-90.0449975, 35.1529079], [-90.0450373, 35.1529533], [-90.0450721, 35.1529818], [-90.0451097, 35.1530059], [-90.0451595, 35.1530249], [-90.0460683, 35.153275], [-90.0462641, 35.1533287]], [[-90.0444391, 35.151666], [-90.0445598, 35.1519664], [-90.0446503, 35.1521689], [-90.044681, 35.1522378], [-90.044708, 35.1522955], [-90.0447208, 35.1523239], [-90.0448629, 35.1526945], [-90.04493, 35.1528173], [-90.0449975, 35.1529079]], [[-90.0444391, 35.151666], [-90.0442739, 35.151611], [-90.043356, 35.1515008], [-90.0430873, 35.1514686], [-90.042803, 35.1514313], [-90.0426447, 35.1513962], [-90.0425106, 35.1513502], [-90.0422945, 35.1512219], [-90.0421744, 35.1511375], [-90.0419201, 35.1509587]], [[-90.0419201, 35.1509587], [-90.0417001, 35.1508035], [-90.0416594, 35.1507748], [-90.0415618, 35.1507059]], [[-90.0415618, 35.1507059], [-90.0416629, 35.1506402], [-90.0418156, 35.1505408], [-90.0419098, 35.1504531], [-90.0424916, 35.1499114], [-90.0425125, 35.1498911], [-90.0428, 35.149612], [-90.0428929, 35.1494148]], [[-90.0428929, 35.1494148], [-90.0426833, 35.1495407], [-90.0419504, 35.150231], [-90.0418089, 35.1503643]], [[-90.0418089, 35.1503643], [-90.0417676, 35.1504092], [-90.0416753, 35.1504978], [-90.0416172, 35.1506043], [-90.0415618, 35.1507059]], [[-90.0428929, 35.1494148], [-90.0430869, 35.1492014], [-90.0431556, 35.1491001], [-90.0432006, 35.149031], [-90.0432388, 35.1489652], [-90.0432828, 35.1488639], [-90.043364, 35.1486891], [-90.0433684, 35.1486807], [-90.0434485, 35.1485208], [-90.0435049, 35.1483782], [-90.0435529, 35.1482569]], [[-90.0435529, 35.1482569], [-90.0435964, 35.1481288], [-90.0436485, 35.1479755], [-90.0439127, 35.1473181], [-90.0439463, 35.1472344]], [[-90.0439463, 35.1472344], [-90.0439837, 35.1471359], [-90.0440779, 35.1468873], [-90.0441403, 35.1467343], [-90.0441495, 35.1467117], [-90.0441917, 35.1465882], [-90.0442192, 35.1465077], [-90.044238, 35.1464354], [-90.044254, 35.1463586], [-90.0442614, 35.1463046], [-90.0442647, 35.1462802], [-90.0442675, 35.1462204]], [[-90.0441967, 35.1458384], [-90.0442407, 35.1459572], [-90.0442406, 35.1459704], [-90.0442594, 35.1460538], [-90.0442656, 35.1461171], [-90.0442675, 35.1461371], [-90.0442675, 35.1461463], [-90.0442675, 35.1462204]], [[-90.0441967, 35.1458384], [-90.0440933, 35.1456107]], [[-90.0440933, 35.1456107], [-90.044113, 35.1454878], [-90.0438108, 35.1448409]], [[-90.0438108, 35.1448409], [-90.0437266, 35.1446245]], [[-90.0437266, 35.1446245], [-90.043699, 35.1445292], [-90.0436781, 35.1444327], [-90.0436641, 35.1443354], [-90.0436543, 35.144217], [-90.043656, 35.1440984], [-90.0436692, 35.1439803], [-90.0436958, 35.1438563]], [[-90.0436958, 35.1438563], [-90.0437126, 35.1437986], [-90.0437349, 35.1437346], [-90.0437606, 35.1436715]], [[-90.0437606, 35.1436715], [-90.0438155, 35.1435648], [-90.0438798, 35.1434618], [-90.0439532, 35.1433628], [-90.0440352, 35.1432685], [-90.0441255, 35.1431794]], [[-90.0441255, 35.1431794], [-90.0442296, 35.1430752], [-90.0444964, 35.1427898], [-90.0447017, 35.1425949], [-90.0447917, 35.1424952], [-90.0448755, 35.142392], [-90.0449528, 35.1422854], [-90.0450234, 35.1421758]], [[-90.0450234, 35.1421758], [-90.0450942, 35.1420501], [-90.0451562, 35.1419214]], [[-90.0451562, 35.1419214], [-90.0454393, 35.1412383], [-90.045673, 35.1406458], [-90.0458047, 35.1403303], [-90.0458619, 35.1401689], [-90.0459235, 35.1399816], [-90.0459188, 35.1398327]], [[-90.0459188, 35.1398327], [-90.0458218, 35.1399529], [-90.0457924, 35.1400497], [-90.0457557, 35.1401501], [-90.0456941, 35.1403075]], [[-90.0456941, 35.1403075], [-90.0452736, 35.1413501]], [[-90.0452736, 35.1413501], [-90.0450718, 35.1418393], [-90.0450075, 35.1419895], [-90.0449534, 35.1420939], [-90.044893, 35.142196], [-90.0448264, 35.1422955], [-90.0447412, 35.1424077], [-90.0446481, 35.1425157], [-90.0445209, 35.1426436], [-90.0443807, 35.1427837], [-90.0442188, 35.1429059], [-90.0439778, 35.1431301], [-90.0438376, 35.1433007]], [[-90.0438376, 35.1433007], [-90.0437344, 35.143447], [-90.0436693, 35.1435535]], [[-90.0436693, 35.1435535], [-90.0435917, 35.1437611]], [[-90.0435917, 35.1437611], [-90.0435713, 35.1438234]], [[-90.0435713, 35.1438234], [-90.0435543, 35.1439379], [-90.0435348, 35.1440433], [-90.0435246, 35.1441496], [-90.0435235, 35.1442563]], [[-90.0435235, 35.1442563], [-90.0435301, 35.1443494], [-90.0435437, 35.1444421], [-90.043566, 35.1445406], [-90.0435963, 35.1446377], [-90.0436388, 35.1447634], [-90.0437006, 35.1449291], [-90.0437844, 35.1450921], [-90.0438662, 35.1452533], [-90.0439354, 35.1453926]], [[-90.0439354, 35.1453926], [-90.0440004, 35.1455277], [-90.0440933, 35.1456107]], [[-90.0459188, 35.1398327], [-90.0459388, 35.1396298], [-90.0459192, 35.1392709]], [[-90.0459192, 35.1392709], [-90.0459047, 35.139052], [-90.0458982, 35.1389543]], [[-90.0458982, 35.1389543], [-90.0458901, 35.1388568], [-90.0458661, 35.1385658]], [[-90.0458661, 35.1385658], [-90.0459221, 35.1384023], [-90.045931, 35.1382739], [-90.0459461, 35.138146], [-90.0459703, 35.138007], [-90.0459935, 35.1378963], [-90.0460254, 35.1377749], [-90.0460762, 35.1376159], [-90.0461367, 35.1374591], [-90.0461346, 35.1373378]], [[-90.0461346, 35.1373378], [-90.0460163, 35.1374449], [-90.0459508, 35.1376218], [-90.0459128, 35.1377263], [-90.0458808, 35.1378321], [-90.0458476, 35.1379676], [-90.0458228, 35.1381042], [-90.0458063, 35.1382418], [-90.0458004, 35.1383237], [-90.0457976, 35.1384057], [-90.0458661, 35.1385658]], [[-90.0461346, 35.1373378], [-90.0461639, 35.1372666], [-90.0462041, 35.1371683], [-90.046254, 35.1370058], [-90.0462623, 35.1369664], [-90.0462791, 35.1368878]], [[-90.0462791, 35.1368878], [-90.0462914, 35.1368285], [-90.0463021, 35.1367772], [-90.0463098, 35.1366484], [-90.0463098, 35.1365146]], [[-90.0463098, 35.1365146], [-90.0463787, 35.1363465], [-90.0463619, 35.1360971]], [[-90.0463619, 35.1360971], [-90.0463629, 35.1359215]], [[-90.0463629, 35.1359215], [-90.0463526, 35.1356253], [-90.0463606, 35.1354203], [-90.0463702, 35.1353613]], [[-90.0463702, 35.1353613], [-90.0463928, 35.1352317]], [[-90.0463928, 35.1352317], [-90.0464417, 35.1350675], [-90.0464876, 35.1349305]], [[-90.0464876, 35.1349305], [-90.0465196, 35.1348348], [-90.0467008, 35.1342327]], [[-90.0467008, 35.1342327], [-90.0467715, 35.1340072]], [[-90.0467715, 35.1340072], [-90.0467851, 35.1339649], [-90.0468323, 35.1338176], [-90.0470013, 35.1332906], [-90.0471962, 35.132675], [-90.0471961, 35.1323998]], [[-90.0471961, 35.1323998], [-90.0470774, 35.1325839], [-90.0470407, 35.1326872], [-90.0469247, 35.1330918], [-90.0468656, 35.1332648], [-90.0466517, 35.1339454], [-90.046598, 35.1341044], [-90.0465533, 35.1342589], [-90.0465019, 35.1344259], [-90.0464725, 35.134523]], [[-90.0464725, 35.134523], [-90.0464481, 35.1345969], [-90.0464237, 35.1346734]], [[-90.0464237, 35.1346734], [-90.0463822, 35.1348037], [-90.0463734, 35.1348339], [-90.0463466, 35.1349154]], [[-90.0463466, 35.1349154], [-90.0462463, 35.135276], [-90.0462193, 35.1354132], [-90.0462064, 35.1355504], [-90.0462075, 35.1356387]], [[-90.0462075, 35.1356387], [-90.0462117, 35.1359177]], [[-90.0462117, 35.1359177], [-90.0462236, 35.1362842], [-90.0462259, 35.1363412], [-90.0463098, 35.1365146]], [[-90.0473546, 35.1319468], [-90.0473368, 35.1320034], [-90.0473282, 35.132031], [-90.0472612, 35.1322079], [-90.0472158, 35.1323434], [-90.0472021, 35.1323827], [-90.0471961, 35.1323998]], [[-90.0473959, 35.1317664], [-90.0473546, 35.1319468]], [[-90.047463, 35.1312317], [-90.0474565, 35.1313989], [-90.0474353, 35.1315246], [-90.0474223, 35.1316021], [-90.0474172, 35.1316352], [-90.0474053, 35.1317119], [-90.0473959, 35.1317664]], [[-90.047463, 35.1312317], [-90.0475435, 35.1311121], [-90.0475417, 35.1310942], [-90.0475251, 35.1309337], [-90.0474671, 35.1303729], [-90.0473823, 35.1302179]], [[-90.0473823, 35.1302179], [-90.0473193, 35.130367]], [[-90.0473193, 35.130367], [-90.0474, 35.131122], [-90.047463, 35.1312317]], [[-90.0473823, 35.1302179], [-90.0472898, 35.1293201], [-90.0472593, 35.1290243], [-90.0472073, 35.1287673], [-90.0471867, 35.1287175], [-90.0471331, 35.1285883], [-90.0470512, 35.1284233]], [[-90.0470512, 35.1284233], [-90.0470345, 35.1282697], [-90.0469601, 35.1280564], [-90.0469213, 35.1279017], [-90.0468984, 35.1277405], [-90.0468938, 35.1276624], [-90.0469185, 35.1270231], [-90.04694, 35.1263134], [-90.0469521, 35.1259624], [-90.0469606, 35.1257482], [-90.0469713, 35.1254759], [-90.0469856, 35.1251157], [-90.0469771, 35.1250929]], [[-90.0469771, 35.1250929], [-90.046932, 35.1249724]], [[-90.046932, 35.1249724], [-90.0469101, 35.124914]], [[-90.0469101, 35.124914], [-90.0468516, 35.1251012], [-90.0468004, 35.1265718], [-90.0467937, 35.1270246], [-90.0467856, 35.1273123]], [[-90.0467856, 35.1273123], [-90.0467757, 35.1276632]], [[-90.0467757, 35.1276632], [-90.0467787, 35.1278211], [-90.0468114, 35.1280049], [-90.0468515, 35.1281408], [-90.0469202, 35.1283042], [-90.0470512, 35.1284233]], [[-90.0469168, 35.1248245], [-90.0469143, 35.1248577], [-90.0469101, 35.124914]], [[-90.0469223, 35.1247515], [-90.0469168, 35.1248245]], [[-90.0469844, 35.1243744], [-90.0469385, 35.1245011], [-90.0469223, 35.1247515]], [[-90.047059, 35.1238935], [-90.0470576, 35.1239143], [-90.0470506, 35.124081], [-90.0470426, 35.1242612], [-90.0469844, 35.1243744]], [[-90.0472051, 35.1196559], [-90.0471675, 35.1208197], [-90.0471577, 35.1211238], [-90.0471516, 35.1213112], [-90.04713, 35.1220037], [-90.0471132, 35.1223891], [-90.0470716, 35.1236119], [-90.047059, 35.1238935]], [[-90.0472061, 35.1162166], [-90.0472329, 35.1163131], [-90.0472456, 35.1163591], [-90.0472625, 35.1164199], [-90.0472932, 35.116734], [-90.0473033, 35.1168376], [-90.0472974, 35.1170839], [-90.0472702, 35.1177723], [-90.0472537, 35.118238], [-90.047246, 35.118455], [-90.0472358, 35.1187089], [-90.0472051, 35.1196559]], [[-90.0470175, 35.115868], [-90.0472061, 35.1162166]], [[-90.0470175, 35.115868], [-90.0465985, 35.11586], [-90.0465347, 35.1158588]], [[-90.0465347, 35.1158588], [-90.0462386, 35.1158532], [-90.0450524, 35.1158295], [-90.0433595, 35.1157988]], [[-90.0433595, 35.1157988], [-90.0428751, 35.1157851]], [[-90.0428751, 35.1157851], [-90.0427468, 35.1157815], [-90.0423508, 35.1157703], [-90.0422685, 35.115768], [-90.0421448, 35.1157648], [-90.0418906, 35.1157581], [-90.0410006, 35.1157347], [-90.0404247, 35.1157219], [-90.038893, 35.115688], [-90.037802, 35.1156603], [-90.0375431, 35.1156537]], [[-90.0375431, 35.1156537], [-90.037482, 35.1156522], [-90.0371646, 35.1156441]], [[-90.0371646, 35.1156441], [-90.0367134, 35.1156345]], [[-90.0367134, 35.1156345], [-90.03604, 35.1156201], [-90.034632, 35.1155895], [-90.0339731, 35.1155747], [-90.0337555, 35.1155698], [-90.0330559, 35.1155541], [-90.0323466, 35.1155382], [-90.0317873, 35.1155256], [-90.0313672, 35.1155161]], [[-90.0313672, 35.1155161], [-90.030956, 35.1155071], [-90.0308295, 35.1155043]], [[-90.0308295, 35.1155043], [-90.0302964, 35.115492], [-90.0301347, 35.11549], [-90.0299147, 35.1154869], [-90.0298221, 35.1154857], [-90.0295419, 35.1154784], [-90.0293684, 35.1154758], [-90.0292512, 35.1154741], [-90.0288239, 35.1154633], [-90.0284584, 35.115458], [-90.028228, 35.1154519]], [[-90.028228, 35.1154519], [-90.0275843, 35.1154321]], [[-90.0275843, 35.1154321], [-90.027524, 35.115431]], [[-90.027524, 35.115431], [-90.0268939, 35.1154095], [-90.0262975, 35.1153889], [-90.0261834, 35.1153868], [-90.0256448, 35.1153768], [-90.0252474, 35.1153715], [-90.0249361, 35.1153638], [-90.0242966, 35.1153479], [-90.0241309, 35.1153434], [-90.0230265, 35.1153279]], [[-90.0230265, 35.1153279], [-90.0229505, 35.1153209], [-90.0225258, 35.1153161]], [[-90.0225258, 35.1153161], [-90.022328, 35.1153138]], [[-90.022328, 35.1153138], [-90.022136, 35.1153144], [-90.0220796, 35.115315]], [[-90.0220796, 35.115315], [-90.0216215, 35.1153119]], [[-90.0214596, 35.1190201], [-90.0214828, 35.1184051], [-90.0214919, 35.1180997], [-90.0214941, 35.1180247], [-90.0215029, 35.1178264], [-90.0215355, 35.1170899], [-90.0215561, 35.1166639], [-90.0215784, 35.1162042], [-90.021585, 35.1160672], [-90.0216215, 35.1153119]], [[-90.0213733, 35.121386], [-90.0214372, 35.1200159], [-90.0214596, 35.1190201]], [[-90.0213553, 35.1218522], [-90.0213733, 35.121386]], [[-90.0212723, 35.1239975], [-90.0213379, 35.1223313], [-90.0213553, 35.1218522]], [[-90.0211085, 35.1280534], [-90.021118, 35.1276504], [-90.0211583, 35.1266385], [-90.0211812, 35.1261442], [-90.021205, 35.1256301], [-90.0212248, 35.1251316], [-90.0212446, 35.1246311], [-90.0212723, 35.1239975]], [[-90.021102, 35.1283294], [-90.021105, 35.1282017], [-90.0211085, 35.1280534]], [[-90.0210926, 35.12873], [-90.021102, 35.1283294]], [[-90.0210926, 35.12873], [-90.0206962, 35.1285084]], [[-90.0206962, 35.1285084], [-90.0204681, 35.128383]], [[-90.0204681, 35.128383], [-90.0201793, 35.1282075]], [[-90.0201793, 35.1282075], [-90.0199263, 35.1280717], [-90.0197886, 35.1279942], [-90.0191584, 35.1276397], [-90.0184329, 35.1272396]], [[-90.0184329, 35.1272396], [-90.017594, 35.1267764]], [[-90.017594, 35.1267764], [-90.0170982, 35.1264952], [-90.0170109, 35.1264422]], [[-90.0170109, 35.1264422], [-90.0167731, 35.1262931], [-90.015992, 35.1258401], [-90.0158106, 35.1257336], [-90.0157187, 35.1256797], [-90.0155102, 35.1255573]], [[-90.0155102, 35.1255573], [-90.0149434, 35.1252245], [-90.0149349, 35.1252195], [-90.0149191, 35.1252103], [-90.0144556, 35.1249344], [-90.0142889, 35.1248407], [-90.0142697, 35.1248294], [-90.0139999, 35.1246748], [-90.0136729, 35.1244873], [-90.0132886, 35.1242744]], [[-90.0132886, 35.1242744], [-90.013115, 35.1241743], [-90.0130304, 35.1241255], [-90.0129418, 35.1240744], [-90.0127273, 35.1239507]], [[-90.0127273, 35.1239507], [-90.0120603, 35.1235236]], [[-90.0120603, 35.1235236], [-90.0115322, 35.1232307]], [[-90.0115322, 35.1232307], [-90.010847, 35.1228409]], [[-90.010847, 35.1228409], [-90.0103511, 35.1225465]], [[-90.0103511, 35.1225465], [-90.0097392, 35.1221542], [-90.0086091, 35.1214298], [-90.0082849, 35.1212122], [-90.0074427, 35.1206756], [-90.0066689, 35.1201895], [-90.0066113, 35.1201533], [-90.0065695, 35.120129], [-90.0063462, 35.1199837], [-90.0051334, 35.1191969], [-90.0050878, 35.1191673]], [[-90.0050878, 35.1191673], [-90.005015, 35.1191202]], [[-90.005015, 35.1191202], [-90.0038997, 35.1183991], [-90.0036376, 35.1182277], [-90.0032033, 35.1179647], [-90.0029444, 35.1178095], [-90.0026649, 35.1176313], [-90.0023833, 35.1174555], [-90.0022756, 35.1173883]], [[-90.0022756, 35.1173883], [-90.0021679, 35.117321], [-90.0019657, 35.1171881], [-90.0018531, 35.1171141]], [[-90.0018531, 35.1171141], [-90.0015749, 35.116959], [-90.0015027, 35.1169187], [-90.0014048, 35.1168562]], [[-90.0014048, 35.1168562], [-90.0013068, 35.1167937], [-90.0008436, 35.1164981]], [[-90.0008436, 35.1164981], [-90.00074, 35.1164319]], [[-90.00074, 35.1164319], [-90.0002556, 35.1161228]], [[-90.0002556, 35.1161228], [-90.0002192, 35.1160996]], [[-90.0002192, 35.1160996], [-89.9996868, 35.1157598]], [[-89.9996868, 35.1157598], [-89.9995005, 35.1156409]], [[-89.9995005, 35.1156409], [-89.9991255, 35.1153819]], [[-89.9991255, 35.1153819], [-89.9990452, 35.1153288], [-89.9982802, 35.1148223], [-89.9976213, 35.1143861], [-89.9966165, 35.1137209], [-89.9962802, 35.1135135], [-89.9959905, 35.1133229], [-89.995543, 35.1130287], [-89.9949631, 35.1126429], [-89.9948616, 35.112573], [-89.994329, 35.1122063]], [[-89.994329, 35.1122063], [-89.9933036, 35.1115469], [-89.992131, 35.1107722], [-89.9920511, 35.1107194]], [[-89.9920511, 35.1107194], [-89.9917754, 35.1105374]], [[-89.9917754, 35.1105374], [-89.9917245, 35.110506], [-89.9915739, 35.1104132]], [[-89.9915739, 35.1104132], [-89.9915356, 35.1103896]], [[-89.9915356, 35.1103896], [-89.9914614, 35.1103439]], [[-89.9914614, 35.1103439], [-89.9912465, 35.1102115], [-89.9910917, 35.110111], [-89.9907267, 35.1098739], [-89.9901552, 35.1095027], [-89.9899403, 35.1093673], [-89.9897272, 35.1092428], [-89.9896554, 35.1092081]], [[-89.9896554, 35.1092081], [-89.9895541, 35.1090655], [-89.9889077, 35.1086289], [-89.9886689, 35.10854]], [[-89.9891478, 35.1090037], [-89.9894576, 35.1092049], [-89.9896554, 35.1092081]], [[-89.9889459, 35.1088496], [-89.9891478, 35.1090037]], [[-89.9886689, 35.10854], [-89.9888244, 35.1087569], [-89.9889459, 35.1088496]], [[-89.9886689, 35.10854], [-89.9880823, 35.1085628], [-89.9879635, 35.1085674]], [[-89.9879635, 35.1085674], [-89.9878204, 35.1085697], [-89.9876855, 35.1085759]], [[-89.9876855, 35.1085759], [-89.9873615, 35.1085769]], [[-89.9873615, 35.1085769], [-89.9865052, 35.1085608], [-89.9864454, 35.1085592], [-89.9857174, 35.1085571], [-89.9854686, 35.1085543]], [[-89.9854686, 35.1085543], [-89.9852582, 35.108552], [-89.9850839, 35.10855], [-89.984892, 35.1085479]], [[-89.984892, 35.1085479], [-89.9843685, 35.108528]], [[-89.9843685, 35.108528], [-89.9842214, 35.1085195], [-89.9832827, 35.1084651], [-89.9828072, 35.1084387], [-89.9826103, 35.1084277], [-89.9825209, 35.1084228], [-89.9824385, 35.1084182], [-89.9822115, 35.1084071], [-89.9816468, 35.1083824], [-89.980834, 35.1083665], [-89.9800525, 35.1083609], [-89.9795169, 35.1083547], [-89.9794639, 35.1083548], [-89.979252, 35.1083551], [-89.9787098, 35.1083485], [-89.9785067, 35.1083312], [-89.9778737, 35.1083163], [-89.9777167, 35.1083113], [-89.9775184, 35.1083064], [-89.9775038, 35.108306], [-89.9773769, 35.1083024], [-89.9773433, 35.1083014], [-89.9772059, 35.1082975], [-89.9771066, 35.1082947], [-89.9770313, 35.1082926], [-89.9753352, 35.1082372], [-89.9750151, 35.1082235]], [[-89.9750151, 35.1082235], [-89.9744803, 35.1082073]], [[-89.9744803, 35.1082073], [-89.97403, 35.1081911]], [[-89.97403, 35.1081911], [-89.9736915, 35.1081789], [-89.9733995, 35.1081699], [-89.9728885, 35.1081529], [-89.9721345, 35.1081379], [-89.9713536, 35.1081119], [-89.970558, 35.1080911], [-89.9703288, 35.1080843], [-89.9702601, 35.1080823]], [[-89.9702601, 35.1080823], [-89.9696725, 35.1080649]], [[-89.9696725, 35.1080649], [-89.9694065, 35.1080555], [-89.9692384, 35.1080495]], [[-89.9692384, 35.1080495], [-89.9689395, 35.1080389], [-89.9687725, 35.1080363], [-89.9686148, 35.1080338], [-89.9684994, 35.108032], [-89.9680505, 35.1080249], [-89.9675304, 35.1080096], [-89.966831, 35.1079883], [-89.9661214, 35.1079695], [-89.9657536, 35.1079569], [-89.9651581, 35.1079412], [-89.9647003, 35.1079237], [-89.963916, 35.1078931], [-89.9638595, 35.1078909], [-89.9636784, 35.1078882], [-89.9635113, 35.1078857], [-89.9627357, 35.1078775], [-89.9625255, 35.1078728], [-89.9624552, 35.1078724], [-89.9622874, 35.1078669], [-89.9620795, 35.1078558], [-89.9619943, 35.1078534]], [[-89.9619943, 35.1078534], [-89.9617273, 35.1078459], [-89.9614852, 35.107839]], [[-89.9614852, 35.107839], [-89.9612973, 35.1078316], [-89.9611149, 35.1078245], [-89.9610061, 35.1078202]], [[-89.9610061, 35.1078202], [-89.9598004, 35.1077761], [-89.959571, 35.1077692], [-89.9594925, 35.1077671], [-89.9593899, 35.1077644], [-89.9591842, 35.1077589], [-89.9590356, 35.1077549], [-89.9588413, 35.1077495], [-89.9585347, 35.107741], [-89.9574149, 35.1077016], [-89.9563962, 35.1076978], [-89.9544725, 35.1077285]], [[-89.9544725, 35.1077285], [-89.9540034, 35.1077469]], [[-89.9540034, 35.1077469], [-89.9535583, 35.1077477]], [[-89.9535583, 35.1077477], [-89.9532789, 35.1077511], [-89.9532077, 35.1077509], [-89.9524766, 35.1077576], [-89.9512665, 35.1077839], [-89.9510319, 35.1077903], [-89.9500532, 35.107817], [-89.9488896, 35.1078488], [-89.9487654, 35.107851], [-89.9486361, 35.1078533], [-89.9486053, 35.1078538], [-89.9483293, 35.1078586], [-89.9481447, 35.1078619], [-89.9480154, 35.1078642], [-89.9479291, 35.1078657], [-89.9476547, 35.1078705], [-89.9470573, 35.107881], [-89.9467561, 35.1078862], [-89.9466483, 35.1078927], [-89.9464676, 35.1078913], [-89.9463643, 35.1078931], [-89.9460315, 35.1078989]], [[-89.9460315, 35.1078989], [-89.9456045, 35.1078858], [-89.9455415, 35.1078839]], [[-89.9455415, 35.1078839], [-89.9453969, 35.1078794], [-89.9452676, 35.1078755], [-89.9450411, 35.1078686], [-89.9447994, 35.1078612], [-89.9447638, 35.1078603], [-89.9445704, 35.107854], [-89.9442899, 35.1078454], [-89.9440624, 35.1078384], [-89.9440038, 35.1078366], [-89.9437446, 35.1078286], [-89.9435382, 35.1078223], [-89.9434005, 35.1078181], [-89.9429312, 35.1078036], [-89.9424205, 35.1077879], [-89.9423834, 35.1077871], [-89.9418757, 35.1077763], [-89.941542, 35.1077696], [-89.9414935, 35.1077668], [-89.9412173, 35.1077579], [-89.9410688, 35.1077526], [-89.9409763, 35.1077494], [-89.9407974, 35.107743], [-89.9404845, 35.1077319]], [[-89.9404845, 35.1077319], [-89.9400583, 35.1077197]], [[-89.9400583, 35.1077197], [-89.93948, 35.1077031], [-89.9389838, 35.1076888]], [[-89.9389838, 35.1076888], [-89.9384995, 35.1076749]], [[-89.9384995, 35.1076749], [-89.9380979, 35.1076719]], [[-89.9380979, 35.1076719], [-89.9363397, 35.1076323], [-89.9361424, 35.1076279], [-89.935799, 35.1076198], [-89.9356975, 35.1076179], [-89.9356166, 35.1076171], [-89.9354351, 35.1076185], [-89.9352695, 35.1076139], [-89.9350595, 35.1075979], [-89.9343972, 35.107599], [-89.9343172, 35.1075991], [-89.9341246, 35.1075949], [-89.933796, 35.1075878], [-89.9335777, 35.1075831], [-89.9332391, 35.1075757], [-89.9331821, 35.1075745], [-89.9329441, 35.1075693], [-89.9329044, 35.1075684], [-89.9324252, 35.107558], [-89.9320046, 35.1075483], [-89.9317508, 35.1075425], [-89.9316835, 35.1075419], [-89.9313824, 35.1075313]], [[-89.9313824, 35.1075313], [-89.931172, 35.1075239], [-89.9309105, 35.1075131], [-89.9306453, 35.1075039]], [[-89.9302962, 35.1074962], [-89.9306453, 35.1075039]], [[-89.9269197, 35.107405], [-89.9270246, 35.1074068], [-89.9276205, 35.1074169], [-89.927883, 35.1074296], [-89.9281309, 35.1074415], [-89.9288905, 35.1074749], [-89.9296554, 35.1074861], [-89.9301845, 35.1074939], [-89.9302962, 35.1074962]], [[-89.9262065, 35.1073929], [-89.9267493, 35.1074021], [-89.9269197, 35.107405]], [[-89.9256554, 35.1073799], [-89.9262065, 35.1073929]], [[-89.9190634, 35.1071984], [-89.9202072, 35.1072333], [-89.9214755, 35.1072708], [-89.9225194, 35.1073], [-89.9235654, 35.1073275], [-89.9240242, 35.1073362], [-89.9244115, 35.1073507], [-89.9256554, 35.1073799]], [[-89.9185785, 35.1071836], [-89.9190634, 35.1071984]], [[-89.9156763, 35.1071096], [-89.9185785, 35.1071836]], [[-89.9151526, 35.1070956], [-89.9156763, 35.1071096]], [[-89.914454, 35.1070996], [-89.9151526, 35.1070956]], [[-89.9088548, 35.1069242], [-89.9096724, 35.1069769], [-89.9105259, 35.1069939], [-89.9112714, 35.1070105], [-89.9119314, 35.1070302], [-89.9122562, 35.1070398], [-89.9125416, 35.1070479], [-89.9136853, 35.1070802], [-89.914454, 35.1070996]], [[-89.8706157, 35.0997252], [-89.8700797, 35.0997405], [-89.8696416, 35.0997515]], [[-89.8696416, 35.0997515], [-89.8686728, 35.0997554]], [[-89.8686728, 35.0997554], [-89.868199, 35.0997769]], [[-89.868199, 35.0997769], [-89.8673156, 35.0998171], [-89.8672073, 35.0998143], [-89.8658151, 35.0998688], [-89.8656794, 35.0998739], [-89.8626305, 35.0999854]], [[-89.8626305, 35.0999854], [-89.8626342, 35.0998762], [-89.8626461, 35.099529], [-89.8626494, 35.099338]], [[-89.8626494, 35.099338], [-89.8626528, 35.0989912], [-89.8626529, 35.0989787], [-89.8626561, 35.098768], [-89.8626584, 35.0983951], [-89.8626597, 35.0982724], [-89.8626604, 35.0982095], [-89.8626684, 35.0978421], [-89.8626706, 35.0977369], [-89.8626764, 35.097514], [-89.8626861, 35.0970405], [-89.8626885, 35.0969071], [-89.8627038, 35.0962577]], [[-89.8627038, 35.0962577], [-89.8627048, 35.0961304]], [[-89.8627048, 35.0961304], [-89.8626882, 35.0960046], [-89.8626575, 35.0958707], [-89.8625707, 35.095709], [-89.8625118, 35.0956187], [-89.8624338, 35.0955271], [-89.8624104, 35.0955019], [-89.8623673, 35.0954553], [-89.862288, 35.0953862], [-89.8621642, 35.0952968], [-89.862017, 35.0952129]], [[-89.862017, 35.0952129], [-89.8619355, 35.0951765], [-89.8618295, 35.095139], [-89.8617493, 35.0951196], [-89.8616692, 35.0951054]], [[-89.8616692, 35.0951054], [-89.8615352, 35.0950924], [-89.8614028, 35.095086], [-89.8611038, 35.0950842], [-89.8610374, 35.0950833], [-89.8608753, 35.0950812], [-89.8604924, 35.0950762], [-89.8596316, 35.0950649], [-89.8596008, 35.0950645], [-89.8593235, 35.0950609]], [[-89.8593235, 35.0950609], [-89.8587935, 35.0950499], [-89.8585906, 35.0950653]], [[-89.8585906, 35.0950653], [-89.8585862, 35.0951594], [-89.8585586, 35.0957514], [-89.8585262, 35.096444], [-89.8585074, 35.0968047], [-89.858518, 35.0969384], [-89.8585658, 35.0975433], [-89.8586253, 35.0980638]], [[-89.8586253, 35.0980638], [-89.8585748, 35.0982174], [-89.8585959, 35.0983433], [-89.8586647, 35.0986374], [-89.8588166, 35.099292]], [[-89.8588166, 35.099292], [-89.8588734, 35.0995177], [-89.8588977, 35.0996141]], [[-89.8588977, 35.0996141], [-89.8589423, 35.0997909], [-89.8589516, 35.0998278], [-89.8589793, 35.0999378]], [[-89.8589793, 35.0999378], [-89.8591904, 35.099942]], [[-89.8591904, 35.099942], [-89.8593155, 35.0999434], [-89.8593307, 35.0999436], [-89.8595827, 35.0999465], [-89.8599622, 35.0999509]], [[-89.8599622, 35.0999509], [-89.8608127, 35.0999763], [-89.8610969, 35.0999802], [-89.8619172, 35.099992]], [[-89.8619172, 35.099992], [-89.8625422, 35.0999862], [-89.8626305, 35.0999854]], [[-89.8706157, 35.0997252], [-89.872008, 35.0996925], [-89.8726113, 35.0996907], [-89.8728899, 35.0997294], [-89.8732443, 35.0997785], [-89.8732975, 35.0997859], [-89.8742265, 35.1000499], [-89.8760085, 35.1007739], [-89.8776861, 35.1013896], [-89.8778685, 35.1014482], [-89.8787908, 35.101798], [-89.8791965, 35.1019519], [-89.8797062, 35.1021413], [-89.8798389, 35.1021906], [-89.8805745, 35.1024639], [-89.8813714, 35.1027584], [-89.8814017, 35.10277], [-89.8820957, 35.1030335], [-89.8822865, 35.1031059], [-89.8831623, 35.1034296], [-89.8836429, 35.1036072], [-89.8837856, 35.10366]], [[-89.8837856, 35.10366], [-89.8842065, 35.1038156], [-89.8843403, 35.103865]], [[-89.8843403, 35.103865], [-89.884503, 35.1039275], [-89.8849008, 35.1040805]], [[-89.8849008, 35.1040805], [-89.8850263, 35.1041287], [-89.8851019, 35.1041571], [-89.8854594, 35.1042867], [-89.8856157, 35.1043434], [-89.8859894, 35.1044837], [-89.8860228, 35.1044962], [-89.8864089, 35.104641], [-89.8866249, 35.1047221], [-89.8871697, 35.1049264], [-89.8874055, 35.1050149], [-89.8885186, 35.1054247], [-89.8886424, 35.1054718], [-89.8891666, 35.105671], [-89.8894185, 35.1057649], [-89.8898054, 35.1059171]], [[-89.8898054, 35.1059171], [-89.8901672, 35.1060595], [-89.8903076, 35.1061147]], [[-89.8903076, 35.1061147], [-89.8904257, 35.1061561], [-89.8906014, 35.1062176], [-89.8908899, 35.1063169]], [[-89.8908899, 35.1063169], [-89.8910365, 35.1063699], [-89.8913137, 35.1064239], [-89.8913936, 35.1064395], [-89.8916019, 35.1064688], [-89.8916317, 35.106473], [-89.891873, 35.1064957], [-89.8920899, 35.1065018], [-89.8923195, 35.1065082], [-89.8924963, 35.1065131], [-89.8930088, 35.1065274], [-89.8931197, 35.1065305], [-89.89346, 35.10654], [-89.8942967, 35.1065634], [-89.8947077, 35.1065749], [-89.8947301, 35.1065755], [-89.8950311, 35.1065839], [-89.8954134, 35.1065946]], [[-89.8954134, 35.1065946], [-89.8956858, 35.1066011], [-89.8959263, 35.1066068], [-89.8959426, 35.1066072], [-89.8960599, 35.10661]], [[-89.8960599, 35.10661], [-89.8961337, 35.1066117], [-89.896727, 35.1066258], [-89.8970567, 35.1066287], [-89.8971575, 35.1066308], [-89.8976815, 35.1066416], [-89.8987213, 35.1066632], [-89.8987965, 35.1066727], [-89.8993595, 35.1066859], [-89.9001187, 35.1067063], [-89.9014099, 35.1067409], [-89.9022545, 35.1067599], [-89.9025529, 35.106772], [-89.9029525, 35.1067881], [-89.9045277, 35.1068121], [-89.9073581, 35.1068897]], [[-89.9073581, 35.1068897], [-89.9078994, 35.1069182]], [[-89.9078994, 35.1069182], [-89.9083771, 35.1069212]], [[-89.9083771, 35.1069212], [-89.9088548, 35.1069242]]]}}, {"type": "Feature", "properties": {"osm_id": 8830894, "ref": "56", "name": "MATA 56 Lamar"}, "geometry": {"type": "MultiLineString", "coordinates": [[[-89.9324589, 35.0761744], [-89.9324418, 35.0761871], [-89.932431, 35.0761985], [-89.9324226, 35.0762108], [-89.9324144, 35.0762294], [-89.9324093, 35.0762488], [-89.9324031, 35.0764605]], [[-89.9334357, 35.0765058], [-89.9334331, 35.0764547], [-89.9334343, 35.0762929], [-89.9334307, 35.0762721], [-89.9334182, 35.0762501], [-89.9334024, 35.0762329], [-89.933379, 35.0762168], [-89.9333469, 35.0762024], [-89.9333109, 35.0761897], [-89.9332602, 35.0761786], [-89.933206, 35.0761721], [-89.9330851, 35.0761633], [-89.9328776, 35.0761551], [-89.9326097, 35.0761457], [-89.9325802, 35.0761466], [-89.9325543, 35.0761485], [-89.9325268, 35.0761521], [-89.9325005, 35.0761576], [-89.9324827, 35.0761634], [-89.9324684, 35.0761692], [-89.9324589, 35.0761744]], [[-89.9324031, 35.0764605], [-89.9334357, 35.0765058]], [[-89.9321361, 35.076452], [-89.9324031, 35.0764605]], [[-89.9321361, 35.076452], [-89.9320168, 35.0764454]], [[-89.9320168, 35.0764454], [-89.9315313, 35.0764235]], [[-89.9315313, 35.0764235], [-89.9314841, 35.0769603]], [[-89.9314841, 35.0769603], [-89.9315527, 35.0768407], [-89.9315956, 35.0767595], [-89.9316385, 35.0766848], [-89.931682, 35.076629], [-89.9317405, 35.0765848], [-89.9317861, 35.0765497], [-89.9318558, 35.0765234], [-89.9320168, 35.0764454]], [[-89.9314146, 35.0777197], [-89.9314841, 35.0769603]], [[-89.9313296, 35.0796106], [-89.9313404, 35.0794058], [-89.9313692, 35.0784474], [-89.9313812, 35.0781378], [-89.9313956, 35.077947], [-89.9314056, 35.0778219], [-89.9314146, 35.0777197]], [[-89.9313187, 35.0803788], [-89.9313296, 35.0796106]], [[-89.9313177, 35.0804391], [-89.9313187, 35.0803788]], [[-89.9312933, 35.0814804], [-89.9312958, 35.0813748], [-89.9313177, 35.0804391]], [[-89.9312856, 35.0819359], [-89.931287, 35.0818571], [-89.9312923, 35.0815602], [-89.9312929, 35.0815259], [-89.9312933, 35.0814804]], [[-89.9312761, 35.0824677], [-89.9312804, 35.0823692], [-89.9312856, 35.0819359]], [[-89.9312632, 35.0831935], [-89.9312701, 35.0828091], [-89.9312743, 35.0825709], [-89.9312761, 35.0824677]], [[-89.9312576, 35.0833612], [-89.9312632, 35.0831935]], [[-89.9311807, 35.0863491], [-89.9311833, 35.0862294], [-89.9311908, 35.0858743], [-89.9311983, 35.0855306], [-89.9312004, 35.0854304], [-89.9312027, 35.0853253], [-89.9312038, 35.0852729], [-89.9312065, 35.0851509], [-89.9312236, 35.0845336], [-89.9312322, 35.0842224], [-89.9312491, 35.0836146], [-89.9312576, 35.0833612]], [[-89.9311753, 35.0864954], [-89.9311795, 35.0864071], [-89.9311807, 35.0863491]], [[-89.931164, 35.0867387], [-89.9311712, 35.0865836], [-89.9311753, 35.0864954]], [[-89.9324906, 35.0867861], [-89.9317103, 35.0867561], [-89.9314497, 35.0867478], [-89.931164, 35.0867387]], [[-89.9327003, 35.0867839], [-89.9324906, 35.0867861]], [[-89.939424, 35.0866899], [-89.9391139, 35.086844], [-89.9389301, 35.0868901], [-89.9363938, 35.0868504], [-89.9352378, 35.0868383], [-89.9342363, 35.0868101], [-89.9340395, 35.0868079], [-89.9330345, 35.0867839], [-89.9327003, 35.0867839]], [[-89.9392046, 35.0931945], [-89.939213, 35.092634], [-89.9392295, 35.0915309], [-89.9392445, 35.0905609], [-89.9392595, 35.0903399], [-89.9393045, 35.0890989], [-89.9393049, 35.0890841], [-89.9393195, 35.0885469], [-89.9393345, 35.0880059], [-89.9393645, 35.0874039], [-89.939424, 35.0866899]], [[-89.9487815, 35.093432], [-89.9480525, 35.0934099], [-89.9464175, 35.0933839], [-89.9448785, 35.0933239], [-89.9441818, 35.0933062], [-89.9433557, 35.0932852], [-89.9417725, 35.0932449], [-89.9408042, 35.0932269], [-89.9407373, 35.0932257], [-89.940538, 35.093222], [-89.9401026, 35.0932139], [-89.9394545, 35.0932019], [-89.9392046, 35.0931945]], [[-89.9487815, 35.093432], [-89.9490489, 35.0935333], [-89.9491187, 35.0935685], [-89.9491938, 35.0936255], [-89.9492742, 35.0936782], [-89.9493575, 35.0937775]], [[-89.9493662, 35.0934347], [-89.9489674, 35.093433], [-89.9487815, 35.093432]], [[-89.9493604, 35.0936644], [-89.9493662, 35.0934347]], [[-89.9493575, 35.0937775], [-89.9493604, 35.0936644]], [[-89.9493535, 35.0938843], [-89.9493575, 35.0937775]], [[-89.9612444, 35.0948968], [-89.9601275, 35.0948671], [-89.9587665, 35.0948309], [-89.9566269, 35.0947966], [-89.9564565, 35.0947939], [-89.9561479, 35.0947846], [-89.9552605, 35.0947579], [-89.9541285, 35.0947539], [-89.9530635, 35.0947269], [-89.9528565, 35.0947219], [-89.9525358, 35.0947111], [-89.9523257, 35.094704], [-89.9519894, 35.0946927], [-89.9518607, 35.0946884], [-89.9507303, 35.0946625], [-89.9505921, 35.0946595], [-89.9503765, 35.0946509], [-89.9499965, 35.0945349], [-89.9497465, 35.0943929], [-89.9495285, 35.0942059], [-89.9494305, 35.0940719], [-89.9493535, 35.0938843]], [[-89.9617948, 35.0949009], [-89.9612444, 35.0948968]], [[-89.9635558, 35.0949139], [-89.9631523, 35.0949085], [-89.9627885, 35.0949082], [-89.9617948, 35.0949009]], [[-89.9693038, 35.0950046], [-89.9689566, 35.0949998], [-89.9686696, 35.0949958], [-89.9681727, 35.0949879], [-89.9679397, 35.0949842], [-89.9677683, 35.0949814], [-89.9672685, 35.0949734], [-89.9665772, 35.0949623], [-89.9660456, 35.0949538], [-89.9658612, 35.0949508], [-89.9653216, 35.0949422], [-89.9647471, 35.094933], [-89.9643555, 35.0949267], [-89.9635558, 35.0949139]], [[-89.9695999, 35.0950115], [-89.9693746, 35.0950056], [-89.9693038, 35.0950046]], [[-89.9701643, 35.0950198], [-89.9695999, 35.0950115]], [[-89.9706453, 35.0955975], [-89.9705487, 35.0954893], [-89.9701643, 35.0950198]], [[-89.9799937, 35.1017632], [-89.9798008, 35.1016596], [-89.9796281, 35.1015704], [-89.9793608, 35.1014323], [-89.9790325, 35.1012569], [-89.9787944, 35.1011305], [-89.9783159, 35.1008829], [-89.9782153, 35.1008316], [-89.977604, 35.1005134], [-89.9775086, 35.1004592], [-89.9771563, 35.1002773], [-89.9769935, 35.1001959], [-89.9758107, 35.0995786], [-89.9755505, 35.0994409], [-89.9750412, 35.0991753], [-89.9749072, 35.0991077], [-89.9744468, 35.0988646], [-89.9738973, 35.0985721], [-89.9735875, 35.0984072], [-89.9734778, 35.0983385], [-89.9732128, 35.0981682], [-89.9731873, 35.0981502], [-89.9726701, 35.0977596], [-89.9725235, 35.0976276], [-89.9720409, 35.0971653], [-89.9717958, 35.0968973], [-89.9716174, 35.0966933], [-89.9715345, 35.0966043], [-89.971165, 35.0961896], [-89.9710668, 35.0960782], [-89.9709876, 35.0959943], [-89.9707846, 35.0957698], [-89.9706453, 35.0955975]], [[-89.9804688, 35.1020233], [-89.9803422, 35.1019552], [-89.9799937, 35.1017632]], [[-89.9841513, 35.1043526], [-89.9838615, 35.1041651], [-89.9837021, 35.1040598], [-89.9833981, 35.1038693], [-89.9833244, 35.1038176], [-89.9831086, 35.1036876], [-89.9829656, 35.1035948], [-89.9818314, 35.1028771], [-89.9816445, 35.1027552], [-89.9814909, 35.1026576], [-89.9814384, 35.1026174], [-89.9813544, 35.1025605], [-89.9809541, 35.1023143], [-89.980808, 35.1022224], [-89.9805384, 35.1020642], [-89.9804688, 35.1020233]], [[-89.9845517, 35.1046074], [-89.9844732, 35.1045576], [-89.9841989, 35.1043834], [-89.9841513, 35.1043526]], [[-89.9848485, 35.1048032], [-89.9846453, 35.1046691], [-89.9845517, 35.1046074]], [[-89.9849704, 35.1048729], [-89.9848485, 35.1048032]], [[-89.9850422, 35.1049226], [-89.9849704, 35.1048729]], [[-89.9852462, 35.1050506], [-89.9850422, 35.1049226]], [[-89.9856225, 35.1053149], [-89.9855604, 35.1052713], [-89.9854458, 35.1051908], [-89.9852462, 35.1050506]], [[-89.985948, 35.1055357], [-89.9857572, 35.1054063], [-89.9856225, 35.1053149]], [[-89.9861616, 35.1056972], [-89.985979, 35.1055603], [-89.985948, 35.1055357]], [[-89.9886689, 35.10854], [-89.9885853, 35.1084593], [-89.9884491, 35.1083365], [-89.9883547, 35.1082509], [-89.9882962, 35.1081978], [-89.9881842, 35.1080844], [-89.9879531, 35.1078505], [-89.9878288, 35.1077142], [-89.9877369, 35.1075908], [-89.9874892, 35.107258], [-89.9874634, 35.1072215], [-89.9872565, 35.1069289], [-89.9870233, 35.1065921], [-89.986968, 35.1065123], [-89.9869231, 35.106463], [-89.9868091, 35.106338], [-89.9867393, 35.1062615], [-89.9865344, 35.1060366], [-89.9864205, 35.1059117], [-89.9862861, 35.1058028], [-89.9861616, 35.1056972]], [[-89.9891478, 35.1090037], [-89.9894576, 35.1092049], [-89.9896554, 35.1092081]], [[-89.9889459, 35.1088496], [-89.9891478, 35.1090037]], [[-89.9886689, 35.10854], [-89.9888244, 35.1087569], [-89.9889459, 35.1088496]], [[-89.9896554, 35.1092081], [-89.9895541, 35.1090655], [-89.9889077, 35.1086289], [-89.9886689, 35.10854]], [[-89.9914614, 35.1103439], [-89.9912465, 35.1102115], [-89.9910917, 35.110111], [-89.9907267, 35.1098739], [-89.9901552, 35.1095027], [-89.9899403, 35.1093673], [-89.9897272, 35.1092428], [-89.9896554, 35.1092081]], [[-89.9915356, 35.1103896], [-89.9914614, 35.1103439]], [[-89.9915739, 35.1104132], [-89.9915356, 35.1103896]], [[-89.9917754, 35.1105374], [-89.9917245, 35.110506], [-89.9915739, 35.1104132]], [[-89.9920511, 35.1107194], [-89.9917754, 35.1105374]], [[-89.994329, 35.1122063], [-89.9933036, 35.1115469], [-89.992131, 35.1107722], [-89.9920511, 35.1107194]], [[-89.9991255, 35.1153819], [-89.9990452, 35.1153288], [-89.9982802, 35.1148223], [-89.9976213, 35.1143861], [-89.9966165, 35.1137209], [-89.9962802, 35.1135135], [-89.9959905, 35.1133229], [-89.995543, 35.1130287], [-89.9949631, 35.1126429], [-89.9948616, 35.112573], [-89.994329, 35.1122063]], [[-89.9995005, 35.1156409], [-89.9991255, 35.1153819]], [[-89.9996868, 35.1157598], [-89.9995005, 35.1156409]], [[-90.0002192, 35.1160996], [-89.9996868, 35.1157598]], [[-90.0002556, 35.1161228], [-90.0002192, 35.1160996]], [[-90.00074, 35.1164319], [-90.0002556, 35.1161228]], [[-90.0008436, 35.1164981], [-90.00074, 35.1164319]], [[-90.0014048, 35.1168562], [-90.0013068, 35.1167937], [-90.0008436, 35.1164981]], [[-90.0018531, 35.1171141], [-90.0015749, 35.116959], [-90.0015027, 35.1169187], [-90.0014048, 35.1168562]], [[-90.0015447, 35.1220296], [-90.0015734, 35.1215597], [-90.0015867, 35.1212284], [-90.0015985, 35.1210789], [-90.0016259, 35.1205082], [-90.001653, 35.1199452], [-90.0016801, 35.1194536], [-90.0016885, 35.119301], [-90.0017061, 35.1189889], [-90.0017455, 35.1184966], [-90.0017845, 35.11801], [-90.0018148, 35.1176142], [-90.0018422, 35.1172568], [-90.0018531, 35.1171141]], [[-90.0014609, 35.1238895], [-90.0014707, 35.123517], [-90.0014834, 35.1230352], [-90.0015121, 35.1225508], [-90.0015421, 35.1220453], [-90.0015447, 35.1220296]], [[-90.0014545, 35.1241343], [-90.0014609, 35.1238895]], [[-90.0014079, 35.1249947], [-90.0014349, 35.1248777], [-90.0014454, 35.1244786], [-90.0014545, 35.1241343]], [[-90.0013854, 35.1257931], [-90.0014065, 35.1250454], [-90.0014079, 35.1249947]], [[-90.0013735, 35.1262169], [-90.0013854, 35.1257931]], [[-90.0001047, 35.1350697], [-90.0002023, 35.134433], [-90.0002234, 35.13431], [-90.000229, 35.1342745], [-90.0002597, 35.1340772], [-90.000269, 35.1339945], [-90.000279, 35.1339322], [-90.0003188, 35.133707], [-90.0003246, 35.1336594], [-90.0003513, 35.1334593], [-90.0004206, 35.133004], [-90.000509, 35.1324386]], [[-90.000509, 35.1324386], [-90.0005625, 35.1319959]], [[-90.0005625, 35.1319959], [-90.0006252, 35.1315354]], [[-90.0006252, 35.1315354], [-90.0006895, 35.1310639], [-90.0008095, 35.1302369], [-90.0009525, 35.1293139], [-90.0010136, 35.128858], [-90.0011005, 35.1282099], [-90.0011443, 35.1278904], [-90.0011742, 35.127672], [-90.0012166, 35.1273624], [-90.0012348, 35.1272296], [-90.001316, 35.1266366]], [[-90.001316, 35.1266366], [-90.0013735, 35.1262169]], [[-90.0000884, 35.135183], [-89.9999456, 35.1351688]], [[-90.000963, 35.1352718], [-90.0009089, 35.1352664], [-90.000539, 35.1352281], [-90.0002178, 35.1351948], [-90.0000884, 35.135183]], [[-90.0040407, 35.1356114], [-90.0038235, 35.1355869], [-90.0029434, 35.1354878], [-90.002669, 35.1354569], [-90.00239, 35.1354255], [-90.0022986, 35.1354152], [-90.0017026, 35.1353481], [-90.0014875, 35.1353239], [-90.0012778, 35.1353031], [-90.0011256, 35.1352879], [-90.000963, 35.1352718]], [[-90.0052947, 35.1357472], [-90.0049495, 35.1357095], [-90.0048572, 35.1356995], [-90.0047166, 35.1356843], [-90.0045746, 35.135669], [-90.0044174, 35.135652], [-90.0041274, 35.1356207], [-90.0040407, 35.1356114]], [[-90.0062165, 35.1358309], [-90.00589, 35.1357993], [-90.0055021, 35.1357658], [-90.0052947, 35.1357472]], [[-90.0062165, 35.1358309], [-90.0065941, 35.1358649], [-90.0068708, 35.1358898], [-90.0073801, 35.1359361], [-90.008201, 35.1360108], [-90.0084039, 35.1360316], [-90.0084356, 35.1360348], [-90.0086381, 35.1360563], [-90.0090048, 35.1360951], [-90.0090877, 35.1361028], [-90.0094318, 35.1361307], [-90.0096823, 35.1361509], [-90.0098498, 35.1361644], [-90.0099531, 35.1361727], [-90.0100304, 35.1361801], [-90.0104734, 35.1362226], [-90.0107414, 35.1362481], [-90.0110935, 35.1362815], [-90.0113367, 35.1363046], [-90.0115358, 35.1363235], [-90.011833, 35.1363518]], [[-90.011833, 35.1363518], [-90.0119629, 35.1363641]], [[-90.0119629, 35.1363641], [-90.012302, 35.1363994]], [[-90.012302, 35.1363994], [-90.0127043, 35.1364368]], [[-90.0127043, 35.1364368], [-90.0128666, 35.136449], [-90.0130466, 35.1364686], [-90.0133444, 35.1365011], [-90.0134225, 35.1365089], [-90.0140685, 35.1365799], [-90.0143181, 35.1366084], [-90.0145675, 35.1366369], [-90.0147771, 35.1366557], [-90.0149445, 35.1366708], [-90.015033, 35.1366787]], [[-90.015033, 35.1366787], [-90.0150906, 35.1366838], [-90.0152715, 35.1366999], [-90.0153011, 35.1367037], [-90.0155122, 35.1367253], [-90.0156721, 35.1367416], [-90.0158323, 35.1367578], [-90.0159229, 35.1367669], [-90.01602, 35.1367769]], [[-90.01602, 35.1367769], [-90.0163589, 35.1368225], [-90.0165342, 35.1368418], [-90.0166786, 35.1368546]], [[-90.0166786, 35.1368546], [-90.0168193, 35.1368691], [-90.0169792, 35.1368917], [-90.0174013, 35.1369344]], [[-90.0174013, 35.1369344], [-90.017556, 35.1369486], [-90.017713, 35.1369633], [-90.0178695, 35.1369801], [-90.0178853, 35.1369811], [-90.0180456, 35.1369981], [-90.018536, 35.1370484], [-90.0187055, 35.1370626], [-90.0189243, 35.1370844], [-90.0195715, 35.1371511], [-90.0199168, 35.1371874], [-90.0199952, 35.1371937]], [[-90.0199952, 35.1371937], [-90.0205494, 35.1372474], [-90.0206959, 35.1372636]], [[-90.0206959, 35.1372636], [-90.0209592, 35.1372921]], [[-90.0209592, 35.1372921], [-90.0211497, 35.137313]], [[-90.0211497, 35.137313], [-90.0213075, 35.1373274], [-90.021515, 35.1373462], [-90.0218542, 35.1373771]], [[-90.0218542, 35.1373771], [-90.0219531, 35.1373847]], [[-90.0219531, 35.1373847], [-90.0225696, 35.1374521], [-90.0228062, 35.1374737], [-90.0230724, 35.1374982]], [[-90.0230724, 35.1374982], [-90.0231804, 35.1375064]], [[-90.0231804, 35.1375064], [-90.0235009, 35.1375347]], [[-90.0245236, 35.1376366], [-90.0241886, 35.1376032], [-90.0236713, 35.1375516], [-90.0235009, 35.1375347]], [[-90.0247219, 35.1376574], [-90.0245236, 35.1376366]], [[-90.0253885, 35.1377128], [-90.0247219, 35.1376574]], [[-90.0261541, 35.1377907], [-90.0255827, 35.1377338], [-90.0253885, 35.1377128]], [[-90.0266936, 35.1378436], [-90.0261541, 35.1377907]], [[-90.0271191, 35.1378857], [-90.0266936, 35.1378436]], [[-90.0272772, 35.1379037], [-90.0271191, 35.1378857]], [[-90.027358, 35.1379172], [-90.0272772, 35.1379037]], [[-90.0276721, 35.1379462], [-90.027358, 35.1379172]], [[-90.0281692, 35.1379926], [-90.0280402, 35.1379802], [-90.0278805, 35.1379655], [-90.0276721, 35.1379462]], [[-90.0287265, 35.1380486], [-90.028338, 35.1380086], [-90.0281692, 35.1379926]], [[-90.0298352, 35.1381544], [-90.0295282, 35.1381245], [-90.0289846, 35.1380751], [-90.0287265, 35.1380486]], [[-90.0308912, 35.1382629], [-90.0307782, 35.1382495], [-90.0298352, 35.1381544]], [[-90.0314472, 35.1383258], [-90.0310417, 35.1382809], [-90.0308912, 35.1382629]], [[-90.0331631, 35.1385162], [-90.031771, 35.1383616], [-90.0314472, 35.1383258]], [[-90.0360455, 35.1387672], [-90.0359847, 35.138762], [-90.0358966, 35.1387544], [-90.0358293, 35.1387503], [-90.0357614, 35.1387462], [-90.0348322, 35.138666], [-90.0340413, 35.1386008], [-90.0339211, 35.1385909], [-90.0337522, 35.1385753], [-90.0332431, 35.1385233], [-90.0331631, 35.1385162]], [[-90.0364474, 35.1387992], [-90.0363496, 35.1387851], [-90.0360455, 35.1387672]], [[-90.0373112, 35.1389128], [-90.0370985, 35.1388848], [-90.0369571, 35.1388663], [-90.0364474, 35.1387992]], [[-90.0376178, 35.1389583], [-90.0375261, 35.1389405], [-90.0373112, 35.1389128]], [[-90.0378779, 35.1390254], [-90.0377176, 35.1389807], [-90.0376178, 35.1389583]], [[-90.038433, 35.1391861], [-90.0384015, 35.139178], [-90.0382794, 35.1391465], [-90.0381507, 35.1391077], [-90.0378779, 35.1390254]], [[-90.0423801, 35.1402201], [-90.0419016, 35.1400996], [-90.0413801, 35.1399663], [-90.0413264, 35.1399517], [-90.0405533, 35.1397523], [-90.0401819, 35.139653], [-90.0399167, 35.1395819], [-90.0398668, 35.1395685], [-90.0395875, 35.1394937], [-90.0393204, 35.1394225], [-90.038433, 35.1391861]], [[-90.0427463, 35.140309], [-90.0423801, 35.1402201]], [[-90.042823, 35.1403283], [-90.0427463, 35.140309]], [[-90.0432308, 35.1404384], [-90.0428908, 35.140347], [-90.042823, 35.1403283]], [[-90.0452844, 35.1409856], [-90.0452565, 35.1409792], [-90.0452034, 35.1409669], [-90.0449035, 35.1408884], [-90.0446541, 35.1408201], [-90.0445983, 35.1408048], [-90.044299, 35.1407229], [-90.0442215, 35.1407017], [-90.0439892, 35.1406381], [-90.0438178, 35.1405912], [-90.0435332, 35.1405133], [-90.0432308, 35.1404384]], [[-90.0453323, 35.140999], [-90.0452844, 35.1409856]], [[-90.0454626, 35.141036], [-90.0453323, 35.140999]], [[-90.045577, 35.1410687], [-90.0454626, 35.141036]], [[-90.0456388, 35.1410844], [-90.045577, 35.1410687]], [[-90.0486904, 35.1419049], [-90.0481865, 35.1417694], [-90.0466031, 35.1413431], [-90.0464605, 35.1413045], [-90.0463406, 35.14127], [-90.0460703, 35.1412013], [-90.0457027, 35.1411017], [-90.0456718, 35.1410933], [-90.0456388, 35.1410844]], [[-90.0490616, 35.1419994], [-90.0489521, 35.1419715], [-90.0486904, 35.1419049]], [[-90.0511041, 35.1425444], [-90.0510164, 35.1425213], [-90.0506297, 35.1424195], [-90.0497939, 35.1421993], [-90.0494494, 35.1421038], [-90.0490616, 35.1419994]], [[-90.0511041, 35.1425444], [-90.0510645, 35.1426415], [-90.0509021, 35.14304], [-90.0508414, 35.1431889], [-90.0507291, 35.1434642], [-90.0507017, 35.1435314]], [[-90.0507017, 35.1435314], [-90.0505934, 35.1437984], [-90.0505003, 35.1440278], [-90.050495, 35.144041], [-90.0503279, 35.1444527], [-90.0502995, 35.1445227], [-90.050293, 35.1445388]], [[-90.050293, 35.1445388], [-90.0502866, 35.1445549], [-90.0502797, 35.1445722], [-90.0502661, 35.1446065], [-90.0501007, 35.1450227], [-90.0499697, 35.1453523], [-90.0499301, 35.1454521], [-90.0499044, 35.1455167], [-90.0498746, 35.1455916], [-90.0497067, 35.1460142], [-90.0495366, 35.1464423], [-90.0495064, 35.1465178]], [[-90.0495064, 35.1465178], [-90.0494722, 35.1466071], [-90.0493232, 35.1469942], [-90.0492748, 35.1471199]], [[-90.0492748, 35.1471199], [-90.0491519, 35.1474393], [-90.04912, 35.1475222]], [[-90.04912, 35.1475222], [-90.0491115, 35.1475433], [-90.0490927, 35.1475899], [-90.0488745, 35.148131]], [[-90.0488745, 35.148131], [-90.048751, 35.1484375], [-90.0487214, 35.1485178]], [[-90.0487214, 35.1485178], [-90.0486863, 35.148598], [-90.0485317, 35.1489846], [-90.0483621, 35.1494021], [-90.0483214, 35.1495031]], [[-90.0483214, 35.1495031], [-90.0482886, 35.149583], [-90.0481179, 35.1499988], [-90.0480525, 35.1501581]], [[-90.0480525, 35.1501581], [-90.0479919, 35.1503154], [-90.04797, 35.1503723], [-90.0479462, 35.1504341], [-90.0479251, 35.150489]], [[-90.0479251, 35.150489], [-90.047909, 35.1505298], [-90.047889, 35.1505804], [-90.04772, 35.1509979], [-90.0475233, 35.1514861]], [[-90.0475233, 35.1514861], [-90.0473716, 35.1518485]], [[-90.0473716, 35.1518485], [-90.0470953, 35.1525325]], [[-90.0470953, 35.1525325], [-90.0468977, 35.1530254], [-90.0468882, 35.1530491]], [[-90.0468882, 35.1530491], [-90.0467245, 35.1534519]], [[-90.0467245, 35.1534519], [-90.0465377, 35.1539355], [-90.0465219, 35.1539765], [-90.0465083, 35.1540116], [-90.0464724, 35.1541045]], [[-90.0464724, 35.1541045], [-90.0463765, 35.1543902], [-90.0463426, 35.1544753]], [[-90.0463426, 35.1544753], [-90.0463105, 35.1545541], [-90.0461788, 35.1548652], [-90.0459641, 35.1553725]], [[-90.0459641, 35.1553725], [-90.0459199, 35.1554761]], [[-90.0459199, 35.1554761], [-90.0458314, 35.155689], [-90.0457622, 35.1558757]], [[-90.0457622, 35.1558757], [-90.0457048, 35.1560212], [-90.045695, 35.1560451], [-90.0456723, 35.1561035]], [[-90.0456723, 35.1561035], [-90.0455208, 35.1564874]], [[-90.0455208, 35.1564874], [-90.0460158, 35.1566119]], [[-90.0460158, 35.1566119], [-90.0461707, 35.1566519], [-90.0464317, 35.1567175]], [[-90.0464317, 35.1567175], [-90.046761, 35.1568003]], [[-90.046761, 35.1568003], [-90.0471861, 35.1569129]], [[-90.0471861, 35.1569129], [-90.0476335, 35.1570314]], [[-90.0476335, 35.1570314], [-90.0477302, 35.1567725]], [[-90.0477302, 35.1567725], [-90.0478889, 35.1563476]], [[-90.0478889, 35.1563476], [-90.048007, 35.1560316]], [[-90.048007, 35.1560316], [-90.0477783, 35.1559682], [-90.0476377, 35.1559293], [-90.0475901, 35.1559161], [-90.0471756, 35.155804]], [[-90.0471756, 35.155804], [-90.0473781, 35.1553037]], [[-90.0473781, 35.1553037], [-90.0474333, 35.1551535]], [[-90.0474333, 35.1551535], [-90.0475725, 35.1548106]], [[-90.0475725, 35.1548106], [-90.047603, 35.1547346], [-90.0477249, 35.1544302], [-90.0478158, 35.1542148]], [[-90.0478158, 35.1542148], [-90.0479628, 35.1538928], [-90.0479962, 35.1538198]], [[-90.0479962, 35.1538198], [-90.0480489, 35.1537022], [-90.0482181, 35.153325], [-90.048393, 35.1528522], [-90.0484528, 35.1527133], [-90.0484585, 35.152581]], [[-90.0484585, 35.152581], [-90.0486034, 35.1522293]], [[-90.0486034, 35.1522293], [-90.0486221, 35.152182], [-90.048629, 35.1521644], [-90.0487672, 35.151814]], [[-90.0487672, 35.151814], [-90.0488165, 35.1516874], [-90.0489443, 35.1513587]], [[-90.0489443, 35.1513587], [-90.0489997, 35.1512213], [-90.0490821, 35.1510166], [-90.0491174, 35.1509261], [-90.0491384, 35.1508721]], [[-90.0491384, 35.1508721], [-90.0491669, 35.1508062], [-90.0491863, 35.1507613], [-90.049289, 35.1505129], [-90.0493549, 35.1503536], [-90.0495286, 35.1499335], [-90.0495658, 35.1498437]], [[-90.0495658, 35.1498437], [-90.0496071, 35.1497369], [-90.049768, 35.1493208], [-90.0497912, 35.1492607], [-90.0498033, 35.1492294]], [[-90.0498033, 35.1492294], [-90.0499355, 35.1489263], [-90.0499671, 35.1488472]], [[-90.0499671, 35.1488472], [-90.0499978, 35.148776], [-90.0502068, 35.1482308]], [[-90.0502068, 35.1482308], [-90.0503267, 35.1479285], [-90.0503457, 35.1478806], [-90.0503576, 35.1478506]], [[-90.0503576, 35.1478506], [-90.0503873, 35.1477641], [-90.0505277, 35.1473557], [-90.0505783, 35.1472384]], [[-90.0505783, 35.1472384], [-90.0506933, 35.1469273], [-90.0507226, 35.1468537]], [[-90.0507226, 35.1468537], [-90.0507572, 35.1467669]], [[-90.0507572, 35.1467669], [-90.0509766, 35.1462751], [-90.0511606, 35.1458612], [-90.0511793, 35.1458086], [-90.0513178, 35.1454346], [-90.0513465, 35.1453625], [-90.0515185, 35.144948], [-90.0515449, 35.1448872], [-90.0515493, 35.1448771]], [[-90.0515493, 35.1448771], [-90.0515552, 35.1448658], [-90.0515748, 35.1448032], [-90.0517216, 35.144433], [-90.0517457, 35.1443722], [-90.051797, 35.1442476]], [[-90.051797, 35.1442476], [-90.0519236, 35.1439478], [-90.0519549, 35.1438738]], [[-90.0519549, 35.1438738], [-90.0519835, 35.1437972], [-90.0521426, 35.1433715], [-90.052311, 35.1429608], [-90.0523423, 35.1428845]], [[-90.0523423, 35.1428845], [-90.0522632, 35.1428628], [-90.0518828, 35.1427585]], [[-90.0518828, 35.1427585], [-90.0517161, 35.1427144], [-90.0514964, 35.1426515]], [[-90.0514964, 35.1426515], [-90.05121, 35.1425733], [-90.0511041, 35.1425444]]]}}, {"type": "Feature", "properties": {"osm_id": 8830898, "ref": "46", "name": "MATA 46 Whitehaven"}, "geometry": {"type": "MultiLineString", "coordinates": [[[-90.0132246, 34.9963005], [-90.01327, 34.9963187], [-90.0133202, 34.9963239], [-90.0133698, 34.9963154], [-90.0134039, 34.9962987], [-90.0134133, 34.9962941], [-90.0134461, 34.9962624], [-90.0134644, 34.9962238], [-90.0134664, 34.9961823], [-90.0134519, 34.9961425], [-90.0134224, 34.9961088], [-90.0133811, 34.9960848], [-90.0133325, 34.9960731], [-90.0132818, 34.9960749], [-90.0132348, 34.9960901], [-90.0132238, 34.9960978], [-90.0131964, 34.9961169], [-90.0131706, 34.9961525], [-90.0131603, 34.9961931], [-90.0131667, 34.9962341], [-90.0131889, 34.9962713], [-90.0132246, 34.9963005]], [[-90.0127775, 34.9972694], [-90.0128399, 34.9971687], [-90.0128597, 34.9971228], [-90.0128803, 34.9968888], [-90.012897, 34.9968192], [-90.0129097, 34.9967997], [-90.013183, 34.9965437], [-90.0132155, 34.9965106], [-90.0132351, 34.9964633], [-90.01327, 34.9963187]], [[-90.0127775, 34.9972694], [-90.0124966, 34.9974225], [-90.0124623, 34.9974361], [-90.0123314, 34.9974882], [-90.0121625, 34.9975353], [-90.0120533, 34.9975599], [-90.011944, 34.9975751], [-90.0118215, 34.9975857], [-90.011699, 34.9975838], [-90.0116035, 34.9975763], [-90.0115118, 34.9975625], [-90.0111729, 34.9975008], [-90.0109827, 34.9974743], [-90.010785, 34.9974571], [-90.0105632, 34.9974488], [-90.0103452, 34.9974497], [-90.0099756, 34.997461], [-90.0099133, 34.9974641], [-90.0095284, 34.9974836]], [[-90.0095284, 34.9974836], [-90.0095811, 34.9974974], [-90.0096395, 34.9975112], [-90.009696, 34.997521], [-90.0097583, 34.9975294], [-90.0099252, 34.9975485], [-90.0099995, 34.9975564], [-90.0103379, 34.9976168], [-90.0111608, 34.9977888], [-90.0113601, 34.997827], [-90.011472, 34.9978407], [-90.0115878, 34.9978451], [-90.0117079, 34.9978434], [-90.0118281, 34.9978323], [-90.0119368, 34.9978104], [-90.0120418, 34.9977854], [-90.0121751, 34.9977388], [-90.0123045, 34.9976767], [-90.0124245, 34.9976061], [-90.0125407, 34.9975292], [-90.0125619, 34.9975093], [-90.0126705, 34.9974071], [-90.0127775, 34.9972694]], [[-90.0081943, 34.9974951], [-90.0087233, 34.9974965], [-90.0095284, 34.9974836]], [[-90.0077849, 35.0005893], [-90.0078364, 35.0004609], [-90.0078995, 35.0003246], [-90.0079625, 35.0001883], [-90.0080052, 35.0000957], [-90.008027, 35.0000444], [-90.008085, 34.9998523], [-90.0081891, 34.9995566], [-90.0082212, 34.9993408], [-90.0082169, 34.9985449], [-90.0082034, 34.9979184], [-90.0081943, 34.9974951]], [[-90.0077849, 35.0005893], [-90.0079374, 35.0005996], [-90.0080271, 35.000602], [-90.0081297, 35.0006025], [-90.0086625, 35.0006054], [-90.0090343, 35.0006077], [-90.0092452, 35.0006056], [-90.00962, 35.000602], [-90.0097072, 35.0006007], [-90.0100941, 35.0005951], [-90.0103352, 35.0005947], [-90.0107943, 35.0005879], [-90.0111204, 35.0005878], [-90.0113068, 35.0005903], [-90.0114921, 35.0005977], [-90.0116125, 35.0006111], [-90.0118474, 35.0006478], [-90.0120091, 35.0006726], [-90.0121788, 35.0006881], [-90.0123249, 35.0006954], [-90.0125871, 35.0006957], [-90.0146448, 35.0006867], [-90.0148715, 35.0006854], [-90.0148822, 35.0006853], [-90.0152275, 35.0006818], [-90.0152349, 35.0006817], [-90.0154223, 35.0006815], [-90.0156703, 35.0006765], [-90.0159286, 35.000675], [-90.0160084, 35.0006749], [-90.0162189, 35.0006747], [-90.016341, 35.0006745], [-90.0164691, 35.0006743], [-90.0166999, 35.000674], [-90.0168191, 35.0006738], [-90.016844, 35.0006738], [-90.0170492, 35.0006735], [-90.0170566, 35.0006735], [-90.0171579, 35.0006734], [-90.0172765, 35.0006732], [-90.0175133, 35.0006729], [-90.0178224, 35.0006724], [-90.0180739, 35.0006721], [-90.0183957, 35.0006738], [-90.0185184, 35.0006745], [-90.0187464, 35.0006739], [-90.0187793, 35.0006739], [-90.0188705, 35.0006737], [-90.0189871, 35.0006734], [-90.0190951, 35.0006732], [-90.0192262, 35.0006729], [-90.0194489, 35.0006724], [-90.0196704, 35.0006719], [-90.0199098, 35.0006714], [-90.0199441, 35.0006713], [-90.0201492, 35.0006708], [-90.0202384, 35.0006706], [-90.0203458, 35.0006704], [-90.0203557, 35.0006703], [-90.0203799, 35.00067], [-90.0204955, 35.0006687], [-90.0205758, 35.0006655], [-90.0206318, 35.0006633], [-90.0207239, 35.000658], [-90.0207634, 35.0006557], [-90.0209592, 35.0006415], [-90.0209848, 35.0006392], [-90.0214023, 35.0006014], [-90.0216674, 35.0005714], [-90.0216914, 35.00057], [-90.0218485, 35.0005611], [-90.0219403, 35.0005543], [-90.0220397, 35.0005505], [-90.0221207, 35.0005489], [-90.0222271, 35.0005467], [-90.0230249, 35.0005364], [-90.0243814, 35.0005346], [-90.0245741, 35.0005344], [-90.0253469, 35.0005334]], [[-90.0253469, 35.0005334], [-90.0253444, 35.0007534], [-90.0253378, 35.0013419], [-90.0253351, 35.0015866], [-90.025332, 35.0018577], [-90.0253297, 35.0022761], [-90.0253291, 35.0024044], [-90.0253307, 35.0027837], [-90.0253311, 35.0032209], [-90.0253312, 35.0033824], [-90.0253314, 35.0036094], [-90.0253316, 35.0038078], [-90.0253321, 35.0043541], [-90.0253216, 35.0053185], [-90.0253204, 35.0055265], [-90.0253119, 35.0063829]], [[-90.0077013, 35.0032917], [-90.0076623, 35.0010825], [-90.0076778, 35.0009887], [-90.0077084, 35.0008286], [-90.0077849, 35.0005893]], [[-90.0076706, 35.0064533], [-90.0076897, 35.005411], [-90.0077013, 35.0032917]], [[-90.0076706, 35.0064533], [-90.0079585, 35.0064495], [-90.0079788, 35.0064501], [-90.0082616, 35.0064456]], [[-90.0082616, 35.0064456], [-90.0090189, 35.0064357], [-90.0090721, 35.0064359], [-90.0098937, 35.0064382], [-90.0099033, 35.0064382], [-90.0103107, 35.0064327], [-90.0107622, 35.0064317], [-90.010814, 35.0064316], [-90.0114775, 35.0064325], [-90.0117129, 35.0064321], [-90.011723, 35.006432], [-90.0119174, 35.0064317], [-90.0121427, 35.0064312], [-90.0121783, 35.0064312], [-90.0123607, 35.0064308], [-90.0125313, 35.0064305], [-90.0125883, 35.0064304], [-90.0127978, 35.0064299], [-90.0129134, 35.0064296], [-90.0130569, 35.0064292], [-90.0132185, 35.0064286], [-90.0133208, 35.0064282], [-90.0134115, 35.0064278], [-90.0135964, 35.0064273], [-90.0137657, 35.0064268], [-90.0138492, 35.0064265], [-90.0138743, 35.0064264], [-90.0141208, 35.0064257], [-90.0141268, 35.0064256], [-90.0143921, 35.0064248], [-90.014653, 35.006424], [-90.0149225, 35.0064232], [-90.0151951, 35.0064224], [-90.0154757, 35.0064215], [-90.0156785, 35.0064208], [-90.015937, 35.00642], [-90.0160567, 35.0064196], [-90.0168773, 35.0064169], [-90.0171252, 35.0064157], [-90.0172936, 35.0064149], [-90.0173807, 35.0064145], [-90.0175893, 35.0064135], [-90.0193181, 35.0064054], [-90.0212527, 35.0064046], [-90.0221592, 35.0063948], [-90.0225212, 35.0063934], [-90.024033, 35.0063877], [-90.0243444, 35.0063865], [-90.0247621, 35.0063849]], [[-90.0247621, 35.0063849], [-90.0249979, 35.0063861], [-90.0253119, 35.0063829]], [[-90.0253119, 35.0063829], [-90.0253033, 35.0069552], [-90.0252886, 35.0079377], [-90.0252564, 35.009576], [-90.0252404, 35.0103907], [-90.0252348, 35.0108433], [-90.0252264, 35.0115155], [-90.0252147, 35.0124596], [-90.0252013, 35.0129376], [-90.0252102, 35.0137278], [-90.0252169, 35.0138292], [-90.0252055, 35.0145772], [-90.02524, 35.0155603], [-90.0252408, 35.016609]], [[-90.0252408, 35.016609], [-90.025244, 35.0170857], [-90.0252443, 35.0171173], [-90.0252451, 35.0172174], [-90.0252442, 35.0173328], [-90.0252404, 35.0177758]], [[-90.0252404, 35.0177758], [-90.025223, 35.0187008], [-90.0252213, 35.0188152], [-90.0252191, 35.0193918], [-90.0252194, 35.0194793], [-90.0252174, 35.0197398], [-90.0252174, 35.0198648], [-90.0252156, 35.0199216], [-90.0252161, 35.0201842]], [[-90.0252161, 35.0201842], [-90.0252149, 35.0202985]], [[-90.0252149, 35.0202985], [-90.0252138, 35.0203652]], [[-90.0252138, 35.0203652], [-90.0252144, 35.0204776], [-90.0252142, 35.0205071]], [[-90.0252142, 35.0205071], [-90.025214, 35.0206555], [-90.0252139, 35.0207636], [-90.0252138, 35.0208019], [-90.0252132, 35.0209512]], [[-90.0252132, 35.0209512], [-90.0252131, 35.0211262], [-90.0252131, 35.0211608], [-90.025213, 35.0213488], [-90.0252129, 35.021444]], [[-90.0252129, 35.021444], [-90.0252128, 35.0216372], [-90.0252128, 35.0216934], [-90.0252125, 35.0220959]], [[-90.0252125, 35.0220959], [-90.0252119, 35.0223428], [-90.0252076, 35.0227943], [-90.0252073, 35.0228235], [-90.0252031, 35.0232522], [-90.0252024, 35.0234385], [-90.0252013, 35.0237008], [-90.0252011, 35.0237535], [-90.0252005, 35.023903], [-90.0251998, 35.0240664], [-90.0251967, 35.0242458], [-90.0251983, 35.0244372], [-90.0251981, 35.0245018], [-90.0251975, 35.0246453], [-90.0251972, 35.0247133], [-90.0251965, 35.0248734], [-90.025195, 35.0252012], [-90.0251933, 35.0255597], [-90.0251925, 35.0257413], [-90.025192, 35.0258398], [-90.0251913, 35.0259921], [-90.0251903, 35.0262166], [-90.0251898, 35.026333], [-90.0251888, 35.0265553], [-90.0251885, 35.0266336], [-90.0251882, 35.0266915], [-90.0251871, 35.0269201], [-90.0251864, 35.0270804], [-90.025186, 35.0272146], [-90.0251855, 35.0273859], [-90.0251848, 35.027599], [-90.025184, 35.0278504], [-90.0251833, 35.0280535], [-90.0251827, 35.0282586], [-90.0251823, 35.0284051], [-90.0251821, 35.0284762], [-90.0251816, 35.0286152], [-90.025181, 35.0288105], [-90.0251805, 35.0289627], [-90.0251803, 35.0290336], [-90.0251801, 35.0291079], [-90.0251795, 35.0293098], [-90.0251773, 35.029594], [-90.0251763, 35.0296132], [-90.0251763, 35.0297238]], [[-90.0251763, 35.0297238], [-90.0251761, 35.029823], [-90.025176, 35.0298501], [-90.0251758, 35.029945], [-90.0251757, 35.0300075], [-90.0251755, 35.0301386], [-90.0251754, 35.0302331], [-90.0251752, 35.0303428]], [[-90.0251752, 35.0303428], [-90.0251749, 35.0305082], [-90.0251745, 35.030696], [-90.025174, 35.0309819], [-90.0251738, 35.0310994], [-90.0251735, 35.0312799], [-90.0251734, 35.0313811], [-90.025172, 35.031444], [-90.0251714, 35.0314864], [-90.025173, 35.0316375], [-90.0251726, 35.0319058], [-90.0251724, 35.0320548], [-90.0251724, 35.0320805], [-90.0251722, 35.0321712], [-90.0251719, 35.0323906], [-90.0251714, 35.0327124], [-90.0251697, 35.0328115], [-90.0251668, 35.0329786], [-90.0251646, 35.0333849]], [[-90.0251646, 35.0333849], [-90.0251632, 35.0335196], [-90.0251613, 35.0337022], [-90.0251586, 35.0339664], [-90.0251561, 35.0344382], [-90.0251558, 35.0344906], [-90.0251556, 35.0345296]], [[-90.0251556, 35.0345296], [-90.0251541, 35.0347922], [-90.0251521, 35.0348641], [-90.0251534, 35.0349285]], [[-90.0251534, 35.0349285], [-90.0251511, 35.0353487], [-90.0251509, 35.035383], [-90.0251502, 35.0355138]], [[-90.0251502, 35.0355138], [-90.0251496, 35.0356407], [-90.0251465, 35.0358782], [-90.0251472, 35.0361779], [-90.0251471, 35.036189]], [[-90.0251471, 35.036189], [-90.0251556, 35.0368615], [-90.0251594, 35.0371607], [-90.0251661, 35.0376922], [-90.0251672, 35.0377798], [-90.0251619, 35.0382867], [-90.0251585, 35.0385076], [-90.0251516, 35.0389626], [-90.0251468, 35.0392777], [-90.0251434, 35.0394967], [-90.0251356, 35.0400094], [-90.0251349, 35.0400608], [-90.0251266, 35.0406458], [-90.0251241, 35.0409672], [-90.0251216, 35.0412954], [-90.0251188, 35.041661], [-90.025117, 35.0418896]], [[-90.025117, 35.0418896], [-90.0251159, 35.0421073], [-90.0251146, 35.0423384], [-90.0251136, 35.0425365], [-90.0251135, 35.0425901], [-90.0251128, 35.0428368], [-90.0251125, 35.0428577], [-90.0251097, 35.0430781], [-90.0251099, 35.0431925], [-90.0251103, 35.0434993], [-90.0251105, 35.0436743]], [[-90.0251105, 35.0436743], [-90.0251104, 35.0437065], [-90.0251102, 35.0438068]], [[-90.0251102, 35.0438068], [-90.0251095, 35.0440681], [-90.0251078, 35.0441045], [-90.0251062, 35.044242]], [[-90.0251062, 35.044242], [-90.025106, 35.0443493], [-90.0251059, 35.0443843], [-90.0251055, 35.044595], [-90.0251074, 35.0448115]], [[-90.0251074, 35.0448115], [-90.0251088, 35.0449616]], [[-90.0251088, 35.0449616], [-90.0250774, 35.045067], [-90.0250791, 35.0452297], [-90.0250757, 35.0462948], [-90.0250491, 35.0463285]], [[-90.0250491, 35.0463285], [-90.0250485, 35.0464351], [-90.0250584, 35.0468748], [-90.0251048, 35.0470095]], [[-90.0251048, 35.0470095], [-90.0251865, 35.0468862], [-90.0251813, 35.0465397], [-90.025183, 35.0464392], [-90.025183, 35.0463332], [-90.0251848, 35.0452934], [-90.025183, 35.0450798], [-90.0251088, 35.0449616]], [[-90.0251048, 35.0470095], [-90.025108, 35.0474812], [-90.0251088, 35.0475967], [-90.0251063, 35.0476302], [-90.0251019, 35.0477389], [-90.0251028, 35.0478862], [-90.0251017, 35.048198], [-90.0251008, 35.0484625]], [[-90.0251008, 35.0484625], [-90.0250999, 35.0485176], [-90.0250916, 35.0490094], [-90.0250903, 35.0490886]], [[-90.0250903, 35.0490886], [-90.0250878, 35.0491804], [-90.0250777, 35.04955], [-90.0250731, 35.0497341], [-90.0250732, 35.0499396], [-90.0250733, 35.0501807], [-90.0250734, 35.0504037], [-90.0250735, 35.0505781], [-90.0250736, 35.050734], [-90.0250737, 35.0508865], [-90.0250747, 35.0509066], [-90.0250954, 35.0513069], [-90.0250627, 35.052251], [-90.0250582, 35.0524693], [-90.0250551, 35.0526107], [-90.0250513, 35.0527831], [-90.0250497, 35.0529153], [-90.0250454, 35.053256]], [[-90.0250454, 35.053256], [-90.0250442, 35.0532804], [-90.0250355, 35.0534515], [-90.0250232, 35.053694], [-90.02502, 35.0537578]], [[-90.02502, 35.0537578], [-90.0250181, 35.0537989], [-90.0250149, 35.0538682], [-90.0250086, 35.0539736], [-90.025003, 35.0540682], [-90.0249944, 35.0542692]], [[-90.0249944, 35.0542692], [-90.0249816, 35.0544447], [-90.0249721, 35.054559], [-90.0249623, 35.0546776], [-90.0249574, 35.054718], [-90.0249512, 35.0547684], [-90.0249398, 35.0548989]], [[-90.0249398, 35.0548989], [-90.0249196, 35.0550595], [-90.0249017, 35.0552278], [-90.0249007, 35.0552362], [-90.0248685, 35.0555195], [-90.0248508, 35.0556745], [-90.0248456, 35.0557098], [-90.0247887, 35.0560952], [-90.0247553, 35.0563212]], [[-90.0247553, 35.0563212], [-90.0247004, 35.0566635], [-90.0246879, 35.0567415], [-90.0245946, 35.0572206], [-90.0245583, 35.0574071], [-90.0245312, 35.0575504], [-90.0245146, 35.0576216], [-90.0244949, 35.0577161]], [[-90.0244949, 35.0577161], [-90.0244341, 35.0580085], [-90.0244145, 35.0580892]], [[-90.0244145, 35.0580892], [-90.0243834, 35.0582171], [-90.0243782, 35.0582411], [-90.0243388, 35.058397], [-90.0243276, 35.0584414], [-90.0243191, 35.0584765], [-90.0242733, 35.0586438]], [[-90.0242733, 35.0586438], [-90.0241661, 35.0590931], [-90.0241351, 35.0592175], [-90.0241173, 35.0592888], [-90.0240593, 35.0595348], [-90.024046, 35.059591], [-90.0240395, 35.0596187], [-90.0240112, 35.0597388], [-90.0239701, 35.0599135], [-90.0239318, 35.0600759], [-90.0238947, 35.0602335], [-90.0238337, 35.0604923], [-90.0237276, 35.060971]], [[-90.0237276, 35.060971], [-90.0237234, 35.0609896], [-90.0236956, 35.0611112]], [[-90.0236956, 35.0611112], [-90.0236597, 35.0612688], [-90.0236063, 35.0615094], [-90.0235963, 35.0615533], [-90.023558, 35.0616971]], [[-90.023558, 35.0616971], [-90.023475, 35.0620396], [-90.0234267, 35.062235]], [[-90.0234267, 35.062235], [-90.0232985, 35.0627632]], [[-90.0232985, 35.0627632], [-90.0231777, 35.0628907], [-90.0229676, 35.0638467]], [[-90.0229676, 35.0638467], [-90.0228977, 35.0641354], [-90.0227855, 35.0645639]], [[-90.0227855, 35.0645639], [-90.0227198, 35.0648439], [-90.0227136, 35.0650263]], [[-90.0229028, 35.0645877], [-90.0231919, 35.0634347], [-90.0233177, 35.0629136], [-90.0232985, 35.0627632]], [[-90.0227136, 35.0650263], [-90.0228088, 35.0648757], [-90.0229028, 35.0645877]], [[-90.0227136, 35.0650263], [-90.0226811, 35.0651483]], [[-90.0226811, 35.0651483], [-90.0224561, 35.0660551]], [[-90.0224561, 35.0660551], [-90.022391, 35.0663192], [-90.0219577, 35.0680762], [-90.0218257, 35.0686151]], [[-90.0218257, 35.0686151], [-90.0217506, 35.0689212]], [[-90.0217506, 35.0689212], [-90.0213116, 35.0707193], [-90.0212366, 35.0710497]], [[-90.0210644, 35.0717576], [-90.0212366, 35.0710497]], [[-90.0208566, 35.0726791], [-90.0210644, 35.0717576]], [[-90.0207655, 35.0730558], [-90.0208047, 35.072886], [-90.0208566, 35.0726791]], [[-90.0196105, 35.0776786], [-90.0196588, 35.0775184], [-90.0197394, 35.0772507], [-90.019771, 35.0771452], [-90.0198459, 35.0768957], [-90.0198876, 35.0767585], [-90.0199131, 35.0766524], [-90.0200543, 35.0760662], [-90.0202086, 35.0754254], [-90.0202312, 35.0753315], [-90.0202833, 35.0751151], [-90.0203203, 35.0749615], [-90.0203807, 35.0746997], [-90.0204437, 35.0744493], [-90.0207655, 35.0730558]], [[-90.0195593, 35.0778488], [-90.0195952, 35.0777296], [-90.0196105, 35.0776786]], [[-90.0194875, 35.0780869], [-90.0195593, 35.0778488]], [[-90.0186096, 35.0829045], [-90.0186949, 35.0822265], [-90.0187399, 35.0817319], [-90.0187865, 35.0813121], [-90.0188045, 35.0811499], [-90.0190423, 35.0800838], [-90.0190949, 35.0798479], [-90.0193861, 35.0785416], [-90.0194875, 35.0780869]], [[-90.0185954, 35.0830189], [-90.0186096, 35.0829045]], [[-90.0185588, 35.0833079], [-90.0185866, 35.0830871], [-90.0185954, 35.0830189]], [[-90.0185293, 35.0837334], [-90.0185383, 35.0835584], [-90.0185415, 35.083519], [-90.0185588, 35.0833079]], [[-90.0185092, 35.0841205], [-90.0185128, 35.0840518], [-90.018524, 35.0838353], [-90.0185293, 35.0837334]], [[-90.0184971, 35.0843796], [-90.0185034, 35.0842394], [-90.018505, 35.0842027], [-90.0185092, 35.0841205]], [[-90.0184259, 35.0852588], [-90.0184971, 35.0843796]], [[-90.0184065, 35.0854989], [-90.0184259, 35.0852588]], [[-90.0183625, 35.0864769], [-90.0183655, 35.0861999], [-90.0183839, 35.0858855], [-90.0184065, 35.0854989]], [[-90.0183625, 35.086708], [-90.0183625, 35.0864769]], [[-90.0183425, 35.0872851], [-90.0183625, 35.0869769], [-90.0183625, 35.086939], [-90.0183625, 35.086708]], [[-90.0183265, 35.0875329], [-90.0183425, 35.0872851]], [[-90.0183096, 35.0879271], [-90.0183265, 35.0875329]], [[-90.018188, 35.0908033], [-90.0181915, 35.0906849], [-90.0182385, 35.0895881], [-90.018249, 35.0893426], [-90.0182556, 35.0891882], [-90.0182975, 35.0882091], [-90.0183096, 35.0879271]], [[-90.0181728, 35.0913174], [-90.018188, 35.0908033]], [[-90.0180524, 35.0948894], [-90.0180545, 35.0948359], [-90.0180725, 35.0941669], [-90.0180763, 35.0940837], [-90.0181081, 35.0933774], [-90.0181345, 35.0927929], [-90.0181695, 35.0913889], [-90.0181728, 35.0913174]], [[-90.0180358, 35.0953102], [-90.0180406, 35.0951897], [-90.0180439, 35.0951064], [-90.0180524, 35.0948894]], [[-90.0179845, 35.0968059], [-90.018001, 35.0962054], [-90.0180025, 35.0961519], [-90.0180072, 35.0959819], [-90.0180261, 35.0955562], [-90.0180285, 35.0954969], [-90.0180358, 35.0953102]], [[-90.0179655, 35.0973051], [-90.0179721, 35.097132], [-90.0179787, 35.0969589], [-90.0179845, 35.0968059]], [[-90.0180403, 35.0984767], [-90.0179932, 35.0979091], [-90.0179585, 35.0974899], [-90.0179655, 35.0973051]], [[-90.0181031, 35.0987238], [-90.0180403, 35.0984767]], [[-90.018677, 35.1003698], [-90.0186053, 35.1002082], [-90.0184085, 35.0997649], [-90.0182735, 35.0993739], [-90.0181031, 35.0987238]], [[-90.0188445, 35.1007169], [-90.0187405, 35.1005129], [-90.018677, 35.1003698]], [[-90.0190585, 35.1011803], [-90.0188445, 35.1007169]], [[-90.0210384, 35.1063845], [-90.020895, 35.1057967], [-90.0207687, 35.1052714], [-90.0206495, 35.1047759], [-90.0204818, 35.1043305], [-90.0204634, 35.104283], [-90.0204147, 35.1041554], [-90.0203596, 35.1040111], [-90.0203365, 35.1039469], [-90.0193953, 35.1019094], [-90.0192415, 35.1015765], [-90.0190585, 35.1011803]], [[-90.0211555, 35.1068799], [-90.0210384, 35.1063845]], [[-90.0212458, 35.1072873], [-90.0212022, 35.1070904], [-90.0211555, 35.1068799]], [[-90.0216031, 35.1090682], [-90.0215892, 35.1089995], [-90.0215626, 35.108868], [-90.0214975, 35.1085459], [-90.0214872, 35.1084909], [-90.0214264, 35.1081666], [-90.0213475, 35.1077459], [-90.0212458, 35.1072873]], [[-90.0216884, 35.1094901], [-90.0216602, 35.1093506], [-90.0216236, 35.1091697], [-90.0216219, 35.1091612], [-90.0216031, 35.1090682]], [[-90.0217262, 35.109672], [-90.0216884, 35.1094901]], [[-90.0217556, 35.1101419], [-90.0217593, 35.1099174], [-90.0217595, 35.1098683], [-90.0217534, 35.1098266], [-90.0217473, 35.1097848], [-90.0217262, 35.109672]], [[-90.0216215, 35.1153119], [-90.0216273, 35.1151356], [-90.0216338, 35.1149383], [-90.0216386, 35.1147921], [-90.0216433, 35.1146491], [-90.0216452, 35.1145921], [-90.021648, 35.1145071], [-90.0216529, 35.1142995], [-90.021658, 35.1141538], [-90.021692, 35.1135607], [-90.0216887, 35.113214], [-90.0216963, 35.1128908], [-90.0217064, 35.1124806], [-90.021719, 35.1119533], [-90.0217326, 35.111546], [-90.0217423, 35.1109562], [-90.0217463, 35.1107146], [-90.0217498, 35.1105017], [-90.021753, 35.1103036], [-90.0217556, 35.1101419]], [[-90.0214596, 35.1190201], [-90.0214828, 35.1184051], [-90.0214919, 35.1180997], [-90.0214941, 35.1180247], [-90.0215029, 35.1178264], [-90.0215355, 35.1170899], [-90.0215561, 35.1166639], [-90.0215784, 35.1162042], [-90.021585, 35.1160672], [-90.0216215, 35.1153119]], [[-90.0213733, 35.121386], [-90.0214372, 35.1200159], [-90.0214596, 35.1190201]], [[-90.0213553, 35.1218522], [-90.0213733, 35.121386]], [[-90.0212723, 35.1239975], [-90.0213379, 35.1223313], [-90.0213553, 35.1218522]], [[-90.0211085, 35.1280534], [-90.021118, 35.1276504], [-90.0211583, 35.1266385], [-90.0211812, 35.1261442], [-90.021205, 35.1256301], [-90.0212248, 35.1251316], [-90.0212446, 35.1246311], [-90.0212723, 35.1239975]], [[-90.021102, 35.1283294], [-90.021105, 35.1282017], [-90.0211085, 35.1280534]], [[-90.0210926, 35.12873], [-90.021102, 35.1283294]], [[-90.0210715, 35.1289858], [-90.0210926, 35.12873]], [[-90.0210594, 35.1291315], [-90.0210715, 35.1289858]], [[-90.0210534, 35.1292046], [-90.0210594, 35.1291315]], [[-90.0208327, 35.1322265], [-90.0208508, 35.1317487], [-90.0208587, 35.131604], [-90.0208865, 35.1312704], [-90.0209078, 35.1310156], [-90.020924, 35.1308039], [-90.0209635, 35.1303256], [-90.0210064, 35.1298067], [-90.0210204, 35.1296264], [-90.0210461, 35.1292951], [-90.02105, 35.1292453], [-90.0210534, 35.1292046]], [[-90.0208283, 35.1323423], [-90.0208327, 35.1322265]], [[-90.0208239, 35.1327394], [-90.0208283, 35.1323423]], [[-90.0213322, 35.1327535], [-90.0211619, 35.1327488], [-90.0208239, 35.1327394]], [[-90.0253886, 35.1328601], [-90.0252186, 35.1328551], [-90.0249933, 35.1328484], [-90.0246055, 35.1328369], [-90.0240615, 35.1328179], [-90.0238744, 35.1328146], [-90.0237835, 35.1328129], [-90.0233328, 35.1328089], [-90.0227382, 35.1327924], [-90.0224507, 35.1327845], [-90.0223706, 35.1327822], [-90.0222196, 35.1327781], [-90.0221811, 35.132777], [-90.0220891, 35.1327781], [-90.0218682, 35.1327698], [-90.0217242, 35.1327644], [-90.0213322, 35.1327535]], [[-90.0255256, 35.1328641], [-90.0253886, 35.1328601]], [[-90.0260386, 35.1328794], [-90.0255587, 35.1328651], [-90.0255256, 35.1328641]], [[-90.0265065, 35.1328895], [-90.0260386, 35.1328794]], [[-90.0270303, 35.1329029], [-90.0265065, 35.1328895]], [[-90.0283295, 35.1329319], [-90.027607, 35.1329158], [-90.0272008, 35.1329067], [-90.0270303, 35.1329029]], [[-90.0288004, 35.1329452], [-90.0283295, 35.1329319]], [[-90.0293049, 35.1329595], [-90.0288398, 35.1329463], [-90.0288004, 35.1329452]], [[-90.0297102, 35.1329709], [-90.029362, 35.1329611], [-90.0293049, 35.1329595]], [[-90.0301325, 35.1330609], [-90.0299455, 35.1330109], [-90.0297102, 35.1329709]], [[-90.0306067, 35.1332993], [-90.0305205, 35.1332519], [-90.0303465, 35.1331479], [-90.0301325, 35.1330609]], [[-90.0310015, 35.1334549], [-90.0308285, 35.1334109], [-90.0307005, 35.1333509], [-90.0306067, 35.1332993]], [[-90.0315035, 35.1335372], [-90.0313225, 35.1335199], [-90.0310015, 35.1334549]], [[-90.0345465, 35.133815], [-90.0341052, 35.1337748], [-90.0333265, 35.1337039], [-90.0327165, 35.1336529], [-90.032076, 35.1335918], [-90.0315035, 35.1335372]], [[-90.0349881, 35.1338552], [-90.0345465, 35.133815]], [[-90.0395588, 35.1342674], [-90.0395346, 35.1342651], [-90.0392769, 35.134241], [-90.0384625, 35.1341649], [-90.0365895, 35.1339899], [-90.0353015, 35.1338775], [-90.0349881, 35.1338552]], [[-90.0400179, 35.1343152], [-90.0395588, 35.1342674]], [[-90.0404847, 35.134355], [-90.0400179, 35.1343152]], [[-90.0432121, 35.1346102], [-90.0430672, 35.134597], [-90.0428981, 35.1345817], [-90.0424605, 35.1345419], [-90.0414915, 35.1344482], [-90.0411825, 35.1344219], [-90.0404847, 35.134355]], [[-90.0436764, 35.1346524], [-90.0432361, 35.1346124], [-90.0432121, 35.1346102]], [[-90.0441142, 35.1346955], [-90.0440312, 35.1346873], [-90.0436764, 35.1346524]], [[-90.0458612, 35.1348676], [-90.0449321, 35.1347761], [-90.0443979, 35.1347235], [-90.0441142, 35.1346955]], [[-90.0463466, 35.1349154], [-90.0462861, 35.1349094], [-90.0462088, 35.1349018], [-90.0458612, 35.1348676]], [[-90.0464876, 35.1349305], [-90.0463466, 35.1349154]], [[-90.0470012, 35.1349788], [-90.0466383, 35.1349447], [-90.0465317, 35.1349347], [-90.0464876, 35.1349305]], [[-90.0495877, 35.1352224], [-90.0488428, 35.1351523], [-90.0485728, 35.1351268], [-90.048109, 35.1350832], [-90.047965, 35.1350696], [-90.047364, 35.135013], [-90.0470012, 35.1349788]], [[-90.0500538, 35.1352663], [-90.0495877, 35.1352224]], [[-90.0570228, 35.1372048], [-90.0569914, 35.137189], [-90.0568798, 35.1371346], [-90.0563123, 35.1368576], [-90.0556508, 35.1365369]], [[-90.0574519, 35.1374119], [-90.0571456, 35.1372647], [-90.0570541, 35.1372207], [-90.0570228, 35.1372048]], [[-90.0579733, 35.1376625], [-90.0577676, 35.1375636], [-90.0574519, 35.1374119]], [[-90.0583663, 35.1378514], [-90.0579733, 35.1376625]], [[-90.0571311, 35.1395624], [-90.0576894, 35.1387647], [-90.0577235, 35.1387159], [-90.0581503, 35.1381418], [-90.0583663, 35.1378514]], [[-90.0565774, 35.1402712], [-90.0567139, 35.1400941], [-90.0570664, 35.1396482], [-90.0571311, 35.1395624]], [[-90.0561617, 35.14066], [-90.0562255, 35.1406025], [-90.0562589, 35.1405724], [-90.0563108, 35.1405256], [-90.0564766, 35.1403674], [-90.0565774, 35.1402712]], [[-90.0560489, 35.1408309], [-90.0561029, 35.140749], [-90.0561617, 35.14066]], [[-90.055798, 35.141305], [-90.0558838, 35.1411728], [-90.0559303, 35.1410649], [-90.0560489, 35.1408309]], [[-90.0556341, 35.1416895], [-90.0556433, 35.1416672], [-90.0557542, 35.1413973], [-90.055798, 35.141305]], [[-90.0551651, 35.142924], [-90.0553674, 35.142381], [-90.0553863, 35.1423319], [-90.0555309, 35.1419824], [-90.0555459, 35.1419338], [-90.055573, 35.1418586], [-90.0556307, 35.141699], [-90.0556341, 35.1416895]], [[-90.0548871, 35.1435729], [-90.0549165, 35.1435042], [-90.0550288, 35.1432418], [-90.0551651, 35.142924]], [[-90.0547844, 35.1438386], [-90.0548575, 35.1436429], [-90.0548871, 35.1435729]], [[-90.0546448, 35.1441851], [-90.0546974, 35.1440704], [-90.0547844, 35.1438386]], [[-90.0545135, 35.1445426], [-90.054539, 35.1444732], [-90.0546448, 35.1441851]], [[-90.0541004, 35.1455515], [-90.0541238, 35.1454951], [-90.0541485, 35.1454355], [-90.0542811, 35.1451375], [-90.0543177, 35.1450471], [-90.0543523, 35.144957], [-90.0544759, 35.1446357], [-90.0545135, 35.1445426]], [[-90.0537372, 35.1465648], [-90.0538752, 35.1461897], [-90.0539235, 35.1460485], [-90.0539531, 35.1459637], [-90.0541004, 35.1455515]], [[-90.0533741, 35.1474707], [-90.0536004, 35.1468762], [-90.0537024, 35.146646], [-90.0537372, 35.1465648]], [[-90.0533418, 35.1475483], [-90.0533741, 35.1474707]], [[-90.0529324, 35.1485408], [-90.0529558, 35.1484772], [-90.0531402, 35.1480369], [-90.0531697, 35.1479647], [-90.0531794, 35.1479408], [-90.0533082, 35.1476288], [-90.0533418, 35.1475483]], [[-90.0525429, 35.1495457], [-90.0526044, 35.1493927], [-90.0527819, 35.148895], [-90.0529055, 35.1486096], [-90.0529324, 35.1485408]], [[-90.0523067, 35.150156], [-90.0525109, 35.1496272], [-90.0525429, 35.1495457]], [[-90.0521331, 35.1505433], [-90.0521757, 35.1504483], [-90.0523067, 35.150156]], [[-90.0516908, 35.1516396], [-90.051728, 35.1515462], [-90.0520038, 35.150879], [-90.0521126, 35.1506204], [-90.0521331, 35.1505433]], [[-90.0512809, 35.1526425], [-90.0516908, 35.1516396]], [[-90.0505255, 35.1545167], [-90.0506479, 35.1542056], [-90.0508362, 35.1537274], [-90.0509917, 35.1533562], [-90.0512295, 35.1527885], [-90.0512462, 35.1527405], [-90.0512809, 35.1526425]], [[-90.0505255, 35.1545167], [-90.0501369, 35.1554925], [-90.0498893, 35.156084], [-90.0498807, 35.1560998]], [[-90.0498807, 35.1560998], [-90.0497294, 35.1564907]], [[-90.0497294, 35.1564907], [-90.0495808, 35.1568464]], [[-90.0495808, 35.1568464], [-90.0495279, 35.1569866]], [[-90.0495279, 35.1569866], [-90.049469, 35.1571425]], [[-90.049469, 35.1571425], [-90.0493462, 35.1572296], [-90.0492546, 35.1572997], [-90.04921, 35.157313], [-90.0491437, 35.1573327], [-90.0489602, 35.1573669]], [[-90.0489602, 35.1573669], [-90.0488956, 35.1573505], [-90.0486823, 35.1572964]], [[-90.0486823, 35.1572964], [-90.0485013, 35.1572528]], [[-90.0485013, 35.1572528], [-90.0481436, 35.1571645], [-90.0481044, 35.1571548], [-90.0480391, 35.1571386], [-90.0479782, 35.1571227]], [[-90.0479782, 35.1571227], [-90.047928, 35.1571096], [-90.0478198, 35.1570812]], [[-90.0478198, 35.1570812], [-90.0476335, 35.1570314]], [[-90.0476335, 35.1570314], [-90.0477302, 35.1567725]], [[-90.0477302, 35.1567725], [-90.0478889, 35.1563476]], [[-90.0478889, 35.1563476], [-90.048007, 35.1560316]], [[-90.048007, 35.1560316], [-90.0477783, 35.1559682], [-90.0476377, 35.1559293], [-90.0475901, 35.1559161], [-90.0471756, 35.155804]], [[-90.0471756, 35.155804], [-90.0465746, 35.1556445], [-90.04636, 35.1555915]], [[-90.04636, 35.1555915], [-90.0459199, 35.1554761]], [[-90.0459641, 35.1553725], [-90.0459199, 35.1554761]], [[-90.0463426, 35.1544753], [-90.0463105, 35.1545541], [-90.0461788, 35.1548652], [-90.0459641, 35.1553725]], [[-90.0464724, 35.1541045], [-90.0463765, 35.1543902], [-90.0463426, 35.1544753]], [[-90.0467245, 35.1534519], [-90.0465377, 35.1539355], [-90.0465219, 35.1539765], [-90.0465083, 35.1540116], [-90.0464724, 35.1541045]], [[-90.0467245, 35.1534519], [-90.0470894, 35.1535614]], [[-90.0470894, 35.1535614], [-90.0476094, 35.1537097]], [[-90.0476094, 35.1537097], [-90.0479962, 35.1538198]], [[-90.0479962, 35.1538198], [-90.0480775, 35.1538417], [-90.0484564, 35.1539437], [-90.0485854, 35.1539784], [-90.0489715, 35.1540874], [-90.0491258, 35.154131], [-90.0492019, 35.154152], [-90.0492358, 35.1541613], [-90.0492727, 35.1541715], [-90.0493483, 35.1541923], [-90.0498922, 35.1543422], [-90.050048, 35.1543851], [-90.0504023, 35.1544827], [-90.0505255, 35.1545167]]]}}, {"type": "Feature", "properties": {"osm_id": 12548389, "ref": "12", "name": "12 Mallory"}, "geometry": {"type": "MultiLineString", "coordinates": [[[-89.9861808, 35.0734463], [-89.9862606, 35.0732235], [-89.9863262, 35.0729646]], [[-89.9863262, 35.0729646], [-89.986448, 35.0722776], [-89.9867327, 35.0711169]], [[-89.9867327, 35.0711169], [-89.9869087, 35.070402]], [[-89.9869087, 35.070402], [-89.9869757, 35.0701609], [-89.9869863, 35.0701173], [-89.9870815, 35.0698283], [-89.9871933, 35.0695294], [-89.9872846, 35.0692921]], [[-89.9872846, 35.0692921], [-89.9874204, 35.0689997]], [[-89.9874204, 35.0689997], [-89.9874969, 35.0688624], [-89.9875094, 35.0688384], [-89.9875762, 35.0687127]], [[-89.9875762, 35.0687127], [-89.9876385, 35.0685936], [-89.9878005, 35.0683237]], [[-89.9878005, 35.0683237], [-89.9878939, 35.068184]], [[-89.9878939, 35.068184], [-89.9879937, 35.0680346], [-89.988158, 35.0677886]], [[-89.988158, 35.0677886], [-89.9882076, 35.0677168], [-89.9883063, 35.0675737]], [[-89.9883063, 35.0675737], [-89.9886442, 35.067073], [-89.9886383, 35.0669518]], [[-89.9886383, 35.0669518], [-89.9885032, 35.0670154], [-89.988328, 35.067272]], [[-89.988328, 35.067272], [-89.9881687, 35.0675099]], [[-89.9881687, 35.0675099], [-89.9879397, 35.0678488]], [[-89.9879397, 35.0678488], [-89.9877808, 35.0680841]], [[-89.9877808, 35.0680841], [-89.9877032, 35.0682008]], [[-89.9877032, 35.0682008], [-89.9876376, 35.0683018]], [[-89.9876376, 35.0683018], [-89.9874972, 35.0684321], [-89.9874195, 35.0684928], [-89.9873488, 35.0685339], [-89.9872837, 35.0685646], [-89.987213, 35.06859], [-89.9871171, 35.0686124], [-89.986942, 35.0686388]], [[-89.986942, 35.0686388], [-89.9863623, 35.0686458], [-89.9861409, 35.0687168]], [[-89.9861409, 35.0687168], [-89.9859266, 35.068723]], [[-89.9859266, 35.068723], [-89.9854701, 35.0687363]], [[-89.9854701, 35.0687363], [-89.9848302, 35.0685634], [-89.9845556, 35.0684229], [-89.9844182, 35.0682543]], [[-89.9844182, 35.0682543], [-89.9843839, 35.0681138], [-89.9843839, 35.0679311], [-89.9844182, 35.0677625], [-89.9845298, 35.067622], [-89.9847272, 35.0675096], [-89.984916, 35.0674815], [-89.9851049, 35.0674815], [-89.985328, 35.0675658], [-89.985534, 35.0677063], [-89.9856714, 35.0678819], [-89.9857918, 35.0681583]], [[-89.9857918, 35.0681583], [-89.9858216, 35.0684352]], [[-89.9858216, 35.0684352], [-89.9858799, 35.0690299]], [[-89.9858799, 35.0690299], [-89.9859471, 35.0695756], [-89.9859996, 35.0701299], [-89.9860839, 35.0708196], [-89.9861148, 35.0713019], [-89.9861608, 35.0717918], [-89.9861868, 35.0721099]], [[-89.9861868, 35.0721099], [-89.9862195, 35.0726068], [-89.9861808, 35.0734463]], [[-89.9861557, 35.0735522], [-89.9861808, 35.0734463]], [[-89.9858416, 35.0749528], [-89.9861557, 35.0735522]], [[-89.9856757, 35.0756836], [-89.9858416, 35.0749528]], [[-89.9856152, 35.0758722], [-89.9856757, 35.0756836]], [[-89.9853209, 35.0772746], [-89.9856152, 35.0758722]], [[-89.9849888, 35.0786725], [-89.9853209, 35.0772746]], [[-89.9849663, 35.0787627], [-89.9849815, 35.0787003], [-89.9849888, 35.0786725]], [[-89.9849468, 35.0788329], [-89.9849663, 35.0787627]], [[-89.9848672, 35.0792922], [-89.9849246, 35.0789611], [-89.9849468, 35.0788329]], [[-89.9848672, 35.0792922], [-89.984918, 35.0792935], [-89.9850092, 35.0792892], [-89.9850923, 35.0792496], [-89.985137, 35.0792285], [-89.9852023, 35.0791772], [-89.9853128, 35.079103], [-89.9853703, 35.0790704], [-89.9854991, 35.0790441]], [[-89.9854991, 35.0790441], [-89.9856815, 35.0790331], [-89.9858505, 35.0790379]], [[-89.9995061, 35.0781552], [-89.9994295, 35.0781839], [-89.9990545, 35.0782999], [-89.9987562, 35.0783788], [-89.9982875, 35.0784549], [-89.9979275, 35.0784819], [-89.9975543, 35.0784719], [-89.9973088, 35.0784719], [-89.996236, 35.0784719], [-89.9960076, 35.0784577], [-89.9955182, 35.0784273], [-89.9953094, 35.0784143], [-89.9948149, 35.078395], [-89.9941879, 35.0783706], [-89.9931632, 35.0783306], [-89.9926899, 35.0783122], [-89.991719, 35.0782497], [-89.9913335, 35.0782249], [-89.9911938, 35.0781889], [-89.9909539, 35.0781271], [-89.9908445, 35.0780989], [-89.9907294, 35.0780552], [-89.9901205, 35.0778239], [-89.9894415, 35.0775719], [-89.9889075, 35.0774609], [-89.988002, 35.0773434], [-89.9876764, 35.0773895], [-89.9872099, 35.077663], [-89.9860195, 35.0784769], [-89.9859015, 35.0786699], [-89.9858505, 35.0790379]], [[-89.9996435, 35.0781045], [-89.9995061, 35.0781552]], [[-90.0108866, 35.0778909], [-90.0101493, 35.0778733], [-90.0098827, 35.0778669], [-90.0085045, 35.0778139], [-90.0082525, 35.0778139], [-90.0073935, 35.0777899], [-90.0059438, 35.0777349], [-90.0049625, 35.0776989], [-90.0047855, 35.0776924], [-90.0043875, 35.0776808], [-90.0035045, 35.0776579], [-90.0022715, 35.0776169], [-90.0020875, 35.0776109], [-90.0016915, 35.0776229], [-90.0012045, 35.0776649], [-90.0007875, 35.0777339], [-90.0002193, 35.0778876], [-89.9996435, 35.0781045]], [[-90.0125533, 35.0779684], [-90.0121068, 35.0779475], [-90.0108866, 35.0778909]], [[-90.0123285, 35.0820039], [-90.0123725, 35.0811699], [-90.0124065, 35.0803679], [-90.0124773, 35.0795749], [-90.0125208, 35.0787857], [-90.0125533, 35.0779684]], [[-90.0123285, 35.0820039], [-90.0130429, 35.0820289], [-90.0132862, 35.0820539], [-90.0135375, 35.0821159], [-90.0137219, 35.0821874], [-90.0138945, 35.0822789], [-90.0141695, 35.0824899], [-90.0143195, 35.0826809], [-90.0145844, 35.0829848], [-90.0146642, 35.0830787]], [[-90.0146642, 35.0830787], [-90.0148647, 35.0831921]], [[-90.0148647, 35.0831921], [-90.0148936, 35.0832056], [-90.0150005, 35.0832557], [-90.0152329, 35.0832611], [-90.0152804, 35.0832646], [-90.0153269, 35.083268], [-90.0156891, 35.0832783], [-90.0158207, 35.08328], [-90.0163963, 35.0832872], [-90.0167374, 35.0833004], [-90.0170555, 35.0833013], [-90.0175401, 35.0833028], [-90.0180346, 35.0833053]], [[-90.0180346, 35.0833053], [-90.0181592, 35.0833059], [-90.0185588, 35.0833079]], [[-90.0185588, 35.0833079], [-90.0189345, 35.0833148], [-90.0190851, 35.0833176]], [[-90.0190851, 35.0833176], [-90.0192581, 35.0833208], [-90.0193015, 35.0833218], [-90.0195009, 35.0833262], [-90.0200251, 35.0833378], [-90.0202172, 35.0833393], [-90.0207303, 35.0833512], [-90.0214165, 35.0833579], [-90.0219054, 35.083372], [-90.0221688, 35.0833772], [-90.0232828, 35.0834009], [-90.0245346, 35.0834296], [-90.0246778, 35.0834328]], [[-90.0246778, 35.0834328], [-90.0251205, 35.0834429]], [[-90.0251205, 35.0834429], [-90.0252588, 35.0834434]], [[-90.0255446, 35.083447], [-90.0252588, 35.0834434]], [[-90.0259562, 35.0834522], [-90.0255446, 35.083447]], [[-90.0278922, 35.0835929], [-90.0277355, 35.0835239], [-90.0274475, 35.0834659], [-90.0272447, 35.0834604], [-90.0266973, 35.0834456], [-90.0265985, 35.0834429], [-90.0261697, 35.0834493], [-90.0259562, 35.0834522]], [[-90.0289078, 35.0845521], [-90.0282495, 35.0838179], [-90.0280465, 35.0836609], [-90.0278922, 35.0835929]], [[-90.0290395, 35.0846989], [-90.0289078, 35.0845521]], [[-90.0311635, 35.0860779], [-90.0306445, 35.0860199], [-90.0302495, 35.0859319], [-90.0300105, 35.0857929], [-90.0299975, 35.0857849], [-90.0290395, 35.0846989]], [[-90.0364474, 35.0861526], [-90.0345439, 35.0861139], [-90.0341315, 35.0861069], [-90.0319615, 35.0860669], [-90.0311635, 35.0860779]], [[-90.0369276, 35.0861624], [-90.0364474, 35.0861526]], [[-90.0440285, 35.0863051], [-90.0423179, 35.0862778], [-90.0399779, 35.0862288], [-90.0369276, 35.0861624]], [[-90.0445183, 35.0863129], [-90.0441535, 35.0863071], [-90.0440285, 35.0863051]], [[-90.0516725, 35.0864779], [-90.0514257, 35.0864779], [-90.0510579, 35.0864779], [-90.050431, 35.0864779], [-90.0503635, 35.0864779], [-90.0501392, 35.0864702], [-90.0486581, 35.0864192], [-90.0480229, 35.0863974], [-90.0472215, 35.0863699], [-90.0469284, 35.0863637], [-90.0445183, 35.0863129]], [[-90.0522535, 35.0864779], [-90.0516725, 35.0864779]], [[-90.0527557, 35.0864799], [-90.0524714, 35.0864788], [-90.0522535, 35.0864779]], [[-90.0539091, 35.0864845], [-90.0527557, 35.0864799]], [[-90.0541189, 35.0864906], [-90.0539091, 35.0864845]], [[-90.0563069, 35.0865252], [-90.0560959, 35.0865195], [-90.0559636, 35.0865159], [-90.0558596, 35.0865145], [-90.0541189, 35.0864906]], [[-90.0567708, 35.0865379], [-90.0565625, 35.0865322], [-90.0563069, 35.0865252]], [[-90.0573347, 35.0865468], [-90.0572277, 35.0865451], [-90.0571645, 35.0865441], [-90.0570435, 35.0865422], [-90.0569879, 35.0865413], [-90.0567708, 35.0865379]], [[-90.0583141, 35.0865622], [-90.0574263, 35.0865482], [-90.0573347, 35.0865468]], [[-90.0625092, 35.0866303], [-90.0606205, 35.0865939], [-90.0583141, 35.0865622]], [[-90.0630147, 35.0866401], [-90.0625092, 35.0866303]], [[-90.0629964, 35.087011], [-90.0630147, 35.0866401]], [[-90.0627863, 35.0951912], [-90.0627964, 35.0945653], [-90.0628048, 35.0940481], [-90.0628411, 35.0926159], [-90.062849, 35.0921517], [-90.0628492, 35.0921427], [-90.0628575, 35.0916549], [-90.0628739, 35.0911534], [-90.0628905, 35.0906449], [-90.062896, 35.0901504], [-90.0629015, 35.0896599], [-90.0629283, 35.0891562], [-90.0629556, 35.0886425], [-90.0629601, 35.0881447], [-90.0629645, 35.0876609], [-90.0629899, 35.087144], [-90.0629964, 35.087011]], [[-90.0627863, 35.0951912], [-90.0632635, 35.0949419], [-90.0635885, 35.0946929], [-90.0639145, 35.0943739], [-90.0646625, 35.0935759], [-90.0650215, 35.0931939], [-90.0653465, 35.0930169], [-90.066666, 35.0925962]], [[-90.066666, 35.0925962], [-90.0671375, 35.0924669]], [[-90.0671375, 35.0924669], [-90.0672351, 35.0925873], [-90.0673385, 35.0927589], [-90.0673916, 35.0929106]], [[-90.0673916, 35.0929106], [-90.0674145, 35.0929759], [-90.0674806, 35.0932331]], [[-90.0674806, 35.0932331], [-90.067451, 35.0936605], [-90.0674424, 35.0937845], [-90.067427, 35.094038], [-90.0674135, 35.0942609]], [[-90.0674135, 35.0942609], [-90.0673568, 35.0947082], [-90.0673444, 35.0948059], [-90.0673355, 35.0948759], [-90.0672315, 35.0952019], [-90.0670845, 35.0955059], [-90.0669095, 35.0957519], [-90.0665465, 35.0962039], [-90.0659875, 35.0969619], [-90.0655355, 35.0975989], [-90.0654285, 35.0977609], [-90.0653865, 35.0978819], [-90.0653445, 35.0982409], [-90.0652805, 35.0989009], [-90.0651975, 35.0996009], [-90.0651105, 35.1002949], [-90.0650425, 35.1010149], [-90.0649949, 35.1017159]], [[-90.0649949, 35.1017159], [-90.06563, 35.1017504], [-90.0662675, 35.1017809], [-90.0669365, 35.1018089], [-90.0672258, 35.1018213], [-90.0676384, 35.1018369], [-90.0695913, 35.1019223], [-90.0700475, 35.1019459], [-90.0708657, 35.1019719], [-90.0718645, 35.1020219], [-90.0731995, 35.1020529]], [[-90.0729635, 35.1079579], [-90.072968, 35.1078031], [-90.0729753, 35.1075598], [-90.0729935, 35.1069339], [-90.0730455, 35.1060659], [-90.0730685, 35.1052219], [-90.0731145, 35.1044239], [-90.0731385, 35.1036499], [-90.0731675, 35.1028679], [-90.0731995, 35.1020529]], [[-90.0647285, 35.1077809], [-90.0656365, 35.1078029], [-90.0660819, 35.1078182], [-90.0663052, 35.1078245], [-90.0666473, 35.1078341], [-90.066748, 35.1078369], [-90.0674215, 35.1078559], [-90.0691155, 35.1078819], [-90.0696167, 35.1078915], [-90.0704018, 35.1079088], [-90.0712032, 35.1079242], [-90.0729635, 35.1079579]], [[-90.0629164, 35.1077469], [-90.0631164, 35.1077522], [-90.0634405, 35.1077609], [-90.0639599, 35.1077679], [-90.0641808, 35.1077709], [-90.0647285, 35.1077809]], [[-90.0623575, 35.1077319], [-90.0629164, 35.1077469]], [[-90.0622586, 35.1162104], [-90.062256, 35.1153785], [-90.062254, 35.1147455], [-90.0622531, 35.1144525], [-90.0622515, 35.1139569], [-90.0622803, 35.1125367], [-90.0622815, 35.1113159], [-90.0623388, 35.1101648], [-90.0623696, 35.1087095], [-90.0623675, 35.1085435], [-90.062365, 35.1083418], [-90.0623634, 35.1082139], [-90.0623606, 35.1079802], [-90.0623575, 35.1077319]], [[-90.0619731, 35.1241729], [-90.0619794, 35.1240595], [-90.0619899, 35.1234545], [-90.0620109, 35.1228431], [-90.0620332, 35.1222006], [-90.0620791, 35.1210165], [-90.0620891, 35.1207599], [-90.0621395, 35.1193788], [-90.0621568, 35.1185879], [-90.0621639, 35.1183706], [-90.062177, 35.1180931], [-90.0622069, 35.1174606], [-90.0622225, 35.1171302], [-90.0622355, 35.1168734], [-90.0622422, 35.1167328], [-90.0622467, 35.1165884], [-90.0622506, 35.1164631], [-90.0622586, 35.1162104]], [[-90.0619657, 35.124642], [-90.061968, 35.1244957], [-90.0619731, 35.1241729]], [[-90.061934, 35.1251312], [-90.0619557, 35.1247958], [-90.0619657, 35.124642]], [[-90.0618675, 35.1268688], [-90.0619048, 35.1257991], [-90.0619259, 35.125381], [-90.061934, 35.1251312]], [[-90.061838, 35.1273909], [-90.0618675, 35.1268688]], [[-90.0618111, 35.1282468], [-90.061838, 35.1273909]], [[-90.0617723, 35.1293608], [-90.0617903, 35.1288445], [-90.0617927, 35.1287749], [-90.0618111, 35.1282468]], [[-90.0617723, 35.1293608], [-90.0615699, 35.1293575], [-90.0613178, 35.1293562], [-90.0612272, 35.1293588], [-90.0611625, 35.1293684], [-90.0611128, 35.1293857], [-90.0610638, 35.1294088], [-90.0610148, 35.129439], [-90.0609687, 35.1294724], [-90.0609479, 35.1295059]], [[-90.0609479, 35.1295059], [-90.0609267, 35.1295535], [-90.0609164, 35.1295993], [-90.0609134, 35.1296451], [-90.0609089, 35.1297578], [-90.0608571, 35.1304482], [-90.0608567, 35.1304622], [-90.0608593, 35.1310601], [-90.0608461, 35.1313749]], [[-90.0608461, 35.1313749], [-90.060833, 35.1318975], [-90.0608306, 35.13199], [-90.0608248, 35.1323783]], [[-90.0608248, 35.1323783], [-90.0608179, 35.1327868], [-90.0608191, 35.1328261], [-90.060817, 35.1328643]], [[-90.060817, 35.1328643], [-90.0607172, 35.1328645], [-90.0601265, 35.1328491], [-90.0598867, 35.1328429], [-90.0598394, 35.1328417]], [[-90.0598394, 35.1328417], [-90.0597325, 35.132839], [-90.0596062, 35.1328356]], [[-90.0596062, 35.1328356], [-90.059152, 35.1328261], [-90.0591145, 35.1328268], [-90.0590085, 35.1328288], [-90.0589932, 35.1328308]], [[-90.0589932, 35.1328308], [-90.0588814, 35.1328274], [-90.0583336, 35.1328114], [-90.0581873, 35.1328074], [-90.0578089, 35.1327996], [-90.0574425, 35.1327921], [-90.0565037, 35.1327728]], [[-90.0565037, 35.1327728], [-90.0560641, 35.1327655], [-90.0556794, 35.1327591], [-90.0551814, 35.1327509]], [[-90.0551814, 35.1327509], [-90.0546375, 35.1327293]], [[-90.0546375, 35.1327293], [-90.0546315, 35.1329619], [-90.0546925, 35.1331729], [-90.0549695, 35.1335932], [-90.0550124, 35.1336568], [-90.0550553, 35.1337336], [-90.0550768, 35.1338323], [-90.0550902, 35.1340078]], [[-90.0550902, 35.1340078], [-90.0550607, 35.134464], [-90.0550419, 35.1345605], [-90.0550178, 35.1346329], [-90.0549614, 35.1347667], [-90.0547558, 35.1351456], [-90.0545472, 35.13553]], [[-90.0545472, 35.13553], [-90.0543472, 35.1358986]], [[-90.0543472, 35.1358986], [-90.0536954, 35.1367277], [-90.0533464, 35.1371665]], [[-90.0533464, 35.1371665], [-90.0531387, 35.1374277], [-90.0530654, 35.1375199]], [[-90.0530654, 35.1375199], [-90.0522946, 35.1386308], [-90.0520431, 35.1391081], [-90.0518773, 35.1394951], [-90.0518637, 35.1395357]], [[-90.0518637, 35.1395357], [-90.051846, 35.1396166], [-90.0518168, 35.1397509], [-90.0517972, 35.1399198], [-90.0517919, 35.1399665]], [[-90.0517919, 35.1399665], [-90.0517457, 35.1402801], [-90.0517342, 35.1403575]], [[-90.0517342, 35.1403575], [-90.0517182, 35.1404601], [-90.0516523, 35.140883], [-90.051594, 35.141257], [-90.0515879, 35.1412961], [-90.0515815, 35.1413491], [-90.0514839, 35.1415947], [-90.0513428, 35.14195], [-90.0511373, 35.1424618], [-90.0511041, 35.1425444]], [[-90.0511041, 35.1425444], [-90.0510645, 35.1426415], [-90.0509021, 35.14304], [-90.0508414, 35.1431889], [-90.0507291, 35.1434642], [-90.0507017, 35.1435314]], [[-90.0507017, 35.1435314], [-90.0505934, 35.1437984], [-90.0505003, 35.1440278], [-90.050495, 35.144041], [-90.0503279, 35.1444527], [-90.0502995, 35.1445227], [-90.050293, 35.1445388]], [[-90.050293, 35.1445388], [-90.0502866, 35.1445549], [-90.0502797, 35.1445722], [-90.0502661, 35.1446065], [-90.0501007, 35.1450227], [-90.0499697, 35.1453523], [-90.0499301, 35.1454521], [-90.0499044, 35.1455167], [-90.0498746, 35.1455916], [-90.0497067, 35.1460142], [-90.0495366, 35.1464423], [-90.0495064, 35.1465178]], [[-90.0495064, 35.1465178], [-90.0494722, 35.1466071], [-90.0493232, 35.1469942], [-90.0492748, 35.1471199]], [[-90.0492748, 35.1471199], [-90.0491519, 35.1474393], [-90.04912, 35.1475222]], [[-90.04912, 35.1475222], [-90.0491115, 35.1475433], [-90.0490927, 35.1475899], [-90.0488745, 35.148131]], [[-90.0488745, 35.148131], [-90.048751, 35.1484375], [-90.0487214, 35.1485178]], [[-90.0487214, 35.1485178], [-90.0486863, 35.148598], [-90.0485317, 35.1489846], [-90.0483621, 35.1494021], [-90.0483214, 35.1495031]], [[-90.0483214, 35.1495031], [-90.0482886, 35.149583], [-90.0481179, 35.1499988], [-90.0480525, 35.1501581]], [[-90.0480525, 35.1501581], [-90.0479919, 35.1503154], [-90.04797, 35.1503723], [-90.0479462, 35.1504341], [-90.0479251, 35.150489]], [[-90.0479251, 35.150489], [-90.047909, 35.1505298], [-90.047889, 35.1505804], [-90.04772, 35.1509979], [-90.0475233, 35.1514861]], [[-90.0475233, 35.1514861], [-90.0473716, 35.1518485]], [[-90.0473716, 35.1518485], [-90.0470953, 35.1525325]], [[-90.0470953, 35.1525325], [-90.0468977, 35.1530254], [-90.0468882, 35.1530491]], [[-90.0468882, 35.1530491], [-90.0467245, 35.1534519]], [[-90.0467245, 35.1534519], [-90.0465377, 35.1539355], [-90.0465219, 35.1539765], [-90.0465083, 35.1540116], [-90.0464724, 35.1541045]], [[-90.0464724, 35.1541045], [-90.0463765, 35.1543902], [-90.0463426, 35.1544753]], [[-90.0463426, 35.1544753], [-90.0463105, 35.1545541], [-90.0461788, 35.1548652], [-90.0459641, 35.1553725]], [[-90.0459641, 35.1553725], [-90.0459199, 35.1554761]], [[-90.04636, 35.1555915], [-90.0459199, 35.1554761]], [[-90.0471756, 35.155804], [-90.0465746, 35.1556445], [-90.04636, 35.1555915]], [[-90.0470133, 35.156194], [-90.0471756, 35.155804]], [[-90.0474333, 35.1551535], [-90.0475725, 35.1548106]], [[-90.046761, 35.1568003], [-90.0471861, 35.1569129]], [[-90.0471861, 35.1569129], [-90.0476335, 35.1570314]], [[-90.0476335, 35.1570314], [-90.0477302, 35.1567725]], [[-90.0477302, 35.1567725], [-90.0478889, 35.1563476]], [[-90.0478889, 35.1563476], [-90.048007, 35.1560316]], [[-90.048007, 35.1560316], [-90.0477783, 35.1559682], [-90.0476377, 35.1559293], [-90.0475901, 35.1559161], [-90.0471756, 35.155804]], [[-90.0489443, 35.1513587], [-90.0489997, 35.1512213], [-90.0490821, 35.1510166], [-90.0491174, 35.1509261], [-90.0491384, 35.1508721]], [[-90.0564954, 35.1333065], [-90.0565037, 35.1327728]], [[-90.0564375, 35.1342312], [-90.0564635, 35.1340407], [-90.0564954, 35.1333065]], [[-90.0556508, 35.1365369], [-90.0559667, 35.1361014], [-90.0562807, 35.1356685], [-90.0562397, 35.135511], [-90.0562491, 35.1354523], [-90.0562841, 35.1352339], [-90.0563032, 35.1351088], [-90.0563964, 35.134532], [-90.0564375, 35.1342312]], [[-90.0544361, 35.1382138], [-90.0550365, 35.1373857], [-90.0556508, 35.1365369]], [[-90.0540908, 35.1386966], [-90.0543695, 35.138307], [-90.0544361, 35.1382138]], [[-90.0538667, 35.1390431], [-90.0539088, 35.1389631], [-90.0539566, 35.1388853], [-90.0540098, 35.1388098], [-90.0540908, 35.1386966]], [[-90.0537544, 35.1393307], [-90.0538235, 35.1391421], [-90.0538667, 35.1390431]], [[-90.0523423, 35.1428845], [-90.0523729, 35.14281], [-90.0526038, 35.1422453], [-90.0527951, 35.1417504], [-90.0528165, 35.1416978], [-90.0529213, 35.1414234], [-90.053168, 35.1408387], [-90.0532045, 35.1407522], [-90.0532458, 35.1406377], [-90.053367, 35.1403241], [-90.0534865, 35.1400411], [-90.0535157, 35.1399721], [-90.0535382, 35.1399101], [-90.0536204, 35.1396838], [-90.0536763, 35.1395321], [-90.0537544, 35.1393307]], [[-90.0519549, 35.1438738], [-90.0519835, 35.1437972], [-90.0521426, 35.1433715], [-90.052311, 35.1429608], [-90.0523423, 35.1428845]], [[-90.051797, 35.1442476], [-90.0519236, 35.1439478], [-90.0519549, 35.1438738]], [[-90.0515493, 35.1448771], [-90.0515552, 35.1448658], [-90.0515748, 35.1448032], [-90.0517216, 35.144433], [-90.0517457, 35.1443722], [-90.051797, 35.1442476]], [[-90.0507572, 35.1467669], [-90.0509766, 35.1462751], [-90.0511606, 35.1458612], [-90.0511793, 35.1458086], [-90.0513178, 35.1454346], [-90.0513465, 35.1453625], [-90.0515185, 35.144948], [-90.0515449, 35.1448872], [-90.0515493, 35.1448771]], [[-90.0507226, 35.1468537], [-90.0507572, 35.1467669]], [[-90.0505783, 35.1472384], [-90.0506933, 35.1469273], [-90.0507226, 35.1468537]], [[-90.0503576, 35.1478506], [-90.0503873, 35.1477641], [-90.0505277, 35.1473557], [-90.0505783, 35.1472384]], [[-90.0502068, 35.1482308], [-90.0503267, 35.1479285], [-90.0503457, 35.1478806], [-90.0503576, 35.1478506]], [[-90.0499671, 35.1488472], [-90.0499978, 35.148776], [-90.0502068, 35.1482308]], [[-90.0498033, 35.1492294], [-90.0499355, 35.1489263], [-90.0499671, 35.1488472]], [[-90.0495658, 35.1498437], [-90.0496071, 35.1497369], [-90.049768, 35.1493208], [-90.0497912, 35.1492607], [-90.0498033, 35.1492294]], [[-90.0491384, 35.1508721], [-90.0491669, 35.1508062], [-90.0491863, 35.1507613], [-90.049289, 35.1505129], [-90.0493549, 35.1503536], [-90.0495286, 35.1499335], [-90.0495658, 35.1498437]], [[-90.046761, 35.1568003], [-90.0469241, 35.1564085]], [[-90.0487672, 35.151814], [-90.0488165, 35.1516874], [-90.0489443, 35.1513587]], [[-90.0486034, 35.1522293], [-90.0486221, 35.152182], [-90.048629, 35.1521644], [-90.0487672, 35.151814]], [[-90.0484585, 35.152581], [-90.0486034, 35.1522293]], [[-90.0479962, 35.1538198], [-90.0480489, 35.1537022], [-90.0482181, 35.153325], [-90.048393, 35.1528522], [-90.0484528, 35.1527133], [-90.0484585, 35.152581]], [[-90.0478158, 35.1542148], [-90.0479628, 35.1538928], [-90.0479962, 35.1538198]], [[-90.0475725, 35.1548106], [-90.047603, 35.1547346], [-90.0477249, 35.1544302], [-90.0478158, 35.1542148]], [[-90.0469241, 35.1564085], [-90.0470133, 35.156194]], [[-90.0473781, 35.1553037], [-90.0474333, 35.1551535]], [[-89.9886383, 35.0669518], [-89.9888185, 35.0666894], [-89.9889814, 35.0664523], [-89.9892151, 35.066112], [-89.9895264, 35.0656588], [-89.9895796, 35.0655813]], [[-89.9895796, 35.0655813], [-89.9897017, 35.0655253], [-89.9899709, 35.0651323], [-89.9900653, 35.0649946], [-89.9902807, 35.0646723], [-89.9904959, 35.0643504]], [[-89.9904959, 35.0643504], [-89.9909027, 35.0636937], [-89.9909561, 35.0636009], [-89.9910291, 35.0634777], [-89.9912808, 35.0628523], [-89.9913977, 35.0624521], [-89.9914528, 35.0622568]], [[-89.9914528, 35.0622568], [-89.9914962, 35.0620491], [-89.9915298, 35.0618523]], [[-89.9915298, 35.0618523], [-89.9915445, 35.0617665], [-89.9915628, 35.061603]], [[-89.9915628, 35.061603], [-89.9915738, 35.0615044], [-89.991576, 35.0612295]], [[-89.991576, 35.0612295], [-89.9916702, 35.0610583], [-89.9917375, 35.0609536], [-89.991798, 35.0608826], [-89.9918742, 35.060822], [-89.991946, 35.0607764], [-89.9920187, 35.060742], [-89.9920986, 35.0607169], [-89.9921995, 35.0606991], [-89.9923999, 35.0606627]], [[-89.9923999, 35.0606627], [-89.9928314, 35.060673], [-89.9930277, 35.0606253]], [[-89.9930277, 35.0606253], [-89.9933489, 35.0606347]], [[-89.9933489, 35.0606347], [-89.9934862, 35.0606387], [-89.9936925, 35.0606447], [-89.9937237, 35.0606456]], [[-89.9937237, 35.0606456], [-89.9942249, 35.0606585]], [[-89.9942249, 35.0606585], [-89.9946223, 35.0606693], [-89.9948403, 35.0606752], [-89.9949761, 35.0606787]], [[-89.9949761, 35.0606787], [-89.9949657, 35.0610414], [-89.9949642, 35.0610909], [-89.9949623, 35.0611534]], [[-89.9949623, 35.0611534], [-89.9949555, 35.0613729], [-89.9949486, 35.0615973], [-89.9949468, 35.0616546], [-89.9949387, 35.06192], [-89.9949381, 35.0619406], [-89.9949335, 35.0620901], [-89.9949312, 35.0622156], [-89.9949217, 35.0627238], [-89.9949185, 35.0628944], [-89.9949143, 35.0631231], [-89.9949111, 35.0632932], [-89.9949, 35.0638891], [-89.9948962, 35.0640933], [-89.9948883, 35.0645843], [-89.9948858, 35.0647365], [-89.9947174, 35.0649865], [-89.9946258, 35.0651225], [-89.9944159, 35.0653261], [-89.9941228, 35.0654205], [-89.9937989, 35.065476], [-89.9936648, 35.0654605], [-89.9931784, 35.06536], [-89.9930749, 35.0653309]], [[-89.9930749, 35.0653309], [-89.9929349, 35.0652964], [-89.9926847, 35.0652348]], [[-89.9926847, 35.0652348], [-89.9921037, 35.0650934], [-89.9916105, 35.0648837], [-89.9913638, 35.0647657], [-89.9909461, 35.0645658]], [[-89.9909461, 35.0645658], [-89.9907746, 35.0644837], [-89.9904959, 35.0643504]], [[-89.9904959, 35.0643504], [-89.9903982, 35.0643082]], [[-89.9903982, 35.0643082], [-89.9902445, 35.0645381], [-89.9901225, 35.0647206], [-89.9899681, 35.0649517], [-89.9895871, 35.0654611], [-89.9895796, 35.0655813]], [[-89.9914528, 35.0622568], [-89.9914962, 35.0620491], [-89.9915298, 35.0618523]], [[-89.9915298, 35.0618523], [-89.9915445, 35.0617665], [-89.9915628, 35.061603]], [[-89.9915628, 35.061603], [-89.9915738, 35.0615044], [-89.991576, 35.0612295]]]}}, {"type": "Feature", "properties": {"osm_id": 12548408, "ref": "13", "name": "LAUDERDALE"}, "geometry": {"type": "MultiLineString", "coordinates": [[[-90.0490763, 35.1563136], [-90.0488764, 35.1568107], [-90.0488147, 35.156965], [-90.0486823, 35.1572964]], [[-90.0546375, 35.1327293], [-90.0546315, 35.1329619], [-90.0546925, 35.1331729], [-90.0549695, 35.1335932], [-90.0550124, 35.1336568], [-90.0550553, 35.1337336], [-90.0550768, 35.1338323], [-90.0550902, 35.1340078]], [[-90.0550902, 35.1340078], [-90.0550607, 35.134464], [-90.0550419, 35.1345605], [-90.0550178, 35.1346329], [-90.0549614, 35.1347667], [-90.0547558, 35.1351456], [-90.0545472, 35.13553]], [[-90.0545472, 35.13553], [-90.0543472, 35.1358986]], [[-90.0543472, 35.1358986], [-90.0536954, 35.1367277], [-90.0533464, 35.1371665]], [[-90.0533464, 35.1371665], [-90.0531387, 35.1374277], [-90.0530654, 35.1375199]], [[-90.0530654, 35.1375199], [-90.0522946, 35.1386308], [-90.0520431, 35.1391081], [-90.0518773, 35.1394951], [-90.0518637, 35.1395357]], [[-90.0511041, 35.1425444], [-90.0510645, 35.1426415], [-90.0509021, 35.14304], [-90.0508414, 35.1431889], [-90.0507291, 35.1434642], [-90.0507017, 35.1435314]], [[-90.0507017, 35.1435314], [-90.0505934, 35.1437984], [-90.0505003, 35.1440278], [-90.050495, 35.144041], [-90.0503279, 35.1444527], [-90.0502995, 35.1445227], [-90.050293, 35.1445388]], [[-90.0495064, 35.1465178], [-90.0494722, 35.1466071], [-90.0493232, 35.1469942], [-90.0492748, 35.1471199]], [[-90.0492748, 35.1471199], [-90.0491519, 35.1474393], [-90.04912, 35.1475222]], [[-90.04912, 35.1475222], [-90.0491115, 35.1475433], [-90.0490927, 35.1475899], [-90.0488745, 35.148131]], [[-90.0488745, 35.148131], [-90.048751, 35.1484375], [-90.0487214, 35.1485178]], [[-90.0487214, 35.1485178], [-90.0486863, 35.148598], [-90.0485317, 35.1489846], [-90.0483621, 35.1494021], [-90.0483214, 35.1495031]], [[-90.0483214, 35.1495031], [-90.0482886, 35.149583], [-90.0481179, 35.1499988], [-90.0480525, 35.1501581]], [[-90.0479251, 35.150489], [-90.047909, 35.1505298], [-90.047889, 35.1505804], [-90.04772, 35.1509979], [-90.0475233, 35.1514861]], [[-90.0468882, 35.1530491], [-90.0467245, 35.1534519]], [[-90.0464724, 35.1541045], [-90.0463765, 35.1543902], [-90.0463426, 35.1544753]], [[-90.0459199, 35.1554761], [-90.0458314, 35.155689], [-90.0457622, 35.1558757]], [[-90.0456723, 35.1561035], [-90.0455208, 35.1564874]], [[-90.0455208, 35.1564874], [-90.0460158, 35.1566119]], [[-90.0460158, 35.1566119], [-90.0461707, 35.1566519], [-90.0464317, 35.1567175]], [[-90.0478198, 35.1570812], [-90.0476335, 35.1570314]], [[-90.0456723, 35.1561035], [-90.0455208, 35.1564874]], [[-90.0459199, 35.1554761], [-90.0458314, 35.155689], [-90.0457622, 35.1558757]], [[-90.0464724, 35.1541045], [-90.0463765, 35.1543902], [-90.0463426, 35.1544753]], [[-90.0468882, 35.1530491], [-90.0467245, 35.1534519]], [[-90.0479251, 35.150489], [-90.047909, 35.1505298], [-90.047889, 35.1505804], [-90.04772, 35.1509979], [-90.0475233, 35.1514861]], [[-90.0483214, 35.1495031], [-90.0482886, 35.149583], [-90.0481179, 35.1499988], [-90.0480525, 35.1501581]], [[-90.0487214, 35.1485178], [-90.0486863, 35.148598], [-90.0485317, 35.1489846], [-90.0483621, 35.1494021], [-90.0483214, 35.1495031]], [[-90.0488745, 35.148131], [-90.048751, 35.1484375], [-90.0487214, 35.1485178]], [[-90.04912, 35.1475222], [-90.0491115, 35.1475433], [-90.0490927, 35.1475899], [-90.0488745, 35.148131]], [[-90.0492748, 35.1471199], [-90.0491519, 35.1474393], [-90.04912, 35.1475222]], [[-90.0495064, 35.1465178], [-90.0494722, 35.1466071], [-90.0493232, 35.1469942], [-90.0492748, 35.1471199]], [[-90.0507017, 35.1435314], [-90.0505934, 35.1437984], [-90.0505003, 35.1440278], [-90.050495, 35.144041], [-90.0503279, 35.1444527], [-90.0502995, 35.1445227], [-90.050293, 35.1445388]], [[-90.0511041, 35.1425444], [-90.0510645, 35.1426415], [-90.0509021, 35.14304], [-90.0508414, 35.1431889], [-90.0507291, 35.1434642], [-90.0507017, 35.1435314]], [[-90.0530654, 35.1375199], [-90.0522946, 35.1386308], [-90.0520431, 35.1391081], [-90.0518773, 35.1394951], [-90.0518637, 35.1395357]], [[-90.0533464, 35.1371665], [-90.0531387, 35.1374277], [-90.0530654, 35.1375199]], [[-90.0543472, 35.1358986], [-90.0536954, 35.1367277], [-90.0533464, 35.1371665]], [[-90.0545472, 35.13553], [-90.0543472, 35.1358986]], [[-90.0550902, 35.1340078], [-90.0550607, 35.134464], [-90.0550419, 35.1345605], [-90.0550178, 35.1346329], [-90.0549614, 35.1347667], [-90.0547558, 35.1351456], [-90.0545472, 35.13553]], [[-90.0546375, 35.1327293], [-90.0546315, 35.1329619], [-90.0546925, 35.1331729], [-90.0549695, 35.1335932], [-90.0550124, 35.1336568], [-90.0550553, 35.1337336], [-90.0550768, 35.1338323], [-90.0550902, 35.1340078]], [[-90.0519796, 35.132675], [-90.0519816, 35.132593], [-90.0519951, 35.1320283], [-90.0520073, 35.1314905]], [[-90.0520073, 35.1314905], [-90.0516032, 35.1314792], [-90.050409, 35.1314643]], [[-90.0504767, 35.1290842], [-90.0504605, 35.1296643], [-90.0504531, 35.1302555], [-90.050409, 35.1314643]], [[-90.0439447, 35.1069297], [-90.0439483, 35.1069045], [-90.0439449, 35.1067736], [-90.0439441, 35.1067353], [-90.043953, 35.1065456], [-90.0439635, 35.1063234], [-90.0439836, 35.1058884], [-90.0440099, 35.1053189]], [[-90.0438112, 35.1073397], [-90.0438743, 35.1072484], [-90.0438779, 35.1072394], [-90.0439074, 35.1071641], [-90.0439266, 35.1070575], [-90.0439447, 35.1069297]], [[-90.0438112, 35.1073397], [-90.043335, 35.1073279]], [[-90.043335, 35.1073279], [-90.0432164, 35.1073249], [-90.0430225, 35.1073209], [-90.0428126, 35.1073159], [-90.0425775, 35.1073107], [-90.0423107, 35.1073048], [-90.0422249, 35.107303], [-90.0419529, 35.1072973], [-90.0412954, 35.1072839], [-90.0408818, 35.107273], [-90.0406504, 35.1072671], [-90.0399299, 35.1072518], [-90.0395748, 35.1072443], [-90.0388973, 35.1072285], [-90.0385487, 35.1072205], [-90.0381463, 35.1072178], [-90.0380285, 35.107217], [-90.0379222, 35.107235]], [[-90.0379222, 35.107235], [-90.0379146, 35.1071355]], [[-90.0379146, 35.1071355], [-90.0373747, 35.1071299], [-90.037099, 35.1071851]], [[-90.0367605, 35.1071759], [-90.037099, 35.1071851]], [[-90.0367605, 35.1071759], [-90.0367145, 35.1069069], [-90.0367605, 35.1067279], [-90.0369065, 35.1065419], [-90.0371917, 35.1062553], [-90.0373264, 35.1059957], [-90.037388, 35.1057312], [-90.0373978, 35.1055562], [-90.0373708, 35.1053607], [-90.0372549, 35.1050763], [-90.0371228, 35.1048657], [-90.0369909, 35.1047422], [-90.0368098, 35.1045878], [-90.0352588, 35.1033123], [-90.0351997, 35.1032291], [-90.0351615, 35.103149], [-90.0351489, 35.1030992], [-90.0351514, 35.1030462], [-90.0351678, 35.1029479], [-90.035223, 35.1027274], [-90.0352926, 35.1024349], [-90.03536, 35.1021519], [-90.0354561, 35.1017481], [-90.0356474, 35.1009811], [-90.0357005, 35.100737]], [[-90.0357005, 35.100737], [-90.0357358, 35.100582]], [[-90.0357358, 35.100582], [-90.0357964, 35.1002154], [-90.0357775, 35.0999409], [-90.0357244, 35.0997515], [-90.0356426, 35.0995543], [-90.0355031, 35.0993229], [-90.0352823, 35.0990804], [-90.0345565, 35.0985619], [-90.0339984, 35.0981835], [-90.0327021, 35.0972994], [-90.0319165, 35.0967749], [-90.0316725, 35.0966047], [-90.0307477, 35.0959799], [-90.0307315, 35.0959689], [-90.0304829, 35.0957745], [-90.0304505, 35.0957479], [-90.0302155, 35.0954282], [-90.0298835, 35.0949379], [-90.0293301, 35.0940993]], [[-90.0381152, 35.0941975], [-90.0360801, 35.0941732], [-90.033249, 35.0941371], [-90.0304049, 35.0940896], [-90.0295898, 35.0940891], [-90.0293301, 35.0940993]], [[-90.0369276, 35.0861624], [-90.0369149, 35.0866761], [-90.0369024, 35.0871788], [-90.0368734, 35.0881752], [-90.036849, 35.0891733], [-90.0368233, 35.0900289], [-90.0368286, 35.0901854], [-90.0368366, 35.090334], [-90.0368526, 35.0904649], [-90.0368805, 35.0905946], [-90.0369217, 35.0907199], [-90.0371037, 35.0912231], [-90.0381152, 35.0941975]], [[-90.0440285, 35.0863051], [-90.0423179, 35.0862778], [-90.0399779, 35.0862288], [-90.0369276, 35.0861624]], [[-90.0445183, 35.0863129], [-90.0441535, 35.0863071], [-90.0440285, 35.0863051]], [[-90.0445102, 35.0868137], [-90.0445183, 35.0863129]], [[-90.0443742, 35.0925945], [-90.0443976, 35.0920227], [-90.0444105, 35.0914109], [-90.0444111, 35.0912426], [-90.0444324, 35.0903484], [-90.044452, 35.0893129], [-90.0444643, 35.0888379], [-90.0444727, 35.088309], [-90.0444977, 35.0873059], [-90.0445102, 35.0868137]], [[-90.0443682, 35.092829], [-90.0443742, 35.0925945]], [[-90.0443622, 35.0930788], [-90.0443682, 35.092829]], [[-90.0443485, 35.0937482], [-90.044362, 35.093315], [-90.0443622, 35.0930788]], [[-90.0443343, 35.0942029], [-90.0443485, 35.0937482]], [[-90.0441603, 35.1012835], [-90.0441867, 35.1006472], [-90.0442151, 35.0992407], [-90.0442468, 35.0980114], [-90.0442498, 35.0979311], [-90.0442653, 35.0972823], [-90.0442697, 35.0971452], [-90.0442915, 35.0961815], [-90.044295, 35.0960456], [-90.0443093, 35.0954916], [-90.0443123, 35.0953215], [-90.0443097, 35.0951033], [-90.0443343, 35.0942029]], [[-90.0440099, 35.1053189], [-90.0440298, 35.1041889], [-90.0440361, 35.1039613], [-90.0440545, 35.1032959], [-90.0441181, 35.1025118], [-90.0441204, 35.1024378], [-90.0441603, 35.1012835]], [[-90.0516881, 35.1054776], [-90.0510607, 35.1054632], [-90.0504671, 35.1054496], [-90.0493626, 35.1054264], [-90.0492898, 35.1054249], [-90.0487083, 35.1054108], [-90.0480648, 35.1053952], [-90.0476317, 35.1053866], [-90.047459, 35.1053836], [-90.0468337, 35.1053726], [-90.0463907, 35.1053598], [-90.0459888, 35.1053482], [-90.0453284, 35.1053344], [-90.0451954, 35.1053318], [-90.0446702, 35.1053214], [-90.0440099, 35.1053189]], [[-90.0517209, 35.1075189], [-90.0516211, 35.1073798], [-90.0516065, 35.1069402], [-90.0516881, 35.1054776]], [[-90.052516, 35.1159899], [-90.0526, 35.1159056], [-90.0525406, 35.1150984], [-90.0525358, 35.1150368], [-90.052497, 35.1142854], [-90.0524898, 35.1141774], [-90.0524414, 35.1133305], [-90.0524269, 35.1130936], [-90.0524101, 35.1128514], [-90.0523959, 35.1124998], [-90.0523758, 35.1123399], [-90.0522652, 35.111408], [-90.0522342, 35.1110779], [-90.0521744, 35.1107333], [-90.0521396, 35.1103826], [-90.0521277, 35.1102702], [-90.0520961, 35.1100163], [-90.0520703, 35.1097897], [-90.05202, 35.1094084], [-90.0519862, 35.1090833], [-90.0519188, 35.1085716], [-90.051872, 35.1081458], [-90.0518035, 35.1076205], [-90.0517209, 35.1075189]], [[-90.0512445, 35.1159625], [-90.0523757, 35.1159885], [-90.052516, 35.1159899]], [[-90.0512445, 35.1159625], [-90.0512091, 35.1169136], [-90.0511718, 35.1178545], [-90.0511279, 35.1188044], [-90.0511151, 35.1197363], [-90.0511017, 35.1202177], [-90.0510756, 35.1209582], [-90.0510624, 35.1213058], [-90.0510563, 35.1214233], [-90.0510558, 35.1214693], [-90.0509795, 35.1233146], [-90.0509754, 35.1234219], [-90.0509613, 35.1237862], [-90.0509466, 35.1241676], [-90.0509787, 35.1243523], [-90.0510785, 35.1244867]], [[-90.0510785, 35.1244867], [-90.0510764, 35.1249511], [-90.0510715, 35.1256671], [-90.0510426, 35.1264388], [-90.0510354, 35.1265341]], [[-90.0510354, 35.1265341], [-90.0510055, 35.1269306]], [[-90.0510055, 35.1269306], [-90.0508371, 35.1276879], [-90.0505785, 35.12831], [-90.0505526, 35.1285834], [-90.0505227, 35.129087]], [[-90.0497294, 35.1564907], [-90.0492362, 35.1563611]]]}}, {"type": "Feature", "properties": {"osm_id": 12549791, "ref": "28", "name": "28 Airport"}, "geometry": {"type": "MultiLineString", "coordinates": [[[-89.9548193, 35.0431107], [-89.953173, 35.043106], [-89.9521625, 35.0430981], [-89.9511248, 35.0430996], [-89.9494994, 35.0430948], [-89.9481413, 35.0430888], [-89.9473164, 35.0432469], [-89.9467197, 35.0432912], [-89.9450949, 35.0432736], [-89.9435318, 35.0432773]], [[-89.9435318, 35.0432773], [-89.9435317, 35.0430698], [-89.9435592, 35.0419407], [-89.9435591, 35.0414646], [-89.9435546, 35.0410852], [-89.9435849, 35.0389813], [-89.9435807, 35.0386808], [-89.9435835, 35.0370952], [-89.9435796, 35.0368682]], [[-89.9435796, 35.0368682], [-89.9435928, 35.0355918], [-89.9436004, 35.0348517], [-89.9436134, 35.0335987], [-89.9436155, 35.0333926], [-89.943624, 35.0325741], [-89.9436292, 35.0320691]], [[-89.9453359, 35.0279448], [-89.9463209, 35.0279444], [-89.9468694, 35.0279442], [-89.9481309, 35.0279437], [-89.9490789, 35.0279433], [-89.9499579, 35.0279429], [-89.9508709, 35.0279425], [-89.9547579, 35.027965]], [[-89.935324, 35.0016298], [-89.9349804, 35.0016274], [-89.934807, 35.0016276], [-89.9346534, 35.0016277]], [[-89.9436292, 35.0320691], [-89.9453189, 35.0320694]], [[-89.9453189, 35.0320694], [-89.9453529, 35.0312654], [-89.9453709, 35.0304474], [-89.9453879, 35.0296294], [-89.9453709, 35.0288114], [-89.9453359, 35.0279448]], [[-90.023982, 35.1331006], [-90.0240085, 35.133765], [-90.0240236, 35.1340791], [-90.0240923, 35.1354689], [-90.024118, 35.1364025], [-90.0241235, 35.1373099], [-90.0241037, 35.1376795], [-90.0240494, 35.1379817], [-90.0239206, 35.1384941], [-90.0238176, 35.138824], [-90.0236547, 35.1392348], [-90.0233198, 35.1399962], [-90.0229507, 35.1409647], [-90.0227619, 35.141828], [-90.0225988, 35.1428387], [-90.022517, 35.1434019], [-90.0224109, 35.1444678]], [[-90.0224109, 35.1444678], [-90.0223331, 35.1452495]], [[-90.0223331, 35.1452495], [-90.0221459, 35.1455624]], [[-90.0221459, 35.1455624], [-90.0220541, 35.1458713], [-90.0219407, 35.146253], [-90.0218168, 35.1466717], [-90.0217352, 35.147021], [-90.0216918, 35.1473237], [-90.0216922, 35.147549]], [[-90.0239421, 35.1324932], [-90.023982, 35.1331006]], [[-90.0238448, 35.1305508], [-90.0239035, 35.1316644], [-90.0239421, 35.1324932]], [[-90.0238192, 35.1301535], [-90.0238448, 35.1305508]], [[-90.0238085, 35.1300055], [-90.0238192, 35.1301535]], [[-90.0237768, 35.1295087], [-90.0238085, 35.1300055]], [[-90.0237393, 35.1272264], [-90.0237112, 35.127426], [-90.023687, 35.1276212], [-90.0237031, 35.1282947], [-90.0237768, 35.1295087]], [[-90.0238018, 35.1269017], [-90.0237393, 35.1272264]], [[-90.0239284, 35.1264893], [-90.0238641, 35.1266648], [-90.0238238, 35.1267876], [-90.0238018, 35.1269017]], [[-90.0245722, 35.1251621], [-90.0241484, 35.1260023], [-90.0239284, 35.1264893]], [[-90.0253285, 35.1235957], [-90.0252373, 35.1238436], [-90.025055, 35.1242472], [-90.024835, 35.1246794], [-90.0245722, 35.1251621]], [[-90.0216922, 35.147549], [-90.021706, 35.1477399], [-90.0217413, 35.1479265], [-90.0217812, 35.1480926]], [[-90.0217812, 35.1480926], [-90.0218449, 35.1482743], [-90.0219176, 35.148446], [-90.0219968, 35.1486007], [-90.0221085, 35.1487805], [-90.0222589, 35.1489844], [-90.0224237, 35.1491722], [-90.0225961, 35.1493338], [-90.0227868, 35.1494857], [-90.0230044, 35.149633], [-90.0232181, 35.1497547], [-90.023405, 35.1498464], [-90.023685, 35.1499596], [-90.023822, 35.1500073], [-90.0240193, 35.1500603], [-90.0242211, 35.1501099], [-90.0245249, 35.1501592], [-90.0247631, 35.1501807]], [[-90.0247631, 35.1501807], [-90.0251039, 35.1501994], [-90.025434, 35.1502083], [-90.0268137, 35.150237]], [[-90.0268137, 35.150237], [-90.0271863, 35.1502416], [-90.0276937, 35.1502429], [-90.0280762, 35.1502039]], [[-90.0280762, 35.1502039], [-90.0286937, 35.1502003], [-90.0292212, 35.1501984]], [[-90.0292212, 35.1501984], [-90.0297222, 35.1502016]], [[-90.0297222, 35.1502016], [-90.0300929, 35.1502132], [-90.0303946, 35.1502308], [-90.0306322, 35.1502531], [-90.0310385, 35.1503011], [-90.0316398, 35.1503812]], [[-90.0316398, 35.1503812], [-90.0321231, 35.1504498]], [[-90.0321231, 35.1504498], [-90.0330995, 35.1505794], [-90.0339348, 35.1506977]], [[-90.0339348, 35.1506977], [-90.0344158, 35.1507609]], [[-90.0344158, 35.1507609], [-90.0371718, 35.1511417], [-90.037678, 35.1512128]], [[-90.037678, 35.1512128], [-90.0402658, 35.1515643]], [[-90.0402658, 35.1515643], [-90.0404058, 35.1516011], [-90.0409531, 35.1516665]], [[-90.0409531, 35.1516665], [-90.0412422, 35.1516912], [-90.0416052, 35.1517279], [-90.0418642, 35.1517482], [-90.0421884, 35.1517732], [-90.0425723, 35.151798], [-90.0432901, 35.1518624]], [[-90.0432901, 35.1518624], [-90.0435403, 35.1518825], [-90.0437582, 35.1519096], [-90.0440116, 35.1519449], [-90.0442585, 35.1519873]], [[-90.0442585, 35.1519873], [-90.0446188, 35.152038], [-90.0450154, 35.1521623]], [[-90.0450154, 35.1521623], [-90.0451044, 35.1521928]], [[-90.0451044, 35.1521928], [-90.0454258, 35.1523701], [-90.0455654, 35.1524287], [-90.045737, 35.15252], [-90.0458736, 35.1526014], [-90.046, 35.1526844]], [[-90.046, 35.1526844], [-90.0465735, 35.1530454]], [[-90.0465735, 35.1530454], [-90.0469211, 35.1532668], [-90.0469852, 35.1533064], [-90.0470494, 35.1533388], [-90.0471439, 35.1533829]], [[-90.0471439, 35.1533829], [-90.0472653, 35.1534194], [-90.0473704, 35.1534369], [-90.0474677, 35.1534464], [-90.0475655, 35.1534456], [-90.0476735, 35.1534331], [-90.0477651, 35.1534137], [-90.0478632, 35.1533856], [-90.0479445, 35.1533505], [-90.0480196, 35.1533088], [-90.048083, 35.1532596], [-90.0481539, 35.1531887], [-90.0482326, 35.1530384], [-90.0483003, 35.1528885]], [[-90.0483003, 35.1528885], [-90.0483273, 35.152836], [-90.0484585, 35.152581]], [[-90.0484585, 35.152581], [-90.0486034, 35.1522293]], [[-90.0486034, 35.1522293], [-90.0486221, 35.152182], [-90.048629, 35.1521644], [-90.0487672, 35.151814]], [[-90.0487672, 35.151814], [-90.0486565, 35.1517848], [-90.048157, 35.1516532], [-90.0481384, 35.1516483], [-90.0475233, 35.1514861]], [[-90.0475233, 35.1514861], [-90.0473716, 35.1518485]], [[-90.0473716, 35.1518485], [-90.0470953, 35.1525325]], [[-90.0470953, 35.1525325], [-90.0465036, 35.1523776], [-90.0453589, 35.1520542]], [[-90.0453589, 35.1520542], [-90.0450974, 35.1520351]], [[-90.0450974, 35.1520351], [-90.0449471, 35.1519759]], [[-90.0449471, 35.1519759], [-90.0446076, 35.1518838], [-90.0443468, 35.1518239], [-90.0441812, 35.1517926]], [[-90.0441812, 35.1517926], [-90.0437959, 35.1517213], [-90.0434674, 35.1516785], [-90.0431452, 35.1516476], [-90.0427672, 35.1516241], [-90.0422022, 35.1515898], [-90.0418238, 35.1515592], [-90.0414533, 35.1515301], [-90.0410118, 35.1514732], [-90.0405117, 35.1514019]], [[-90.0405117, 35.1514019], [-90.0402886, 35.1513858], [-90.0377753, 35.1510453]], [[-90.0377753, 35.1510453], [-90.0375034, 35.1510104]], [[-90.0375034, 35.1510104], [-90.0368253, 35.1509201], [-90.0358002, 35.1507758], [-90.0344363, 35.1505855]], [[-90.0344363, 35.1505855], [-90.0339532, 35.1505212]], [[-90.0339532, 35.1505212], [-90.0321685, 35.1502746]], [[-90.0321685, 35.1502746], [-90.0316815, 35.1502091]], [[-90.0316815, 35.1502091], [-90.0309669, 35.1501124], [-90.0306609, 35.1500815], [-90.0304151, 35.1500602], [-90.0301173, 35.1500402], [-90.0297542, 35.1500232]], [[-90.0297542, 35.1500232], [-90.0292507, 35.1500227]], [[-90.0292507, 35.1500227], [-90.0284577, 35.1500324], [-90.0280301, 35.1500305], [-90.0275753, 35.1500174], [-90.0273107, 35.1499993], [-90.027043, 35.1499708]], [[-90.027043, 35.1499708], [-90.0264791, 35.1498533], [-90.0259937, 35.1497647], [-90.0250907, 35.1496027]], [[-90.0240024, 35.1491998], [-90.0237955, 35.1490509], [-90.0234183, 35.1486955], [-90.0232869, 35.1485212], [-90.0231783, 35.1483466], [-90.0230938, 35.1481813], [-90.0230375, 35.1480363], [-90.0229959, 35.1479115], [-90.0229436, 35.1476843], [-90.0228966, 35.1474388]], [[-90.0250907, 35.1496027], [-90.0247974, 35.1495353], [-90.0245489, 35.1494616], [-90.0243409, 35.1493819], [-90.0241116, 35.1492661], [-90.0240024, 35.1491998]], [[-90.0228966, 35.1474388], [-90.0227706, 35.1468508]], [[-90.0227706, 35.1468508], [-90.0226459, 35.1460539]], [[-90.0226459, 35.1460539], [-90.0226084, 35.1458005], [-90.0225896, 35.1454582]], [[-90.0225896, 35.1454582], [-90.0225278, 35.1450728]], [[-90.0225278, 35.1450728], [-90.0227507, 35.1434518], [-90.0228364, 35.1428816], [-90.022895, 35.1424156], [-90.0229828, 35.1419111], [-90.0231048, 35.1412701], [-90.0234228, 35.1402067], [-90.0238241, 35.1393809], [-90.0239204, 35.1391469], [-90.0240802, 35.1387099], [-90.0242317, 35.1381783], [-90.0243035, 35.1377585]], [[-90.0243035, 35.1377585], [-90.0243287, 35.1375542], [-90.0243422, 35.1370519], [-90.0243356, 35.1359226]], [[-90.0243356, 35.1359226], [-90.0243055, 35.1351364], [-90.0242943, 35.1349008], [-90.0242248, 35.1337196], [-90.0241912, 35.1330743]], [[-90.0241912, 35.1330743], [-90.024118, 35.1325138]], [[-90.024118, 35.1325138], [-90.0240959, 35.1319051], [-90.0240665, 35.1310958], [-90.0240326, 35.1306473]], [[-90.0240326, 35.1306473], [-90.0240326, 35.1301296]], [[-90.0240326, 35.1301296], [-90.0239721, 35.1294603], [-90.023912, 35.1280984], [-90.023915, 35.1275861], [-90.0239284, 35.1273843], [-90.0239553, 35.1272176], [-90.0239874, 35.127064], [-90.0240223, 35.1269127]], [[-90.0240223, 35.1269127], [-90.0240438, 35.1268227], [-90.024092, 35.1266735], [-90.0241617, 35.1264817]], [[-90.0241617, 35.1264817], [-90.0242342, 35.1263072], [-90.0243495, 35.1260637], [-90.0245427, 35.1256754], [-90.0247438, 35.1252893]], [[-90.0247438, 35.1252893], [-90.0248887, 35.1249997], [-90.0251676, 35.1244666], [-90.0252534, 35.1242977], [-90.0253607, 35.1240674], [-90.0254385, 35.1238765], [-90.0255378, 35.1236308]], [[-89.9875762, 35.0687127], [-89.9876809, 35.0687128], [-89.9877159, 35.0687146], [-89.9881295, 35.068719]], [[-89.9881295, 35.068719], [-89.9879649, 35.068636], [-89.9878895, 35.0685855], [-89.9878611, 35.0685624], [-89.9878345, 35.0685313], [-89.9878176, 35.0684977], [-89.9878087, 35.068462], [-89.9878038, 35.0684105], [-89.9878005, 35.0683237]], [[-89.9878005, 35.0683237], [-89.9878939, 35.068184]], [[-89.9878939, 35.068184], [-89.9879937, 35.0680346], [-89.988158, 35.0677886]], [[-89.988158, 35.0677886], [-89.9882076, 35.0677168], [-89.9883063, 35.0675737]], [[-89.9883063, 35.0675737], [-89.9886442, 35.067073], [-89.9886383, 35.0669518]], [[-89.9886383, 35.0669518], [-89.9885032, 35.0670154], [-89.988328, 35.067272]], [[-89.988328, 35.067272], [-89.9881687, 35.0675099]], [[-89.9881687, 35.0675099], [-89.9879397, 35.0678488]], [[-89.9879397, 35.0678488], [-89.9877808, 35.0680841]], [[-89.9877808, 35.0680841], [-89.9877032, 35.0682008]], [[-89.9877032, 35.0682008], [-89.9876376, 35.0683018]], [[-89.9876376, 35.0683018], [-89.9874737, 35.0685539], [-89.9874522, 35.0685882], [-89.9874083, 35.0686597], [-89.9873471, 35.0687616]], [[-89.9873471, 35.0687616], [-89.9875762, 35.0687127]], [[-89.9547738, 35.0472196], [-89.9548154, 35.0466734], [-89.9548264, 35.0458184], [-89.9548252, 35.044081], [-89.954825, 35.044052], [-89.9548223, 35.0436094], [-89.9548218, 35.0435321]], [[-89.9548218, 35.0435321], [-89.9548193, 35.0431107]], [[-89.9847548, 35.0522679], [-89.9838143, 35.051959], [-89.983313, 35.0517717], [-89.9830747, 35.0516542]], [[-89.9830747, 35.0516542], [-89.9829054, 35.0515537], [-89.9826275, 35.0513399], [-89.9823995, 35.0511124], [-89.9822614, 35.0509108], [-89.9821849, 35.0507065], [-89.9821582, 35.0504626]], [[-89.9821582, 35.0504626], [-89.982154, 35.0503429], [-89.9821835, 35.0500253]], [[-89.9820146, 35.0505472], [-89.9820815, 35.0502594], [-89.9821835, 35.0500253]], [[-89.981998, 35.0517277], [-89.9819652, 35.0515142], [-89.9819486, 35.0512663], [-89.981979, 35.0509477], [-89.9820146, 35.0505472]], [[-89.9821214, 35.0522199], [-89.981998, 35.0517277]], [[-89.9825986, 35.0520742], [-89.9828345, 35.0521533], [-89.9830138, 35.0522427], [-89.9831339, 35.0523622], [-89.9831719, 35.0524719], [-89.9831546, 35.0525917], [-89.9831181, 35.0526918], [-89.983024, 35.0527988], [-89.9829228, 35.0528614], [-89.9828051, 35.052897], [-89.9826792, 35.0529018], [-89.982551, 35.052872], [-89.9824298, 35.05282], [-89.9823557, 35.0527525], [-89.9822921, 35.0526562], [-89.9822168, 35.0524771], [-89.9821214, 35.0522199]], [[-89.9913901, 35.0547793], [-89.9913597, 35.0541641]], [[-89.9913597, 35.0541641], [-89.9913441, 35.0538489], [-89.9913172, 35.0533064]], [[-89.9907278, 35.0532998], [-89.9913172, 35.0533064]], [[-89.9904984, 35.0532972], [-89.9906408, 35.0533023], [-89.9907278, 35.0532998]], [[-89.9903067, 35.0532892], [-89.9904984, 35.0532972]], [[-89.9898142, 35.0532686], [-89.9903067, 35.0532892]], [[-89.9898142, 35.0532686], [-89.989634, 35.0532134], [-89.9893789, 35.0531835]], [[-89.9893789, 35.0531835], [-89.9890751, 35.053181]], [[-89.9890751, 35.053181], [-89.9886466, 35.053153], [-89.9879783, 35.0531357], [-89.9876242, 35.0531068], [-89.98727, 35.0530519], [-89.9868405, 35.0529507], [-89.986321, 35.0528196]], [[-89.986321, 35.0528196], [-89.9857915, 35.0526363], [-89.985548, 35.0525546], [-89.9854015, 35.0525043]], [[-89.9854015, 35.0525043], [-89.9847548, 35.0522679]], [[-89.9802996, 35.0483539], [-89.980309, 35.0487575], [-89.9803181, 35.0491908], [-89.9803218, 35.0495171], [-89.9803242, 35.0496362], [-89.9803314, 35.0500039], [-89.9803526, 35.05029], [-89.980422, 35.0504875], [-89.9804985, 35.0506088]], [[-89.9804985, 35.0506088], [-89.9805326, 35.0506628], [-89.980682, 35.0507919]], [[-89.980682, 35.0507919], [-89.9807738, 35.0509816], [-89.9807921, 35.0511029], [-89.9807671, 35.0512173], [-89.9807056, 35.0513317], [-89.9805741, 35.0514216], [-89.9804181, 35.0514743]], [[-89.9804181, 35.0514743], [-89.9805505, 35.0518178]], [[-89.9821835, 35.0500253], [-89.9823841, 35.0495688]], [[-89.9823841, 35.0495688], [-89.982404, 35.0495354], [-89.9826493, 35.0491406], [-89.9828932, 35.0487673], [-89.983009, 35.0485901], [-89.9830985, 35.0484451], [-89.9832782, 35.0481544], [-89.9833984, 35.0476378], [-89.9834325, 35.0473207], [-89.9834298, 35.0472666], [-89.9834248, 35.0471655], [-89.9834177, 35.0470236], [-89.9834161, 35.0469913], [-89.9834124, 35.0468547], [-89.9834107, 35.0467373]], [[-89.9834107, 35.0467373], [-89.9833978, 35.0458201]], [[-89.9833978, 35.0458201], [-89.9833947, 35.0455989], [-89.9833884, 35.045006], [-89.9833863, 35.0448127], [-89.9832954, 35.0446819], [-89.9831887, 35.0446331], [-89.9831157, 35.0446056], [-89.9830041, 35.0445902]], [[-89.9830041, 35.0445902], [-89.9824615, 35.0446007]], [[-89.9824615, 35.0446007], [-89.9822002, 35.0446047]], [[-89.9822002, 35.0446047], [-89.9811288, 35.0446254]], [[-89.9811288, 35.0446254], [-89.9808749, 35.0446302]], [[-89.9808749, 35.0446302], [-89.9803205, 35.0446425]], [[-89.9803205, 35.0446425], [-89.980143, 35.044644], [-89.980038, 35.044675], [-89.9799783, 35.04473], [-89.979947, 35.044794], [-89.979928, 35.04497], [-89.97993, 35.0450258], [-89.9799604, 35.0458621]], [[-89.9799604, 35.0458621], [-89.979966, 35.046015], [-89.980004, 35.046289], [-89.9802196, 35.047118]], [[-89.9802196, 35.047118], [-89.9802749, 35.047486], [-89.9802914, 35.0477778], [-89.9802996, 35.0483539]], [[-89.9825986, 35.0520742], [-89.9834998, 35.0521936], [-89.9842122, 35.0523903], [-89.9848341, 35.0526194]], [[-89.9848341, 35.0526194], [-89.9853705, 35.052817]], [[-89.9853705, 35.052817], [-89.9856271, 35.0529431], [-89.986166, 35.0531979]], [[-89.986166, 35.0531979], [-89.9865582, 35.053361], [-89.9867845, 35.0534271], [-89.9870424, 35.0534816], [-89.987317, 35.0535129], [-89.98753, 35.0535191], [-89.9877355, 35.0535129], [-89.9879842, 35.0534979], [-89.9883221, 35.0534094], [-89.9887109, 35.0533327], [-89.9890822, 35.0533071], [-89.9896464, 35.0533176], [-89.9898142, 35.0532686]], [[-89.9805505, 35.0518178], [-89.9806171, 35.0519906], [-89.9806461, 35.0520659]], [[-89.9806461, 35.0520659], [-89.9806794, 35.0521822]], [[-89.9802103, 35.0522167], [-89.9806169, 35.0521868], [-89.9806794, 35.0521822]], [[-89.9794823, 35.0522702], [-89.9802103, 35.0522167]], [[-89.9780267, 35.0524067], [-89.9793199, 35.0522849], [-89.9794823, 35.0522702]], [[-89.9744144, 35.0527209], [-89.9780267, 35.0524067]], [[-89.9705467, 35.052856], [-89.9707269, 35.0528589], [-89.9717516, 35.0528752], [-89.9722528, 35.0528868], [-89.97247, 35.0528779], [-89.9727258, 35.0528675], [-89.9735494, 35.0528097], [-89.9744144, 35.0527209]], [[-89.9698219, 35.0528348], [-89.9705467, 35.052856]], [[-89.967792, 35.0527024], [-89.9682311, 35.0527847], [-89.9689771, 35.0528117], [-89.9698219, 35.0528348]], [[-89.9670857, 35.0526825], [-89.967792, 35.0527024]], [[-89.9645738, 35.0526173], [-89.9654154, 35.0526387], [-89.9664005, 35.0526637], [-89.9664537, 35.0526651], [-89.9667675, 35.052673], [-89.966815, 35.0526749], [-89.9670857, 35.0526825]], [[-89.9640015, 35.0526027], [-89.9645738, 35.0526173]], [[-89.9634143, 35.0525821], [-89.9640015, 35.0526027]], [[-89.9629603, 35.0525662], [-89.9630458, 35.0525691], [-89.9634143, 35.0525821]], [[-89.9595098, 35.0524502], [-89.9629603, 35.0525662]], [[-89.9590233, 35.0524373], [-89.9595098, 35.0524502]], [[-89.9548228, 35.0523262], [-89.9551322, 35.0523344], [-89.9553262, 35.0523395], [-89.9562887, 35.052365], [-89.956638, 35.0523742], [-89.9571402, 35.0523874], [-89.9590233, 35.0524373]], [[-89.9516761, 35.052252], [-89.9518828, 35.0522569], [-89.9521012, 35.052262], [-89.9523776, 35.0522685], [-89.9526284, 35.0522744], [-89.9535543, 35.0522963], [-89.9538361, 35.0523029], [-89.9539172, 35.0523048], [-89.9542131, 35.0523118], [-89.9548228, 35.0523262]], [[-89.9516761, 35.052252], [-89.9517071, 35.0520881], [-89.9517431, 35.0518973], [-89.9517739, 35.0517949]], [[-89.9517739, 35.0517949], [-89.9517931, 35.0517285], [-89.9518187, 35.051658]], [[-89.9518187, 35.051658], [-89.9518415, 35.0516001], [-89.9518816, 35.0514983], [-89.9519679, 35.0512792], [-89.9522152, 35.0508505], [-89.9525514, 35.0504092], [-89.9529088, 35.0500404], [-89.9531008, 35.0498333], [-89.9535648, 35.0493393], [-89.9536451, 35.0492545], [-89.953872, 35.0489717], [-89.9540547, 35.048725]], [[-89.9540547, 35.048725], [-89.9542973, 35.0483707]], [[-89.9542973, 35.0483707], [-89.954499, 35.0480067]], [[-89.954499, 35.0480067], [-89.9547738, 35.0472196]], [[-89.9547579, 35.027965], [-89.9547578, 35.0278353], [-89.9547937, 35.0274616], [-89.954785, 35.0272355], [-89.9547786, 35.0270698], [-89.9546932, 35.0263148], [-89.9546656, 35.0259436], [-89.9546558, 35.0248722], [-89.9546553, 35.0248229], [-89.9546506, 35.0242722], [-89.9546409, 35.0231333], [-89.9546382, 35.0228172], [-89.9546327, 35.022169], [-89.9546242, 35.0219153], [-89.954588, 35.0215699], [-89.9545618, 35.0212453]], [[-89.9545618, 35.0212453], [-89.9545611, 35.0207798]], [[-89.9545611, 35.0207798], [-89.9545824, 35.0202459]], [[-89.9545824, 35.0202459], [-89.9545819, 35.0201833], [-89.9545808, 35.0200288], [-89.9545797, 35.0198756], [-89.9545754, 35.0192949], [-89.9545745, 35.0191762], [-89.9545714, 35.0187624], [-89.9545774, 35.0165274], [-89.9545705, 35.0162798], [-89.9545624, 35.0159924], [-89.9545574, 35.0158014], [-89.9545714, 35.0153704], [-89.9545724, 35.0153274], [-89.9545774, 35.0151574], [-89.9545974, 35.0141334], [-89.9545774, 35.0134404], [-89.9545574, 35.0112604], [-89.9545594, 35.0106614], [-89.9545644, 35.0094504], [-89.9545697, 35.0079579]], [[-89.9545697, 35.0079579], [-89.954572, 35.0073699], [-89.9545743, 35.0067342]], [[-89.9545743, 35.0067342], [-89.9545396, 35.006214]], [[-89.9539908, 35.0062113], [-89.9545396, 35.006214]], [[-89.9537451, 35.0062101], [-89.9539908, 35.0062113]], [[-89.9531154, 35.006204], [-89.9537451, 35.0062101]], [[-89.991576, 35.0612295], [-89.991588, 35.0606288], [-89.991597, 35.0605333], [-89.9916181, 35.0598325], [-89.9916284, 35.0596313], [-89.9916605, 35.0581129], [-89.9915714, 35.056625], [-89.9915492, 35.0562539], [-89.9915263, 35.0558717], [-89.9915175, 35.0557249], [-89.9914679, 35.0548737], [-89.9913901, 35.0547793]], [[-89.9913901, 35.0547793], [-89.9913142, 35.0548975], [-89.9914937, 35.0581165], [-89.9914845, 35.0596319], [-89.9914836, 35.0598372], [-89.9914825, 35.0598908]], [[-89.9914825, 35.0598908], [-89.9914688, 35.060533], [-89.9914669, 35.0606203]], [[-89.9914669, 35.0606203], [-89.991588, 35.0606288], [-89.9917117, 35.0606272], [-89.9922185, 35.0606403], [-89.9923999, 35.0606627]], [[-89.991576, 35.0612295], [-89.9916702, 35.0610583], [-89.9917375, 35.0609536], [-89.991798, 35.0608826], [-89.9918742, 35.060822], [-89.991946, 35.0607764], [-89.9920187, 35.060742], [-89.9920986, 35.0607169], [-89.9921995, 35.0606991], [-89.9923999, 35.0606627]], [[-89.9915628, 35.061603], [-89.9915738, 35.0615044], [-89.991576, 35.0612295]], [[-89.9915298, 35.0618523], [-89.9915445, 35.0617665], [-89.9915628, 35.061603]], [[-89.9914528, 35.0622568], [-89.9914962, 35.0620491], [-89.9915298, 35.0618523]], [[-89.9933489, 35.0606347], [-89.9933074, 35.0607665], [-89.9928347, 35.0622684], [-89.9917408, 35.062329], [-89.9915963, 35.0623067], [-89.9915807, 35.0623012], [-89.9914528, 35.0622568]], [[-89.9930277, 35.0606253], [-89.9933489, 35.0606347]], [[-89.9923999, 35.0606627], [-89.9928314, 35.060673], [-89.9930277, 35.0606253]], [[-89.9933489, 35.0606347], [-89.9934862, 35.0606387], [-89.9936925, 35.0606447], [-89.9937237, 35.0606456]], [[-89.9937237, 35.0606456], [-89.9942249, 35.0606585]], [[-89.9942249, 35.0606585], [-89.9946223, 35.0606693], [-89.9948403, 35.0606752], [-89.9949761, 35.0606787]], [[-89.9949761, 35.0606787], [-89.9949657, 35.0610414], [-89.9949642, 35.0610909], [-89.9949623, 35.0611534]], [[-89.9949623, 35.0611534], [-89.9949555, 35.0613729], [-89.9949486, 35.0615973], [-89.9949468, 35.0616546], [-89.9949387, 35.06192], [-89.9949381, 35.0619406], [-89.9949335, 35.0620901], [-89.9949312, 35.0622156], [-89.9949217, 35.0627238], [-89.9949185, 35.0628944], [-89.9949143, 35.0631231], [-89.9949111, 35.0632932], [-89.9949, 35.0638891], [-89.9948962, 35.0640933], [-89.9948883, 35.0645843], [-89.9948858, 35.0647365], [-89.9947174, 35.0649865], [-89.9946258, 35.0651225], [-89.9944159, 35.0653261], [-89.9941228, 35.0654205], [-89.9937989, 35.065476], [-89.9936648, 35.0654605], [-89.9931784, 35.06536], [-89.9930749, 35.0653309]], [[-89.9930749, 35.0653309], [-89.9929349, 35.0652964], [-89.9926847, 35.0652348]], [[-89.9926847, 35.0652348], [-89.9921037, 35.0650934], [-89.9916105, 35.0648837], [-89.9913638, 35.0647657], [-89.9909461, 35.0645658]], [[-89.9909461, 35.0645658], [-89.9907746, 35.0644837], [-89.9904959, 35.0643504]], [[-89.9904959, 35.0643504], [-89.9903982, 35.0643082]], [[-89.9903982, 35.0643082], [-89.9902445, 35.0645381], [-89.9901225, 35.0647206], [-89.9899681, 35.0649517], [-89.9895871, 35.0654611], [-89.9895796, 35.0655813]], [[-89.9895796, 35.0655813], [-89.9897017, 35.0655253], [-89.9899709, 35.0651323], [-89.9900653, 35.0649946], [-89.9902807, 35.0646723], [-89.9904959, 35.0643504]], [[-89.9904959, 35.0643504], [-89.9909027, 35.0636937], [-89.9909561, 35.0636009], [-89.9910291, 35.0634777], [-89.9912808, 35.0628523], [-89.9913977, 35.0624521], [-89.9914528, 35.0622568]], [[-90.0255378, 35.1236308], [-90.0256316, 35.1233302], [-90.0256826, 35.1231087], [-90.0257228, 35.1228432], [-90.0257416, 35.1226962]], [[-90.0257416, 35.1226962], [-90.0257577, 35.1224988], [-90.0257738, 35.1222136], [-90.0258113, 35.1215576], [-90.0258811, 35.1201952], [-90.0258945, 35.1199429], [-90.0259133, 35.1197433], [-90.0259374, 35.1195392], [-90.0259776, 35.1193484]], [[-90.0259776, 35.1193484], [-90.0260098, 35.1192211], [-90.026042, 35.1191026], [-90.0260876, 35.1189578]], [[-90.0260876, 35.1189578], [-90.0261386, 35.118813], [-90.0261949, 35.1186726], [-90.0262432, 35.1185651], [-90.0263102, 35.1184181], [-90.0264014, 35.1182448], [-90.026557, 35.1179596], [-90.0267447, 35.1176151], [-90.0268574, 35.1174155], [-90.0275065, 35.1162549], [-90.0276111, 35.1160684], [-90.0278203, 35.1156844], [-90.0279866, 35.1153772], [-90.028051, 35.1152697], [-90.0281502, 35.1150854], [-90.0282361, 35.1149033], [-90.0283112, 35.1147344], [-90.0283916, 35.1145611], [-90.0284533, 35.1144184], [-90.0285338, 35.1142188], [-90.0285955, 35.1140652], [-90.0286545, 35.1138963], [-90.028743, 35.1136176], [-90.0288074, 35.1134004], [-90.0288798, 35.1131152], [-90.0288986, 35.1130625]], [[-90.0288986, 35.1130625], [-90.0290407, 35.1123143], [-90.0290836, 35.1119523], [-90.0291158, 35.1116034], [-90.0291346, 35.1111624], [-90.0291721, 35.1103901], [-90.029207, 35.1100938]], [[-90.029207, 35.1100938], [-90.0292177, 35.1097713], [-90.0292306, 35.109533]], [[-90.0292306, 35.109533], [-90.0292446, 35.1084745], [-90.0292607, 35.1079391], [-90.029325, 35.1072238]], [[-90.029325, 35.1072238], [-90.0293411, 35.1065875], [-90.0293626, 35.1060389]], [[-90.0293626, 35.1060389], [-90.0294162, 35.1040114], [-90.0294699, 35.1028132], [-90.0294699, 35.1023041], [-90.0294591, 35.1019794], [-90.0294484, 35.1017907], [-90.0294162, 35.10158], [-90.0293733, 35.1013957], [-90.0293304, 35.1012157], [-90.0292553, 35.1009612], [-90.0291909, 35.1007768], [-90.029148, 35.1006627], [-90.0290622, 35.1004521], [-90.0289334, 35.1001756], [-90.0288047, 35.0999122], [-90.0286598, 35.0996226], [-90.0284828, 35.0992714], [-90.028279, 35.0988457], [-90.0280805, 35.0984639], [-90.0277211, 35.0977704], [-90.0275172, 35.0973622], [-90.0273295, 35.096976], [-90.0271632, 35.0966293], [-90.0269432, 35.0961026], [-90.026793, 35.0957339], [-90.0266589, 35.0953959], [-90.0265463, 35.095058], [-90.0264229, 35.094698], [-90.0263102, 35.0943118]], [[-90.0263102, 35.0943118], [-90.0261922, 35.0939299]], [[-90.0261922, 35.0939299], [-90.0261225, 35.0936359], [-90.0260688, 35.0934252], [-90.0260206, 35.0932496], [-90.025983, 35.093074], [-90.0259455, 35.0929072], [-90.0259025, 35.0927273], [-90.025865, 35.0925341], [-90.0258274, 35.0923278], [-90.0257845, 35.0920689], [-90.0257523, 35.0918494], [-90.0257255, 35.0916387], [-90.0256933, 35.0914236], [-90.0256611, 35.0911208], [-90.0256182, 35.0906818]], [[-90.0256182, 35.0906818], [-90.0256021, 35.0903526]], [[-90.0256021, 35.0903526], [-90.025586, 35.0900937], [-90.0255699, 35.0897952], [-90.0255646, 35.089523], [-90.0255646, 35.0891368], [-90.0255753, 35.0880569], [-90.025586, 35.0868718], [-90.0256129, 35.0862923]], [[-90.0256129, 35.0862923], [-90.0256558, 35.0834522], [-90.025688, 35.0815997], [-90.0257148, 35.0797515]], [[-90.0257148, 35.0797515], [-90.0257684, 35.0792467], [-90.0258167, 35.078913], [-90.0258757, 35.078553], [-90.0261203, 35.0777195], [-90.0261976, 35.0775318], [-90.0262515, 35.0774008]], [[-90.0262515, 35.0774008], [-90.0264636, 35.0768854]], [[-90.0264636, 35.0768854], [-90.0272812, 35.0752516]], [[-90.0272812, 35.0752516], [-90.0274421, 35.0748653]], [[-90.0274421, 35.0748653], [-90.0279227, 35.0733908]], [[-90.0093426, 35.0723835], [-90.009212, 35.0722384], [-90.0091146, 35.0721196], [-90.009028, 35.0720152], [-90.0089807, 35.0719375], [-90.0089088, 35.0718182], [-90.0088459, 35.0716701], [-90.0088295, 35.0715624], [-90.0088101, 35.0714754], [-90.008792, 35.0713184], [-90.00878, 35.0711825], [-90.0087585, 35.0710432], [-90.0087163, 35.0709505], [-90.0086368, 35.0708511], [-90.0085525, 35.0707834], [-90.0084676, 35.0707431], [-90.0083997, 35.0707196], [-90.0083014, 35.0706944], [-90.0081834, 35.0707013], [-90.0080681, 35.0707211], [-90.0078696, 35.0707946], [-90.0076925, 35.0709058], [-90.0076097, 35.0709534]], [[-90.0255807, 35.0749312], [-90.0255431, 35.0769024]], [[-90.0255431, 35.0769024], [-90.0255489, 35.077439], [-90.0255498, 35.0775258], [-90.0255195, 35.0783692], [-90.0255163, 35.0794705], [-90.0254787, 35.0814548], [-90.0254144, 35.0852125], [-90.0253983, 35.0864196], [-90.0253607, 35.0885661], [-90.0253554, 35.0895494], [-90.0253715, 35.0899093], [-90.0253983, 35.0904009]], [[-90.0253983, 35.0904009], [-90.0254251, 35.0907301]], [[-90.0254251, 35.0907301], [-90.0254627, 35.0911735], [-90.0254948, 35.0914588], [-90.0255378, 35.0917441], [-90.0255646, 35.091924], [-90.0256021, 35.0921567], [-90.0256343, 35.0923586], [-90.0256719, 35.0926], [-90.0257094, 35.0927887], [-90.0257577, 35.0930214], [-90.0258113, 35.0932628], [-90.0258543, 35.0934603], [-90.0259025, 35.0936754], [-90.0259776, 35.0939431]], [[-90.0291266, 35.1062101], [-90.0290944, 35.1071843]], [[-90.0290944, 35.1071843], [-90.0290602, 35.1077378]], [[-90.0290602, 35.1077378], [-90.02903, 35.1082288], [-90.0289924, 35.1091679], [-90.0289777, 35.1095244]], [[-90.0289777, 35.1095244], [-90.0289361, 35.1102101]], [[-90.0289361, 35.1102101], [-90.0289442, 35.1105568], [-90.0289254, 35.1111032], [-90.0289147, 35.111316], [-90.0288959, 35.1115946], [-90.0288411, 35.1120948], [-90.0288307, 35.1121733], [-90.0287859, 35.1125008], [-90.0287349, 35.112797], [-90.0286786, 35.113045], [-90.0286357, 35.1132139], [-90.0285982, 35.1133521], [-90.0285499, 35.1135123], [-90.0285016, 35.1136725], [-90.028456, 35.1138085], [-90.0284024, 35.1139533], [-90.0283407, 35.1141266], [-90.0282522, 35.1143504], [-90.0281851, 35.1145106], [-90.0281315, 35.1146291], [-90.0280698, 35.1147695], [-90.0280054, 35.1148946], [-90.0279383, 35.115024], [-90.0278659, 35.1151535], [-90.0277962, 35.1152895], [-90.0276111, 35.1156361], [-90.0272919, 35.1162154], [-90.0266133, 35.1174243], [-90.0263961, 35.1178301], [-90.02627, 35.1180605], [-90.0261654, 35.1182404], [-90.0260581, 35.1184664], [-90.0259669, 35.1186792], [-90.0259079, 35.1188328], [-90.025865, 35.1189447]], [[-90.0260849, 35.0943118], [-90.0261761, 35.094619], [-90.0262673, 35.0949219], [-90.0263961, 35.0952906], [-90.0265087, 35.0955803], [-90.0266321, 35.0958919], [-90.0267555, 35.0961903], [-90.0268842, 35.0964976], [-90.0270076, 35.0967785], [-90.0271471, 35.0970813], [-90.0273509, 35.0974895], [-90.0275923, 35.0979723], [-90.0278284, 35.0984419], [-90.0280108, 35.0987974], [-90.0282039, 35.0991749], [-90.0283755, 35.0995172], [-90.0285418, 35.0998552], [-90.028692, 35.100158], [-90.0288208, 35.1004345], [-90.0289281, 35.1006847], [-90.0290461, 35.1009831], [-90.0291158, 35.1012069], [-90.0291641, 35.1014176], [-90.0292177, 35.1016809], [-90.0292499, 35.1019486], [-90.0292607, 35.1022208], [-90.0292553, 35.1025982], [-90.0292392, 35.1030239], [-90.0291909, 35.1043976], [-90.0291426, 35.105464], [-90.0291266, 35.1062101]], [[-90.0259776, 35.0939431], [-90.0260849, 35.0943118]], [[-90.025865, 35.1189447], [-90.0258301, 35.1190697], [-90.0257952, 35.119186], [-90.0257604, 35.1193462]], [[-90.0257604, 35.1193462], [-90.0257362, 35.11948], [-90.0257148, 35.1196094], [-90.0256987, 35.1197498], [-90.0256826, 35.119921], [-90.0256638, 35.1201864], [-90.0256477, 35.1204804], [-90.0256263, 35.1209016], [-90.0255565, 35.1222574], [-90.0255378, 35.1225448], [-90.0255243, 35.1226831], [-90.0255056, 35.1228366]], [[-90.0255056, 35.1228366], [-90.0254787, 35.1230385], [-90.0254358, 35.1232359], [-90.0253902, 35.1234136], [-90.0253285, 35.1235957]], [[-90.0095207, 35.0724651], [-90.0093426, 35.0723835]], [[-90.0076097, 35.0709534], [-90.007598, 35.0709244]], [[-89.9531154, 35.006204], [-89.9528853, 35.0062032], [-89.951989, 35.0061999], [-89.9519201, 35.0061996], [-89.9515655, 35.0061983]], [[-89.9515655, 35.0061983], [-89.9495843, 35.0061973]], [[-89.9495843, 35.0061973], [-89.9485869, 35.0061903], [-89.9459427, 35.0061717], [-89.9450983, 35.0061658]], [[-89.9450983, 35.0061658], [-89.9439041, 35.0061588], [-89.942094, 35.0061423], [-89.9415044, 35.0061389], [-89.9413504, 35.006138], [-89.9402055, 35.0061304], [-89.9368291, 35.0061071]], [[-89.9368291, 35.0061071], [-89.9368291, 35.0055787]], [[-89.9368291, 35.0055787], [-89.9368291, 35.0052939]], [[-89.9368291, 35.0052939], [-89.9368291, 35.0039659], [-89.9368291, 35.0036825], [-89.9368297, 35.0035746], [-89.9368053, 35.0016564]], [[-89.9368053, 35.0016564], [-89.9358654, 35.0016375], [-89.935324, 35.0016298]], [[-89.9305684, 35.0016665], [-89.9309608, 35.0016603], [-89.9324299, 35.001637], [-89.9325236, 35.0016366], [-89.9328208, 35.0016354], [-89.9344988, 35.0016283], [-89.9346534, 35.0016277]], [[-90.007598, 35.0709244], [-90.0074145, 35.0709928], [-90.0073053, 35.0710415], [-90.0071596, 35.0711065], [-90.0066812, 35.071335], [-90.0062899, 35.071484]], [[-90.0062899, 35.071484], [-90.0058544, 35.0715731]], [[-90.0058544, 35.0715731], [-90.0053656, 35.0716353], [-90.0047064, 35.071631], [-90.0046757, 35.0716284], [-90.0041169, 35.0715806], [-90.0038652, 35.0715591], [-90.0032947, 35.0715077]], [[-90.0032947, 35.0715077], [-90.0032304, 35.0715019], [-90.0026989, 35.071454]], [[-90.0026989, 35.071454], [-90.0023503, 35.0714293], [-90.0019939, 35.0714422], [-90.0015234, 35.0715216], [-90.001483, 35.0715309], [-90.0009154, 35.071661], [-90.0005925, 35.0717426]], [[-90.0005925, 35.0717426], [-90.0001554, 35.071853]], [[-90.0001554, 35.071853], [-89.9998409, 35.0719205], [-89.9993783, 35.0719602], [-89.9990376, 35.0719527], [-89.998727, 35.0719023], [-89.9983037, 35.0718101], [-89.9980146, 35.0717541]], [[-89.9980146, 35.0717541], [-89.9979604, 35.0717436]], [[-89.9979604, 35.0717436], [-89.9977463, 35.0717276], [-89.9976027, 35.0717168], [-89.9971231, 35.071764], [-89.9970203, 35.0717859], [-89.9966801, 35.0718583], [-89.9965509, 35.0719045], [-89.9962424, 35.0720149], [-89.9960389, 35.0721224], [-89.9959135, 35.0721887], [-89.9957324, 35.0723217], [-89.995696, 35.0723485], [-89.9953763, 35.0726445], [-89.9951076, 35.0728965], [-89.9950649, 35.0729253], [-89.9947944, 35.0731078], [-89.9944616, 35.0732815], [-89.9941536, 35.0733791], [-89.9938367, 35.0734584], [-89.9938064, 35.073466], [-89.9935656, 35.073491], [-89.993526, 35.0734951], [-89.9934657, 35.0735014], [-89.993049, 35.0735014], [-89.9927148, 35.0734671], [-89.9924761, 35.0734125]], [[-89.9924761, 35.0734125], [-89.9923636, 35.0733898], [-89.9920286, 35.0732579]], [[-89.9920286, 35.0732579], [-89.9916101, 35.0730091], [-89.9913733, 35.0728311], [-89.9910675, 35.0725194]], [[-89.9910675, 35.0725194], [-89.9908701, 35.0721971], [-89.9906588, 35.0716374]], [[-89.9906588, 35.0716374], [-89.9905671, 35.0713424], [-89.990532, 35.0712349], [-89.9903731, 35.0707494], [-89.9902085, 35.070246], [-89.9901196, 35.0698168], [-89.9901059, 35.0696295], [-89.9900912, 35.0694289], [-89.9900823, 35.0693073]], [[-89.9900823, 35.0693073], [-89.9900534, 35.0689117], [-89.9900419, 35.068754]], [[-89.9900419, 35.068754], [-89.9898929, 35.0687518]], [[-89.9898929, 35.0687518], [-89.9899072, 35.0689168], [-89.9899673, 35.0696127], [-89.9899789, 35.0697473], [-89.990051, 35.070236], [-89.9901244, 35.0704384], [-89.9902408, 35.0707593], [-89.990487, 35.0714378], [-89.9905666, 35.0716572]], [[-89.9905666, 35.0716572], [-89.9906501, 35.0718875], [-89.99082, 35.072306], [-89.9909845, 35.0725526]], [[-89.9909845, 35.0725526], [-89.9910045, 35.0725825], [-89.9911671, 35.0727804], [-89.9914619, 35.0730357], [-89.9919739, 35.0733297], [-89.9924639, 35.0735187], [-89.9924719, 35.0735197], [-89.9929923, 35.0736181], [-89.9934906, 35.0736017], [-89.9936803, 35.0735671], [-89.9939152, 35.0735429], [-89.994286, 35.073465], [-89.9948973, 35.073201], [-89.9952551, 35.0729415], [-89.9958205, 35.0724017], [-89.9960043, 35.0722871], [-89.9961139, 35.0722187], [-89.9961359, 35.072205], [-89.996533, 35.0720167], [-89.9970907, 35.0718686], [-89.9977614, 35.0718377], [-89.9979437, 35.071869]], [[-89.9979437, 35.071869], [-89.9980141, 35.071881]], [[-89.9980141, 35.071881], [-89.998159, 35.0719059], [-89.9986762, 35.0719946], [-89.9992443, 35.072065], [-89.9997025, 35.0720466], [-90.0001861, 35.0719468], [-90.0011219, 35.0717275], [-90.0017258, 35.071586], [-90.0022977, 35.0715363], [-90.0027658, 35.071542], [-90.0033404, 35.0715783], [-90.004245, 35.0716652], [-90.0051129, 35.0717311], [-90.0053706, 35.0717105]], [[-90.0053706, 35.0717105], [-90.0058873, 35.0716693]], [[-90.0058873, 35.0716693], [-90.0062972, 35.0715775], [-90.0066561, 35.0714432], [-90.0069559, 35.0712993], [-90.0069927, 35.0712833]], [[-90.0069927, 35.0712833], [-90.0073198, 35.0711128], [-90.0074412, 35.0710495]], [[-90.0074412, 35.0710495], [-90.0075714, 35.0714611], [-90.0076022, 35.0716194], [-90.0076248, 35.0718218], [-90.0076424, 35.0720224], [-90.0076091, 35.0723364]], [[-90.0076091, 35.0723364], [-90.0075666, 35.0728027]], [[-90.0279227, 35.0733908], [-90.0279764, 35.0731712]], [[-90.0279764, 35.0731712], [-90.0280622, 35.0726181]], [[-90.0136806, 35.0724763], [-90.0137931, 35.0724558], [-90.0161983, 35.0720167], [-90.018825, 35.0715883], [-90.01967, 35.0715233], [-90.0207717, 35.0715367], [-90.0216167, 35.0716167], [-90.0226672, 35.0718349], [-90.0226917, 35.07184]], [[-90.0280622, 35.0726181], [-90.0280875, 35.0723828]], [[-90.0280875, 35.0723828], [-90.0280239, 35.0719651], [-90.0280102, 35.0718597], [-90.0279912, 35.0717534], [-90.0279641, 35.071645], [-90.027931, 35.0715334], [-90.0278922, 35.0714335], [-90.0278455, 35.0713309], [-90.027792, 35.0712349], [-90.027731, 35.0711324], [-90.0276653, 35.0710414], [-90.0275884, 35.0709492], [-90.0275088, 35.070863], [-90.0274236, 35.0707805], [-90.027333, 35.0707041], [-90.0272346, 35.0706297], [-90.0271312, 35.0705595], [-90.0270256, 35.0704959], [-90.0269125, 35.0704347], [-90.0267978, 35.0703805], [-90.0266788, 35.0703329], [-90.0265561, 35.0702897], [-90.0264336, 35.0702537], [-90.0263058, 35.0702234], [-90.026179, 35.0701991], [-90.0260494, 35.0701807], [-90.0259142, 35.0701685], [-90.0258056, 35.0701625], [-90.0256816, 35.0701604], [-90.0255178, 35.0701698], [-90.0253886, 35.0701819], [-90.0252845, 35.0701969], [-90.0251584, 35.0702203], [-90.0250292, 35.0702504], [-90.0249019, 35.070287], [-90.0247816, 35.0703269], [-90.0246632, 35.0703712], [-90.0245488, 35.0704188], [-90.0244309, 35.0704721], [-90.0243172, 35.0705265], [-90.0242099, 35.07058], [-90.0239733, 35.0707013], [-90.0236448, 35.0708703], [-90.0227729, 35.071178], [-90.0221828, 35.071257], [-90.0207344, 35.0711604], [-90.0198975, 35.0711253], [-90.019168, 35.0711692], [-90.0175479, 35.0714502]], [[-90.0175479, 35.0714502], [-90.0145336, 35.0720329]], [[-90.0145336, 35.0720329], [-90.0141289, 35.0720492], [-90.0137746, 35.072097], [-90.0125096, 35.0722581], [-90.0114578, 35.0724258], [-90.0109013, 35.07253], [-90.0106643, 35.0725661], [-90.0104641, 35.0725901], [-90.0101139, 35.0726271]], [[-90.0101139, 35.0726271], [-90.0099586, 35.072609], [-90.0098462, 35.0725876], [-90.0097379, 35.0725577], [-90.0096386, 35.0725234], [-90.0095207, 35.0724651]], [[-90.0226917, 35.07184], [-90.023205, 35.0719813], [-90.0235158, 35.0720668], [-90.0240737, 35.0722635], [-90.0245029, 35.0725023], [-90.0249063, 35.0728536], [-90.0251895, 35.0731908], [-90.0253478, 35.0735576], [-90.0254573, 35.0741571], [-90.0255807, 35.0749312]], [[-90.0075666, 35.0728027], [-90.0075414, 35.0729099], [-90.0075504, 35.0730298], [-90.0075713, 35.0731195], [-90.0076158, 35.0732163], [-90.0076767, 35.0732944], [-90.0077616, 35.073391], [-90.0078331, 35.0734565], [-90.0079722, 35.0735265], [-90.0080557, 35.0735491], [-90.0081689, 35.0735774], [-90.008305, 35.07359]], [[-90.008305, 35.07359], [-90.0084523, 35.0735889], [-90.0088815, 35.0735187], [-90.0097505, 35.0733643], [-90.010146, 35.0732869], [-90.0108411, 35.0731386], [-90.0114834, 35.0729978], [-90.0121237, 35.0728576], [-90.0132612, 35.0726272], [-90.0136806, 35.0724763]], [[-90.046761, 35.1568003], [-90.0471861, 35.1569129]], [[-90.0471861, 35.1569129], [-90.0476335, 35.1570314]], [[-90.0476335, 35.1570314], [-90.0477302, 35.1567725]], [[-90.0477302, 35.1567725], [-90.0478889, 35.1563476]], [[-90.0478889, 35.1563476], [-90.048007, 35.1560316]], [[-90.048007, 35.1560316], [-90.0477783, 35.1559682], [-90.0476377, 35.1559293], [-90.0475901, 35.1559161], [-90.0471756, 35.155804]], [[-90.0470133, 35.156194], [-90.0471756, 35.155804]], [[-90.0469241, 35.1564085], [-90.0470133, 35.156194]], [[-90.046761, 35.1568003], [-90.0469241, 35.1564085]], [[-90.0464317, 35.1567175], [-90.046761, 35.1568003]], [[-90.0460158, 35.1566119], [-90.0461707, 35.1566519], [-90.0464317, 35.1567175]], [[-90.0455208, 35.1564874], [-90.0460158, 35.1566119]], [[-90.0456723, 35.1561035], [-90.0455208, 35.1564874]], [[-90.0457622, 35.1558757], [-90.0457048, 35.1560212], [-90.045695, 35.1560451], [-90.0456723, 35.1561035]], [[-90.0459199, 35.1554761], [-90.0458314, 35.155689], [-90.0457622, 35.1558757]], [[-90.0459641, 35.1553725], [-90.0459199, 35.1554761]], [[-90.0463426, 35.1544753], [-90.0463105, 35.1545541], [-90.0461788, 35.1548652], [-90.0459641, 35.1553725]], [[-90.0464724, 35.1541045], [-90.0463765, 35.1543902], [-90.0463426, 35.1544753]], [[-90.0467245, 35.1534519], [-90.0465377, 35.1539355], [-90.0465219, 35.1539765], [-90.0465083, 35.1540116], [-90.0464724, 35.1541045]], [[-90.0468882, 35.1530491], [-90.0467245, 35.1534519]], [[-90.0470953, 35.1525325], [-90.0468977, 35.1530254], [-90.0468882, 35.1530491]], [[-90.0479962, 35.1538198], [-90.0480489, 35.1537022], [-90.0482181, 35.153325], [-90.048393, 35.1528522], [-90.0484528, 35.1527133], [-90.0484585, 35.152581]], [[-90.0478158, 35.1542148], [-90.0479628, 35.1538928], [-90.0479962, 35.1538198]], [[-90.0475725, 35.1548106], [-90.047603, 35.1547346], [-90.0477249, 35.1544302], [-90.0478158, 35.1542148]], [[-90.0474333, 35.1551535], [-90.0475725, 35.1548106]], [[-90.0473781, 35.1553037], [-90.0474333, 35.1551535]], [[-90.0471756, 35.155804], [-90.0473781, 35.1553037]], [[-89.9815955, 35.0521091], [-89.9821944, 35.0520763], [-89.9825986, 35.0520742]], [[-89.9806794, 35.0521822], [-89.9807945, 35.052173], [-89.9815955, 35.0521091]], [[-89.969829, 35.0526807], [-89.9682217, 35.0526402], [-89.967792, 35.0527024]], [[-89.9706008, 35.0526941], [-89.969829, 35.0526807]], [[-89.9743944, 35.052569], [-89.9731565, 35.0526845], [-89.9725493, 35.0527288], [-89.9719234, 35.0527346], [-89.9706008, 35.0526941]], [[-89.9780039, 35.0522709], [-89.9743944, 35.052569]], [[-89.9792447, 35.0521756], [-89.9780039, 35.0522709]], [[-89.9801811, 35.0516108], [-89.9799771, 35.0517857], [-89.979792, 35.0519325], [-89.9795756, 35.0520518], [-89.9792447, 35.0521756]], [[-89.9804181, 35.0514743], [-89.9801811, 35.0516108]], [[-89.9886383, 35.0669518], [-89.9888185, 35.0666894], [-89.9889814, 35.0664523], [-89.9892151, 35.066112], [-89.9895264, 35.0656588], [-89.9895796, 35.0655813]], [[-89.9883122, 35.0687218], [-89.9882122, 35.0687203], [-89.9881295, 35.068719]], [[-89.9891199, 35.0687371], [-89.988913, 35.0687332], [-89.9886644, 35.0687285], [-89.988586, 35.068727], [-89.9883122, 35.0687218]], [[-89.9892671, 35.0687399], [-89.9891199, 35.0687371]], [[-89.9898929, 35.0687518], [-89.9896073, 35.0687464], [-89.989383, 35.0687421], [-89.9892671, 35.0687399]], [[-90.0239421, 35.1324932], [-90.023982, 35.1331006]]]}}, {"type": "Feature", "properties": {"osm_id": 12551996, "ref": "36", "name": "LAMAR"}, "geometry": {"type": "MultiLineString", "coordinates": [[[-89.9891478, 35.1090037], [-89.9894576, 35.1092049], [-89.9896554, 35.1092081]], [[-89.9889459, 35.1088496], [-89.9891478, 35.1090037]], [[-89.9886689, 35.10854], [-89.9888244, 35.1087569], [-89.9889459, 35.1088496]], [[-89.9896554, 35.1092081], [-89.9895541, 35.1090655], [-89.9889077, 35.1086289], [-89.9886689, 35.10854]], [[-89.9914614, 35.1103439], [-89.9912465, 35.1102115], [-89.9910917, 35.110111], [-89.9907267, 35.1098739], [-89.9901552, 35.1095027], [-89.9899403, 35.1093673], [-89.9897272, 35.1092428], [-89.9896554, 35.1092081]], [[-89.9915356, 35.1103896], [-89.9914614, 35.1103439]], [[-89.9915739, 35.1104132], [-89.9915356, 35.1103896]], [[-89.9917754, 35.1105374], [-89.9917245, 35.110506], [-89.9915739, 35.1104132]], [[-89.9920511, 35.1107194], [-89.9917754, 35.1105374]], [[-89.994329, 35.1122063], [-89.9933036, 35.1115469], [-89.992131, 35.1107722], [-89.9920511, 35.1107194]], [[-89.9991255, 35.1153819], [-89.9990452, 35.1153288], [-89.9982802, 35.1148223], [-89.9976213, 35.1143861], [-89.9966165, 35.1137209], [-89.9962802, 35.1135135], [-89.9959905, 35.1133229], [-89.995543, 35.1130287], [-89.9949631, 35.1126429], [-89.9948616, 35.112573], [-89.994329, 35.1122063]], [[-89.9995005, 35.1156409], [-89.9991255, 35.1153819]], [[-89.9996868, 35.1157598], [-89.9995005, 35.1156409]], [[-90.0002192, 35.1160996], [-89.9996868, 35.1157598]], [[-90.0002556, 35.1161228], [-90.0002192, 35.1160996]], [[-90.00074, 35.1164319], [-90.0002556, 35.1161228]], [[-90.0008436, 35.1164981], [-90.00074, 35.1164319]], [[-90.0014048, 35.1168562], [-90.0013068, 35.1167937], [-90.0008436, 35.1164981]], [[-90.0018531, 35.1171141], [-90.0015749, 35.116959], [-90.0015027, 35.1169187], [-90.0014048, 35.1168562]], [[-90.0022756, 35.1173883], [-90.0021679, 35.117321], [-90.0019657, 35.1171881], [-90.0018531, 35.1171141]], [[-90.005015, 35.1191202], [-90.0038997, 35.1183991], [-90.0036376, 35.1182277], [-90.0032033, 35.1179647], [-90.0029444, 35.1178095], [-90.0026649, 35.1176313], [-90.0023833, 35.1174555], [-90.0022756, 35.1173883]], [[-90.0050878, 35.1191673], [-90.005015, 35.1191202]], [[-90.0103511, 35.1225465], [-90.0097392, 35.1221542], [-90.0086091, 35.1214298], [-90.0082849, 35.1212122], [-90.0074427, 35.1206756], [-90.0066689, 35.1201895], [-90.0066113, 35.1201533], [-90.0065695, 35.120129], [-90.0063462, 35.1199837], [-90.0051334, 35.1191969], [-90.0050878, 35.1191673]], [[-90.010847, 35.1228409], [-90.0103511, 35.1225465]], [[-90.0115322, 35.1232307], [-90.010847, 35.1228409]], [[-90.0120603, 35.1235236], [-90.0115322, 35.1232307]], [[-90.0127273, 35.1239507], [-90.0120603, 35.1235236]], [[-90.0132886, 35.1242744], [-90.013115, 35.1241743], [-90.0130304, 35.1241255], [-90.0129418, 35.1240744], [-90.0127273, 35.1239507]], [[-90.0155102, 35.1255573], [-90.0149434, 35.1252245], [-90.0149349, 35.1252195], [-90.0149191, 35.1252103], [-90.0144556, 35.1249344], [-90.0142889, 35.1248407], [-90.0142697, 35.1248294], [-90.0139999, 35.1246748], [-90.0136729, 35.1244873], [-90.0132886, 35.1242744]], [[-90.0170109, 35.1264422], [-90.0167731, 35.1262931], [-90.015992, 35.1258401], [-90.0158106, 35.1257336], [-90.0157187, 35.1256797], [-90.0155102, 35.1255573]], [[-90.017594, 35.1267764], [-90.0170982, 35.1264952], [-90.0170109, 35.1264422]], [[-90.0184329, 35.1272396], [-90.017594, 35.1267764]], [[-90.0201793, 35.1282075], [-90.0199263, 35.1280717], [-90.0197886, 35.1279942], [-90.0191584, 35.1276397], [-90.0184329, 35.1272396]], [[-90.0204681, 35.128383], [-90.0201793, 35.1282075]], [[-90.0206962, 35.1285084], [-90.0204681, 35.128383]], [[-90.0210926, 35.12873], [-90.0206962, 35.1285084]], [[-90.0214357, 35.1289055], [-90.0210926, 35.12873]], [[-90.0223987, 35.129432], [-90.0219756, 35.129188], [-90.0216108, 35.1289995], [-90.0215046, 35.1289419], [-90.0214357, 35.1289055]], [[-90.0230294, 35.1298239], [-90.0229155, 35.1297539], [-90.0227352, 35.1296416], [-90.0223987, 35.129432]], [[-90.0231166, 35.1298775], [-90.0230294, 35.1298239]], [[-90.0233775, 35.1300379], [-90.0231166, 35.1298775]], [[-90.0247154, 35.1308021], [-90.0243355, 35.1305899], [-90.0239225, 35.1303449], [-90.0233775, 35.1300379]], [[-90.025704, 35.131398], [-90.0255463, 35.131324], [-90.0255185, 35.1312999], [-90.0249285, 35.1309409], [-90.0248007, 35.1308653], [-90.0247154, 35.1308021]], [[-90.0270688, 35.1317399], [-90.0268757, 35.1316965], [-90.0266221, 35.1316875], [-90.0264291, 35.131665], [-90.0262389, 35.1315973], [-90.0260928, 35.1315308], [-90.0259302, 35.1314384], [-90.025704, 35.131398]], [[-90.0279355, 35.1317467], [-90.0272726, 35.1317358], [-90.0272225, 35.1317369], [-90.0270688, 35.1317399]], [[-90.0283775, 35.1317539], [-90.0279355, 35.1317467]], [[-90.0283482, 35.1324728], [-90.028354, 35.13233], [-90.0283546, 35.1322755], [-90.0283559, 35.1321569], [-90.0283775, 35.1317539]], [[-90.0283295, 35.1329319], [-90.0283482, 35.1324728]], [[-90.0282715, 35.1348409], [-90.0282852, 35.1343984], [-90.028292, 35.1341774], [-90.0283105, 35.1335799], [-90.0283295, 35.1329319]], [[-90.028243, 35.1358687], [-90.0282456, 35.1357749], [-90.0282597, 35.1352656], [-90.0282715, 35.1348409]], [[-90.0282355, 35.1361389], [-90.028243, 35.1358687]], [[-90.0282259, 35.1363975], [-90.0282355, 35.1361389]], [[-90.0281849, 35.1374976], [-90.0281868, 35.137446], [-90.0282019, 35.1370418], [-90.0282225, 35.1364878], [-90.0282259, 35.1363975]], [[-90.0281692, 35.1379926], [-90.0281711, 35.137868], [-90.0281776, 35.137693], [-90.0281849, 35.1374976]], [[-90.0282705, 35.1386559], [-90.0282165, 35.1384899], [-90.0281625, 35.1382949], [-90.0281646, 35.1381371], [-90.0281692, 35.1379926]], [[-90.0283115, 35.1388029], [-90.0282705, 35.1386559]], [[-90.0283153, 35.139029], [-90.0283115, 35.1388029]], [[-90.0282751, 35.1392909], [-90.0283153, 35.139029]], [[-90.0282502, 35.1394139], [-90.0282751, 35.1392909]], [[-90.0281454, 35.1400405], [-90.0281516, 35.14001], [-90.0281668, 35.1399177], [-90.028172, 35.1398859], [-90.0282278, 35.1395466], [-90.0282502, 35.1394139]], [[-90.0280113, 35.1404778], [-90.0280842, 35.1402958], [-90.0281062, 35.1402238], [-90.0281175, 35.1401871], [-90.0281402, 35.1400744], [-90.0281454, 35.1400405]], [[-90.0278133, 35.1409724], [-90.0279182, 35.1407048], [-90.0279813, 35.1405511], [-90.0280113, 35.1404778]], [[-90.0277487, 35.1413611], [-90.0277624, 35.1412455], [-90.0277944, 35.1410195], [-90.0278133, 35.1409724]], [[-90.0277487, 35.1413611], [-90.0276993, 35.1417799]], [[-90.0276993, 35.1417799], [-90.0276795, 35.1419476], [-90.0276562, 35.1421448], [-90.0276417, 35.1422676]], [[-90.0276417, 35.1422676], [-90.0276261, 35.1424206], [-90.0276207, 35.1426972]], [[-90.0281624, 35.1427482], [-90.0278007, 35.1427128], [-90.0276795, 35.1427009], [-90.0276207, 35.1426972]], [[-90.0292215, 35.1428499], [-90.0289879, 35.1428278], [-90.028942, 35.1428234], [-90.0285992, 35.142791], [-90.0281624, 35.1427482]], [[-90.0338931, 35.1426198], [-90.0337905, 35.1426102], [-90.0337303, 35.1426059]], [[-90.0337303, 35.1426059], [-90.0334429, 35.1425765], [-90.0333176, 35.1425728], [-90.0331898, 35.1425705]], [[-90.0331898, 35.1425705], [-90.03307, 35.1425738], [-90.0330346, 35.1425748], [-90.0326578, 35.1426054]], [[-90.0326578, 35.1426054], [-90.0325285, 35.1426159], [-90.0323087, 35.1426265], [-90.0320915, 35.1426369], [-90.0317512, 35.1426334]], [[-89.9321361, 35.076452], [-89.9320168, 35.0764454]], [[-90.040406, 35.1441175], [-90.0409693, 35.1442597], [-90.0411414, 35.1443077]], [[-90.0411414, 35.1443077], [-90.0414377, 35.1443899]], [[-90.0414377, 35.1443899], [-90.0416255, 35.1444428]], [[-90.0416255, 35.1444428], [-90.0419954, 35.1444947]], [[-90.0419954, 35.1444947], [-90.0416636, 35.1443373]], [[-89.9886689, 35.10854], [-89.9885853, 35.1084593], [-89.9884491, 35.1083365], [-89.9883547, 35.1082509], [-89.9882962, 35.1081978], [-89.9881842, 35.1080844], [-89.9879531, 35.1078505], [-89.9878288, 35.1077142], [-89.9877369, 35.1075908], [-89.9874892, 35.107258], [-89.9874634, 35.1072215], [-89.9872565, 35.1069289], [-89.9870233, 35.1065921], [-89.986968, 35.1065123], [-89.9869231, 35.106463], [-89.9868091, 35.106338], [-89.9867393, 35.1062615], [-89.9865344, 35.1060366], [-89.9864205, 35.1059117], [-89.9862861, 35.1058028], [-89.9861616, 35.1056972]], [[-89.9861616, 35.1056972], [-89.985979, 35.1055603], [-89.985948, 35.1055357]], [[-89.985948, 35.1055357], [-89.9857572, 35.1054063], [-89.9856225, 35.1053149]], [[-89.9856225, 35.1053149], [-89.9855604, 35.1052713], [-89.9854458, 35.1051908], [-89.9852462, 35.1050506]], [[-89.9852462, 35.1050506], [-89.9850422, 35.1049226]], [[-89.9850422, 35.1049226], [-89.9849704, 35.1048729]], [[-89.9849704, 35.1048729], [-89.9848485, 35.1048032]], [[-89.9848485, 35.1048032], [-89.9846453, 35.1046691], [-89.9845517, 35.1046074]], [[-89.9845517, 35.1046074], [-89.9844732, 35.1045576], [-89.9841989, 35.1043834], [-89.9841513, 35.1043526]], [[-89.9841513, 35.1043526], [-89.9838615, 35.1041651], [-89.9837021, 35.1040598], [-89.9833981, 35.1038693], [-89.9833244, 35.1038176], [-89.9831086, 35.1036876], [-89.9829656, 35.1035948], [-89.9818314, 35.1028771], [-89.9816445, 35.1027552], [-89.9814909, 35.1026576], [-89.9814384, 35.1026174], [-89.9813544, 35.1025605], [-89.9809541, 35.1023143], [-89.980808, 35.1022224], [-89.9805384, 35.1020642], [-89.9804688, 35.1020233]], [[-89.9804688, 35.1020233], [-89.9803422, 35.1019552], [-89.9799937, 35.1017632]], [[-89.9799937, 35.1017632], [-89.9798008, 35.1016596], [-89.9796281, 35.1015704], [-89.9793608, 35.1014323], [-89.9790325, 35.1012569], [-89.9787944, 35.1011305], [-89.9783159, 35.1008829], [-89.9782153, 35.1008316], [-89.977604, 35.1005134], [-89.9775086, 35.1004592], [-89.9771563, 35.1002773], [-89.9769935, 35.1001959], [-89.9758107, 35.0995786], [-89.9755505, 35.0994409], [-89.9750412, 35.0991753], [-89.9749072, 35.0991077], [-89.9744468, 35.0988646], [-89.9738973, 35.0985721], [-89.9735875, 35.0984072], [-89.9734778, 35.0983385], [-89.9732128, 35.0981682], [-89.9731873, 35.0981502], [-89.9726701, 35.0977596], [-89.9725235, 35.0976276], [-89.9720409, 35.0971653], [-89.9717958, 35.0968973], [-89.9716174, 35.0966933], [-89.9715345, 35.0966043], [-89.971165, 35.0961896], [-89.9710668, 35.0960782], [-89.9709876, 35.0959943], [-89.9707846, 35.0957698], [-89.9706453, 35.0955975]], [[-89.9706453, 35.0955975], [-89.9705487, 35.0954893], [-89.9701643, 35.0950198]], [[-89.9701643, 35.0950198], [-89.9695999, 35.0950115]], [[-89.9695999, 35.0950115], [-89.9693746, 35.0950056], [-89.9693038, 35.0950046]], [[-89.9693038, 35.0950046], [-89.9689566, 35.0949998], [-89.9686696, 35.0949958], [-89.9681727, 35.0949879], [-89.9679397, 35.0949842], [-89.9677683, 35.0949814], [-89.9672685, 35.0949734], [-89.9665772, 35.0949623], [-89.9660456, 35.0949538], [-89.9658612, 35.0949508], [-89.9653216, 35.0949422], [-89.9647471, 35.094933], [-89.9643555, 35.0949267], [-89.9635558, 35.0949139]], [[-89.9635558, 35.0949139], [-89.9631523, 35.0949085], [-89.9627885, 35.0949082], [-89.9617948, 35.0949009]], [[-89.9617948, 35.0949009], [-89.9612444, 35.0948968]], [[-89.9612444, 35.0948968], [-89.9601275, 35.0948671], [-89.9587665, 35.0948309], [-89.9566269, 35.0947966], [-89.9564565, 35.0947939], [-89.9561479, 35.0947846], [-89.9552605, 35.0947579], [-89.9541285, 35.0947539], [-89.9530635, 35.0947269], [-89.9528565, 35.0947219], [-89.9525358, 35.0947111], [-89.9523257, 35.094704], [-89.9519894, 35.0946927], [-89.9518607, 35.0946884], [-89.9507303, 35.0946625], [-89.9505921, 35.0946595], [-89.9503765, 35.0946509], [-89.9499965, 35.0945349], [-89.9497465, 35.0943929], [-89.9495285, 35.0942059], [-89.9494305, 35.0940719], [-89.9493535, 35.0938843]], [[-89.9493535, 35.0938843], [-89.9493575, 35.0937775]], [[-89.9493575, 35.0937775], [-89.9493604, 35.0936644]], [[-89.9493604, 35.0936644], [-89.9493662, 35.0934347]], [[-89.9493662, 35.0934347], [-89.9489674, 35.093433], [-89.9487815, 35.093432]], [[-89.9487815, 35.093432], [-89.9480525, 35.0934099], [-89.9464175, 35.0933839], [-89.9448785, 35.0933239], [-89.9441818, 35.0933062], [-89.9433557, 35.0932852], [-89.9417725, 35.0932449], [-89.9408042, 35.0932269], [-89.9407373, 35.0932257], [-89.940538, 35.093222], [-89.9401026, 35.0932139], [-89.9394545, 35.0932019], [-89.9392046, 35.0931945]], [[-89.9392046, 35.0931945], [-89.939213, 35.092634], [-89.9392295, 35.0915309], [-89.9392445, 35.0905609], [-89.9392595, 35.0903399], [-89.9393045, 35.0890989], [-89.9393049, 35.0890841], [-89.9393195, 35.0885469], [-89.9393345, 35.0880059], [-89.9393645, 35.0874039], [-89.939424, 35.0866899]], [[-89.939424, 35.0866899], [-89.9391139, 35.086844], [-89.9389301, 35.0868901], [-89.9363938, 35.0868504], [-89.9352378, 35.0868383], [-89.9342363, 35.0868101], [-89.9340395, 35.0868079], [-89.9330345, 35.0867839], [-89.9327003, 35.0867839]], [[-89.9327003, 35.0867839], [-89.9324906, 35.0867861]], [[-89.9324906, 35.0867861], [-89.9317103, 35.0867561], [-89.9314497, 35.0867478], [-89.931164, 35.0867387]], [[-89.931164, 35.0867387], [-89.9311712, 35.0865836], [-89.9311753, 35.0864954]], [[-89.9311753, 35.0864954], [-89.9311795, 35.0864071], [-89.9311807, 35.0863491]], [[-89.9311807, 35.0863491], [-89.9311833, 35.0862294], [-89.9311908, 35.0858743], [-89.9311983, 35.0855306], [-89.9312004, 35.0854304], [-89.9312027, 35.0853253], [-89.9312038, 35.0852729], [-89.9312065, 35.0851509], [-89.9312236, 35.0845336], [-89.9312322, 35.0842224], [-89.9312491, 35.0836146], [-89.9312576, 35.0833612]], [[-89.9312576, 35.0833612], [-89.9312632, 35.0831935]], [[-89.9312632, 35.0831935], [-89.9312701, 35.0828091], [-89.9312743, 35.0825709], [-89.9312761, 35.0824677]], [[-89.9312761, 35.0824677], [-89.9312804, 35.0823692], [-89.9312856, 35.0819359]], [[-89.9312856, 35.0819359], [-89.931287, 35.0818571], [-89.9312923, 35.0815602], [-89.9312929, 35.0815259], [-89.9312933, 35.0814804]], [[-89.9312933, 35.0814804], [-89.9312958, 35.0813748], [-89.9313177, 35.0804391]], [[-89.9313177, 35.0804391], [-89.9313187, 35.0803788]], [[-89.9313187, 35.0803788], [-89.9313296, 35.0796106]], [[-89.930626, 35.0763939], [-89.928899, 35.0763073]], [[-89.9078009, 35.0539627], [-89.9078116, 35.0536356]], [[-89.9060011, 35.0583027], [-89.906028, 35.0580113], [-89.9060659, 35.0576012], [-89.9061159, 35.0573452], [-89.9062849, 35.0569372], [-89.9064341, 35.0566619], [-89.9065224, 35.0565319], [-89.9066222, 35.0564124], [-89.906735, 35.0562965], [-89.9068483, 35.056186], [-89.90696, 35.0560778], [-89.9070897, 35.0559501], [-89.9071752, 35.0558592], [-89.9072556, 35.0557583], [-89.9073172, 35.0556698], [-89.9073953, 35.0555446], [-89.9074667, 35.055427], [-89.9075407, 35.0553021], [-89.9076057, 35.0551682], [-89.9076628, 35.0550143], [-89.907705, 35.0548892], [-89.907738, 35.0547578], [-89.9077658, 35.0545995], [-89.9077878, 35.0543631], [-89.9078009, 35.0539627]], [[-89.9059883, 35.0586372], [-89.9060011, 35.0583027]], [[-89.905869, 35.0620641], [-89.9058814, 35.0616613], [-89.9058903, 35.0613649], [-89.9059076, 35.0607853], [-89.9059152, 35.060547], [-89.90592, 35.0604203], [-89.9059244, 35.0603055], [-89.9059292, 35.0601804], [-89.9059372, 35.0599731], [-89.9059883, 35.0586372]], [[-89.9058592, 35.0623805], [-89.9058623, 35.0622793], [-89.905869, 35.0620641]], [[-89.9055702, 35.0693234], [-89.9056402, 35.0692388], [-89.9056405, 35.0692295], [-89.9056465, 35.0690222], [-89.9057433, 35.0656825], [-89.9057582, 35.0651201], [-89.9057923, 35.0641462], [-89.9057932, 35.0641284], [-89.9058263, 35.0632516], [-89.9058379, 35.0629435], [-89.905846, 35.062731], [-89.9058472, 35.0626997], [-89.9058546, 35.0625033], [-89.9058592, 35.0623805]], [[-89.9315313, 35.0764235], [-89.9310032, 35.0764124], [-89.930626, 35.0763939]], [[-89.9055506, 35.069691], [-89.9055555, 35.0695835], [-89.905559, 35.0695085], [-89.9055702, 35.0693234]], [[-89.905775, 35.0734478], [-89.905726, 35.0732356], [-89.9057059, 35.0731508], [-89.9056797, 35.0730397], [-89.9056333, 35.0728437], [-89.905578, 35.0726101], [-89.9055706, 35.0725786], [-89.9055524, 35.0725016], [-89.9055172, 35.0722424], [-89.9055049, 35.0721516], [-89.9054971, 35.0720939], [-89.9054946, 35.0720754], [-89.9054847, 35.071953], [-89.9054828, 35.0718789], [-89.9054796, 35.071756], [-89.9054806, 35.0717233], [-89.9054846, 35.071588], [-89.9054892, 35.071437], [-89.9054963, 35.071199], [-89.9054981, 35.0710814], [-89.9054998, 35.0709745], [-89.9055015, 35.0708169], [-89.9055024, 35.0707342], [-89.9055045, 35.0706885], [-89.9055142, 35.0704793], [-89.9055146, 35.0704712], [-89.9055205, 35.0703437], [-89.9055249, 35.0702477], [-89.9055319, 35.0700878], [-89.9055358, 35.0700407], [-89.9055446, 35.0698942], [-89.9055476, 35.0697556], [-89.9055489, 35.0697278], [-89.9055506, 35.069691]], [[-89.9059028, 35.0739862], [-89.9058445, 35.0737451], [-89.905775, 35.0734478]], [[-89.9192604, 35.0739202], [-89.9182946, 35.0730199], [-89.9180561, 35.0728215], [-89.9178738, 35.0726964], [-89.9177978, 35.0726443], [-89.9176571, 35.0725506], [-89.9173038, 35.072357], [-89.9168804, 35.0721717], [-89.9164509, 35.0720271], [-89.9160214, 35.0719099], [-89.9156762, 35.0718443], [-89.9153493, 35.0718019], [-89.9150252, 35.0717753], [-89.9131198, 35.0717271], [-89.9126488, 35.0717424], [-89.9121391, 35.0717965], [-89.9117413, 35.0718752], [-89.911322, 35.0719857], [-89.9108985, 35.0721314], [-89.9107332, 35.0722074], [-89.9097412, 35.0726636], [-89.9094916, 35.0727784], [-89.9087948, 35.0730886], [-89.9080379, 35.0734238], [-89.9077861, 35.0735151], [-89.9076999, 35.0735424], [-89.9076379, 35.0735597], [-89.9072386, 35.0736697], [-89.9067075, 35.0737882], [-89.9059028, 35.0739862]], [[-89.9215623, 35.0756937], [-89.9211008, 35.0754471], [-89.9210198, 35.0754038], [-89.9206128, 35.0751359], [-89.920461, 35.0750359], [-89.9203595, 35.0749691], [-89.9203063, 35.0749341], [-89.920035, 35.0746861], [-89.9199738, 35.0746302], [-89.9198932, 35.0745565], [-89.9198541, 35.0745171], [-89.9197314, 35.0743938], [-89.9195991, 35.0742607], [-89.9192604, 35.0739202]], [[-89.9252308, 35.0761151], [-89.9247427, 35.0761019], [-89.9236995, 35.076159], [-89.9232728, 35.076159], [-89.9232473, 35.0761562], [-89.9229563, 35.0761238], [-89.9226769, 35.0760575], [-89.9224199, 35.0759965], [-89.9220488, 35.075875], [-89.9216689, 35.0757507], [-89.9215623, 35.0756937]], [[-89.9258847, 35.076142], [-89.9252308, 35.0761151]], [[-89.9263211, 35.0762083], [-89.9258847, 35.076142]], [[-89.9074947, 35.0511224], [-89.9075034, 35.051247], [-89.9075231, 35.0515305], [-89.9075788, 35.0523327], [-89.9076395, 35.0530766], [-89.9076572, 35.0533023]], [[-89.8039659, 35.0485687], [-89.803941, 35.0489397], [-89.8039063, 35.0492542]], [[-89.8862247, 35.0505446], [-89.8860597, 35.0505419], [-89.885766, 35.050537]], [[-89.886663, 35.0505527], [-89.8863872, 35.0505476], [-89.8862247, 35.0505446]], [[-89.8892267, 35.0506195], [-89.8890631, 35.0506114], [-89.8888762, 35.0506022], [-89.8886926, 35.0505931], [-89.8886041, 35.0505887], [-89.888266, 35.0505824], [-89.8880018, 35.0505775], [-89.8875701, 35.0505695], [-89.8872875, 35.0505642], [-89.8872473, 35.0505635], [-89.8868354, 35.0505559], [-89.8867486, 35.0505543], [-89.886663, 35.0505527]], [[-89.8896241, 35.0506274], [-89.8892267, 35.0506195]], [[-89.8917138, 35.0506866], [-89.8915975, 35.050683], [-89.8908729, 35.0506608], [-89.8901601, 35.0506436], [-89.8896241, 35.0506274]], [[-89.8974052, 35.050859], [-89.8931597, 35.0507304], [-89.8917138, 35.0506866]], [[-89.9007381, 35.0509412], [-89.8993611, 35.0508926], [-89.8990152, 35.0508804], [-89.8986085, 35.050875], [-89.8974052, 35.050859]], [[-89.9017528, 35.0509748], [-89.9010209, 35.050948], [-89.9007381, 35.0509412]], [[-90.0278773, 35.1348337], [-90.0282715, 35.1348409]], [[-90.027636, 35.1348293], [-90.0278773, 35.1348337]], [[-90.0261576, 35.1340256], [-90.0262255, 35.1341367], [-90.0263059, 35.1342478], [-90.026381, 35.1343356], [-90.0264991, 35.1344365], [-90.0266141, 35.1345068], [-90.0266707, 35.1345418], [-90.0268156, 35.1346295], [-90.0268591, 35.1346483], [-90.0269608, 35.1346923], [-90.0270127, 35.1347129], [-90.0272032, 35.1347695], [-90.0273284, 35.1347937], [-90.027636, 35.1348293]], [[-90.0260293, 35.1331866], [-90.0260218, 35.1333648], [-90.0260185, 35.1335436], [-90.0260334, 35.1336696], [-90.0260556, 35.1337868], [-90.0260781, 35.1338491], [-90.0261576, 35.1340256]], [[-90.0260386, 35.1328794], [-90.0260293, 35.1331866]], [[-90.0260524, 35.1326022], [-90.0260386, 35.1328794]], [[-90.0260982, 35.1316843], [-90.0260875, 35.1318993], [-90.0260855, 35.1319388], [-90.0260752, 35.1321462], [-90.0260524, 35.1326022]], [[-90.025704, 35.131398], [-90.0258653, 35.1315601], [-90.0260085, 35.1316415], [-90.0260982, 35.1316843]], [[-89.9056926, 35.0623803], [-89.9056905, 35.0624998], [-89.9056866, 35.0627167], [-89.9056834, 35.0628977], [-89.9056776, 35.0632268], [-89.9056616, 35.0641252], [-89.9056609, 35.0641432], [-89.9056455, 35.0645198], [-89.9056331, 35.0648261], [-89.9056222, 35.0650933], [-89.9055962, 35.0656789], [-89.9055705, 35.0665515], [-89.9054998, 35.0688923], [-89.9054898, 35.0692264], [-89.9054894, 35.0692407], [-89.9055702, 35.0693234]], [[-89.905747, 35.0616936], [-89.9057442, 35.0617289], [-89.9057304, 35.0619031], [-89.9057226, 35.0620017], [-89.9057012, 35.0622712], [-89.9056926, 35.0623803]], [[-89.9058463, 35.0582994], [-89.9057718, 35.0607824], [-89.9057673, 35.060962], [-89.9057498, 35.0616583], [-89.905747, 35.0616936]], [[-89.9058577, 35.0579135], [-89.9058463, 35.0582994]], [[-89.9062887, 35.0566377], [-89.9061143, 35.0568851], [-89.9059383, 35.0573172], [-89.9058785, 35.0575937], [-89.9058577, 35.0579135]], [[-89.9066137, 35.0562173], [-89.9065266, 35.0563092], [-89.9064471, 35.0564049], [-89.9063751, 35.0565006], [-89.9062887, 35.0566377]], [[-89.907646, 35.0536347], [-89.9076243, 35.0543169], [-89.907614, 35.0544518], [-89.9076036, 35.0545659], [-89.9075842, 35.0546881], [-89.9075528, 35.0548202], [-89.9075112, 35.0549545], [-89.907472, 35.0550662], [-89.9074282, 35.0551753], [-89.9073742, 35.0552886], [-89.9073111, 35.0553983], [-89.9072361, 35.0555172], [-89.9071763, 35.0556121], [-89.9071064, 35.0557132], [-89.9070328, 35.0558005], [-89.9069495, 35.0558875], [-89.906858, 35.0559805], [-89.9067448, 35.0560892], [-89.9066137, 35.0562173]], [[-90.0317512, 35.1426334], [-90.0314175, 35.1426299], [-90.031178, 35.142635], [-90.0310712, 35.1426424]], [[-89.908116, 35.0511368], [-89.9074947, 35.0511224]], [[-89.9078102, 35.0532904], [-89.9078178, 35.053177], [-89.9079136, 35.0527859], [-89.9079714, 35.052213], [-89.9080976, 35.0512735], [-89.908116, 35.0511368]], [[-89.9324031, 35.0764605], [-89.9334357, 35.0765058]], [[-89.9334357, 35.0765058], [-89.9334331, 35.0764547], [-89.9334343, 35.0762929], [-89.9334307, 35.0762721], [-89.9334182, 35.0762501], [-89.9334024, 35.0762329], [-89.933379, 35.0762168], [-89.9333469, 35.0762024], [-89.9333109, 35.0761897], [-89.9332602, 35.0761786], [-89.933206, 35.0761721], [-89.9330851, 35.0761633], [-89.9328776, 35.0761551], [-89.9326097, 35.0761457], [-89.9325802, 35.0761466], [-89.9325543, 35.0761485], [-89.9325268, 35.0761521], [-89.9325005, 35.0761576], [-89.9324827, 35.0761634], [-89.9324684, 35.0761692], [-89.9324589, 35.0761744]], [[-89.9324589, 35.0761744], [-89.9324418, 35.0761871], [-89.932431, 35.0761985], [-89.9324226, 35.0762108], [-89.9324144, 35.0762294], [-89.9324093, 35.0762488], [-89.9324031, 35.0764605]], [[-90.030323, 35.1427588], [-90.0300125, 35.1428219], [-90.0298533, 35.1428416], [-90.0297015, 35.1428499], [-90.0295679, 35.1428499], [-90.0292215, 35.1428499]], [[-90.0310712, 35.1426424], [-90.0309144, 35.1426532], [-90.0305748, 35.1427102], [-90.0304233, 35.14274], [-90.030323, 35.1427588]], [[-89.928899, 35.0763073], [-89.9283908, 35.0762878], [-89.9272532, 35.0762441], [-89.9263211, 35.0762083]], [[-89.9313296, 35.0796106], [-89.9313404, 35.0794058], [-89.9313692, 35.0784474], [-89.9313812, 35.0781378], [-89.9313956, 35.077947], [-89.9314056, 35.0778219], [-89.9314146, 35.0777197]], [[-89.9321361, 35.076452], [-89.9324031, 35.0764605]], [[-89.9320168, 35.0764454], [-89.9315313, 35.0764235]], [[-89.81948, 35.0495394], [-89.8197541, 35.0494444], [-89.8202239, 35.0492816], [-89.8203755, 35.0492431], [-89.8207605, 35.0491453], [-89.8209126, 35.0491067], [-89.8214489, 35.0490101], [-89.8216767, 35.048969], [-89.8219976, 35.0489385], [-89.8223792, 35.0489022], [-89.8228219, 35.0489136]], [[-89.8228219, 35.0489136], [-89.8234069, 35.0489318]], [[-89.8234069, 35.0489318], [-89.823809, 35.0489455]], [[-89.823809, 35.0489455], [-89.824029, 35.0489534], [-89.8243806, 35.0489695], [-89.8247894, 35.0489856], [-89.8250558, 35.0489965], [-89.8258445, 35.0490293], [-89.826417, 35.0490454], [-89.8267166, 35.0490509]], [[-89.8267166, 35.0490509], [-89.8271348, 35.0490693]], [[-89.8271348, 35.0490693], [-89.8276348, 35.0490912]], [[-89.8276348, 35.0490912], [-89.8277535, 35.0490979], [-89.8278983, 35.0491059], [-89.8283913, 35.0491333], [-89.828449, 35.0491369], [-89.829047, 35.0491534], [-89.82916, 35.0491565], [-89.8293847, 35.0491637]], [[-89.8293847, 35.0491637], [-89.8300189, 35.0491847]], [[-89.8300189, 35.0491847], [-89.8304428, 35.0491894], [-89.8307027, 35.0491948]], [[-89.8307027, 35.0491948], [-89.8309916, 35.049201], [-89.8311166, 35.0492041], [-89.8316125, 35.049216], [-89.8322555, 35.0492314], [-89.832525, 35.0492378], [-89.8332682, 35.0492493], [-89.834442, 35.0492815], [-89.8347402, 35.0492898], [-89.8352651, 35.0493043], [-89.8358783, 35.0493213], [-89.8363628, 35.0493347], [-89.8371616, 35.0493535], [-89.8381505, 35.0493817]], [[-89.8381505, 35.0493817], [-89.8387329, 35.0493965]], [[-89.8387329, 35.0493965], [-89.8392016, 35.0494074]], [[-89.8392016, 35.0494074], [-89.8396215, 35.0494156], [-89.8398649, 35.0494209], [-89.8404231, 35.049433], [-89.8406275, 35.0494374], [-89.8408554, 35.0494424], [-89.841241, 35.0494507], [-89.8414707, 35.0494557], [-89.8421393, 35.0494701], [-89.8423236, 35.0494741], [-89.8424929, 35.0494777], [-89.8430931, 35.0495017]], [[-89.8430931, 35.0495017], [-89.8437932, 35.0495173]], [[-89.8437932, 35.0495173], [-89.8442611, 35.0495256], [-89.8445255, 35.0495303]], [[-89.8445255, 35.0495303], [-89.8445684, 35.0495311], [-89.8447811, 35.0495349], [-89.844992, 35.0495387], [-89.8451342, 35.0495412], [-89.8459244, 35.0495567], [-89.8465834, 35.0495672]], [[-89.8465834, 35.0495672], [-89.8468745, 35.0495724]], [[-89.8468745, 35.0495724], [-89.8470571, 35.0495756], [-89.8473811, 35.0495814], [-89.8478497, 35.0495897], [-89.8483312, 35.0495962], [-89.8491079, 35.0496091]], [[-89.8491079, 35.0496091], [-89.8499624, 35.04962], [-89.8502222, 35.0496239], [-89.8504277, 35.0496269], [-89.8506645, 35.0496304], [-89.8507504, 35.0496316], [-89.8509228, 35.049634], [-89.8510857, 35.0496347], [-89.8519055, 35.0496385], [-89.8523178, 35.0496403], [-89.8523353, 35.0496404], [-89.8525244, 35.0496441], [-89.8526989, 35.0496475], [-89.8530132, 35.0496535], [-89.8533235, 35.0496595], [-89.8536612, 35.049669], [-89.8537775, 35.0496724], [-89.8539897, 35.0496784], [-89.8542301, 35.0496851], [-89.8544232, 35.0496905], [-89.8546087, 35.0496957], [-89.8548258, 35.0497018], [-89.855018, 35.0497073], [-89.8552626, 35.0497142], [-89.8556154, 35.0497242], [-89.8561567, 35.0497396], [-89.8561736, 35.0497401], [-89.8565886, 35.0497518], [-89.8566805, 35.0497544], [-89.8567849, 35.0497567], [-89.857453, 35.0497716]], [[-89.81948, 35.0495394], [-89.818273, 35.0499811]], [[-89.8663938, 35.050058], [-89.8666111, 35.0500653], [-89.8667818, 35.050071], [-89.8668029, 35.0500717], [-89.8670915, 35.0500814], [-89.8671372, 35.0500829], [-89.8673821, 35.0500912], [-89.8677409, 35.0501032], [-89.8678153, 35.0501057], [-89.8685141, 35.0501291], [-89.8688355, 35.0501399], [-89.8692244, 35.050153], [-89.869294, 35.0501553], [-89.8696416, 35.050167], [-89.8700778, 35.0501786], [-89.8703197, 35.0501846], [-89.8705833, 35.0501911], [-89.8707887, 35.0501984], [-89.871861, 35.0502366], [-89.8723896, 35.0502473], [-89.8731901, 35.0502635], [-89.8741421, 35.0502785], [-89.8748916, 35.050289], [-89.8750086, 35.0502906], [-89.8751465, 35.0502947], [-89.8778511, 35.0503747], [-89.8783851, 35.0503868], [-89.8794737, 35.0504156], [-89.8797999, 35.0504242], [-89.8806719, 35.0504473], [-89.8807852, 35.0504503], [-89.880881, 35.0504525], [-89.8809782, 35.0504539], [-89.8811211, 35.050456], [-89.8813928, 35.0504599], [-89.8816727, 35.050464], [-89.8819727, 35.0504684], [-89.882363, 35.050474], [-89.8824834, 35.0504767], [-89.8827319, 35.0504824], [-89.8834594, 35.0504991], [-89.8835419, 35.0505003], [-89.8837036, 35.050503], [-89.8838918, 35.050506], [-89.8840946, 35.0505094], [-89.8843239, 35.0505132], [-89.8848182, 35.0505214], [-89.8850863, 35.0505258], [-89.8851675, 35.0505271], [-89.8853992, 35.050531], [-89.885766, 35.050537]], [[-90.0345423, 35.1426862], [-90.0342892, 35.1426605], [-90.0340836, 35.1426394], [-90.0338931, 35.1426198]], [[-90.0352768, 35.142748], [-90.0345423, 35.1426862]], [[-90.0352768, 35.142748], [-90.0354107, 35.1428208], [-90.0355108, 35.1428752], [-90.0370874, 35.1432855]], [[-90.0370874, 35.1432855], [-90.0374198, 35.1433714]], [[-90.0374198, 35.1433714], [-90.0380812, 35.1435851], [-90.0381081, 35.1435951], [-90.0384401, 35.143718], [-90.0385227, 35.1437486], [-90.0386158, 35.1437711], [-90.0389309, 35.1438432], [-90.0390581, 35.143862], [-90.0393382, 35.1439009], [-90.0398034, 35.1439613], [-90.0400106, 35.1440153]], [[-90.0400106, 35.1440153], [-90.040406, 35.1441175]], [[-90.0416636, 35.1443373], [-90.0414825, 35.144288]], [[-90.0414825, 35.144288], [-90.0407293, 35.1440777]], [[-90.0407293, 35.1440777], [-90.0404523, 35.1440007]], [[-89.9078116, 35.0536356], [-89.9078102, 35.0532904]], [[-89.9314146, 35.0777197], [-89.9314841, 35.0769603]], [[-89.9314841, 35.0769603], [-89.9315527, 35.0768407], [-89.9315956, 35.0767595], [-89.9316385, 35.0766848], [-89.931682, 35.076629], [-89.9317405, 35.0765848], [-89.9317861, 35.0765497], [-89.9318558, 35.0765234], [-89.9320168, 35.0764454]], [[-90.0404523, 35.1440007], [-90.0401233, 35.1439149], [-90.0398417, 35.1438554], [-90.0397922, 35.1438504], [-90.0392941, 35.1437998], [-90.0389111, 35.1437335], [-90.0385162, 35.1436281], [-90.0381204, 35.143479], [-90.037743, 35.143349]], [[-90.037743, 35.143349], [-90.037437, 35.1432436]], [[-90.037437, 35.1432436], [-90.0365166, 35.1430047], [-90.0361706, 35.1429138], [-90.0358415, 35.1428273]], [[-90.0358415, 35.1428273], [-90.0355478, 35.1427501], [-90.0354246, 35.1427491], [-90.0352768, 35.142748]], [[-89.9566817, 35.081277], [-89.9571109, 35.0816238], [-89.9575758, 35.0819986]], [[-89.9562955, 35.0809434], [-89.9566817, 35.081277]], [[-89.9525243, 35.0777387], [-89.9520002, 35.0773058]], [[-89.9520002, 35.0773058], [-89.9517697, 35.0771075]], [[-89.9517697, 35.0771075], [-89.951543, 35.0769034], [-89.9511597, 35.0765585]], [[-89.9511597, 35.0765585], [-89.9507484, 35.0762167]], [[-89.9507484, 35.0762167], [-89.9506832, 35.0761626]], [[-89.9506832, 35.0761626], [-89.9501901, 35.0757528], [-89.9499837, 35.0755782], [-89.9498725, 35.0754841], [-89.9498643, 35.0754762], [-89.9497108, 35.0753278], [-89.9495704, 35.0751922], [-89.9495161, 35.0751396], [-89.949203, 35.0748371], [-89.9489255, 35.0745689], [-89.9488062, 35.0744536], [-89.9485742, 35.0742006], [-89.948567, 35.0741923], [-89.9482522, 35.0738326], [-89.9481201, 35.0736817], [-89.9480967, 35.073655], [-89.9479492, 35.0734568], [-89.9477967, 35.0732521], [-89.947613, 35.073009]], [[-89.947613, 35.073009], [-89.9475563, 35.0729339], [-89.9475359, 35.0729066], [-89.9472856, 35.0725726]], [[-89.9472856, 35.0725726], [-89.9470082, 35.072219], [-89.9469744, 35.0721737]], [[-89.9469744, 35.0721737], [-89.9469354, 35.0721264], [-89.9469141, 35.0720992], [-89.946665, 35.0717819], [-89.9464723, 35.0715364], [-89.9463444, 35.0713646], [-89.9460089, 35.0709185], [-89.9458706, 35.0707345], [-89.9457783, 35.0706118], [-89.945768, 35.0705981], [-89.9456083, 35.0703941], [-89.9455089, 35.0702671], [-89.9453732, 35.0700937], [-89.945362, 35.0700794], [-89.9451589, 35.0698199], [-89.9451216, 35.0697722], [-89.9450241, 35.0696477], [-89.944694, 35.0692094], [-89.9446889, 35.0692027], [-89.9445953, 35.0690784]], [[-89.9445953, 35.0690784], [-89.9443785, 35.0687906]], [[-89.9443785, 35.0687906], [-89.9441076, 35.0684445]], [[-89.9441076, 35.0684445], [-89.9440419, 35.0683578], [-89.943938, 35.0682206], [-89.9438209, 35.0680622], [-89.9435645, 35.0677147], [-89.943413, 35.0675094], [-89.9433594, 35.0674381], [-89.9432452, 35.0672888], [-89.9430777, 35.06707], [-89.9429295, 35.0668762], [-89.9426656, 35.0665361], [-89.9426199, 35.0664736], [-89.9423606, 35.0661511], [-89.9423529, 35.0661415], [-89.9421617, 35.0659037], [-89.9421125, 35.0658425], [-89.9419949, 35.0656962], [-89.9418489, 35.0655145], [-89.9415889, 35.0652183]], [[-89.9404752, 35.0651429], [-89.9408945, 35.0650881], [-89.9411041, 35.0650796], [-89.9411552, 35.0650864], [-89.9412113, 35.0650939], [-89.9412972, 35.0651169], [-89.9415889, 35.0652183]], [[-89.9408572, 35.0650244], [-89.9407304, 35.0650803], [-89.94066, 35.0651022], [-89.9404752, 35.0651429]], [[-89.9412164, 35.0647939], [-89.9410594, 35.0648976], [-89.9409787, 35.0649509], [-89.9408572, 35.0650244]], [[-89.9415446, 35.0651678], [-89.9412864, 35.0648737], [-89.9412164, 35.0647939]], [[-89.9415889, 35.0652183], [-89.9415446, 35.0651678]], [[-90.0495064, 35.1465178], [-90.0494722, 35.1466071], [-90.0493232, 35.1469942], [-90.0492748, 35.1471199]], [[-90.0492748, 35.1471199], [-90.0491519, 35.1474393], [-90.04912, 35.1475222]], [[-90.04912, 35.1475222], [-90.0491115, 35.1475433], [-90.0490927, 35.1475899], [-90.0488745, 35.148131]], [[-90.0488745, 35.148131], [-90.048751, 35.1484375], [-90.0487214, 35.1485178]], [[-90.0487214, 35.1485178], [-90.0486863, 35.148598], [-90.0485317, 35.1489846], [-90.0483621, 35.1494021], [-90.0483214, 35.1495031]], [[-90.0483214, 35.1495031], [-90.0482886, 35.149583], [-90.0481179, 35.1499988], [-90.0480525, 35.1501581]], [[-90.0479251, 35.150489], [-90.047909, 35.1505298], [-90.047889, 35.1505804], [-90.04772, 35.1509979], [-90.0475233, 35.1514861]], [[-89.9076572, 35.0533023], [-89.907646, 35.0536347]], [[-90.0468882, 35.1530491], [-90.0467245, 35.1534519]], [[-90.0464724, 35.1541045], [-90.0463765, 35.1543902], [-90.0463426, 35.1544753]], [[-90.0459641, 35.1553725], [-90.0459199, 35.1554761]], [[-90.046761, 35.1568003], [-90.0469241, 35.1564085]], [[-90.0469241, 35.1564085], [-90.0470133, 35.156194]], [[-90.0470133, 35.156194], [-90.0471756, 35.155804]], [[-90.0507226, 35.1468537], [-90.0508423, 35.1468858]], [[-90.0503233, 35.1467468], [-90.0506724, 35.1468403], [-90.0507226, 35.1468537]], [[-90.0499775, 35.1466542], [-90.0501253, 35.1466938], [-90.0503233, 35.1467468]], [[-90.0495064, 35.1465178], [-90.0496182, 35.1465493], [-90.0499775, 35.1466542]], [[-90.0495064, 35.1465178], [-90.0494113, 35.1464919], [-90.0491355, 35.1464168], [-90.0488967, 35.1463526]], [[-90.0488967, 35.1463526], [-90.0487833, 35.146322], [-90.0482932, 35.1461896], [-90.0480364, 35.1461202], [-90.0477779, 35.1460508], [-90.0474342, 35.1459612]], [[-90.0474342, 35.1459612], [-90.047408, 35.1459546], [-90.0472855, 35.1459239], [-90.0467155, 35.145781]], [[-90.0467155, 35.145781], [-90.0465702, 35.1457462], [-90.046051, 35.1456216], [-90.0459726, 35.1456028]], [[-90.0459726, 35.1456028], [-90.0456971, 35.145558], [-90.0454749, 35.1455089], [-90.0445187, 35.1452555]], [[-90.0445187, 35.1452555], [-90.0437042, 35.1450339], [-90.0434065, 35.1449506], [-90.0429371, 35.144797]], [[-90.0429371, 35.144797], [-90.042347, 35.1446084], [-90.0419954, 35.1444947]], [[-90.048007, 35.1560316], [-90.0477783, 35.1559682], [-90.0476377, 35.1559293], [-90.0475901, 35.1559161], [-90.0471756, 35.155804]], [[-89.8039063, 35.0492542], [-89.8032606, 35.0491719]], [[-89.8032606, 35.0491719], [-89.8030794, 35.0491466], [-89.8022645, 35.0490405], [-89.8015729, 35.0489508], [-89.8007112, 35.0488181], [-89.8000465, 35.0487202], [-89.7994178, 35.0486276], [-89.7993879, 35.0486233], [-89.7985714, 35.048522], [-89.7976171, 35.0484036], [-89.7974169, 35.0483788], [-89.7973928, 35.0483778], [-89.7968207, 35.0483539], [-89.7963258, 35.0483332]], [[-89.7963258, 35.0483332], [-89.7955341, 35.0483001]], [[-89.7955341, 35.0483001], [-89.7956918, 35.0476156]], [[-89.7956918, 35.0476156], [-89.795738, 35.047411], [-89.7957845, 35.0472052], [-89.7958088, 35.0470976], [-89.7959094, 35.0466711], [-89.7959459, 35.0463532], [-89.7959533, 35.0462283], [-89.7959622, 35.045997], [-89.7959597, 35.0454369], [-89.7959593, 35.0453512], [-89.7959557, 35.0450811], [-89.7959498, 35.0446309], [-89.795948, 35.0444942]], [[-89.795948, 35.0444942], [-89.7959489, 35.0444143], [-89.7959512, 35.0441524]], [[-89.7959512, 35.0441524], [-89.7959562, 35.0437367]], [[-89.7959562, 35.0437367], [-89.7965421, 35.0437719]], [[-89.7965421, 35.0437719], [-89.7969105, 35.0437941], [-89.7971292, 35.0438072], [-89.7973911, 35.043823], [-89.797724, 35.043843], [-89.7978668, 35.0438516], [-89.7979541, 35.0438563], [-89.7984398, 35.0438704], [-89.7991718, 35.0439697], [-89.7991908, 35.0439723], [-89.7996192, 35.0440877], [-89.8003293, 35.0443091], [-89.801475, 35.0446948], [-89.8015584, 35.0447256], [-89.8015891, 35.0447383], [-89.8022099, 35.0449611], [-89.8025994, 35.0451549], [-89.8029757, 35.0454088], [-89.8032861, 35.0457171], [-89.8034594, 35.0459566], [-89.8035867, 35.0462448], [-89.80362, 35.0463148], [-89.803634, 35.0463443], [-89.8036723, 35.0464549], [-89.8037074, 35.0466355], [-89.8037186, 35.0466931], [-89.8038427, 35.0473314], [-89.8038583, 35.0474118], [-89.8039212, 35.0477573], [-89.8039542, 35.0479386], [-89.8039796, 35.0482741], [-89.8039783, 35.048299], [-89.8039659, 35.0485687]], [[-89.8045947, 35.0493384], [-89.8043859, 35.0493129], [-89.8039063, 35.0492542]], [[-89.8056713, 35.0494711], [-89.8054861, 35.0494468], [-89.805231, 35.0494157], [-89.8047659, 35.049359], [-89.8046929, 35.0493502], [-89.8045947, 35.0493384]], [[-89.8061842, 35.0495319], [-89.8056713, 35.0494711]], [[-89.8067603, 35.0496029], [-89.8061842, 35.0495319]], [[-89.8078801, 35.0497557], [-89.8075117, 35.0496984], [-89.8071246, 35.0496498], [-89.8070735, 35.0496434], [-89.8067603, 35.0496029]], [[-89.8081561, 35.0497987], [-89.8078801, 35.0497557]], [[-89.8081561, 35.0497987], [-89.8095083, 35.04997]], [[-89.810867, 35.0501472], [-89.8095083, 35.04997]], [[-89.8113397, 35.0502098], [-89.810867, 35.0501472]], [[-89.8120679, 35.0503175], [-89.8113397, 35.0502098]], [[-89.8129645, 35.05045], [-89.8120679, 35.0503175]], [[-89.8137352, 35.0505359], [-89.8129645, 35.05045]], [[-89.8142047, 35.05059], [-89.8137352, 35.0505359]], [[-89.8143288, 35.050604], [-89.8142047, 35.05059]], [[-89.8179825, 35.0500984], [-89.817136, 35.0503952], [-89.8170035, 35.0504329], [-89.816724, 35.0505125], [-89.8162622, 35.0506048], [-89.8157139, 35.0506834], [-89.8156335, 35.0506841], [-89.8151087, 35.0506883], [-89.8144597, 35.0506188], [-89.8143288, 35.050604]], [[-89.818273, 35.0499811], [-89.8181234, 35.0500419], [-89.8179825, 35.0500984]], [[-89.857453, 35.0497716], [-89.858718, 35.0498047], [-89.8594156, 35.0498224], [-89.8601365, 35.0498407], [-89.8607239, 35.0498558], [-89.8607953, 35.0498585], [-89.8608621, 35.0498607], [-89.8613464, 35.0498743]], [[-89.8613464, 35.0498743], [-89.863609, 35.049941], [-89.8640447, 35.0499539], [-89.8647853, 35.0499867], [-89.8648355, 35.0499889], [-89.8650389, 35.049998], [-89.8652903, 35.0500091], [-89.8655643, 35.0500212], [-89.8655999, 35.0500228], [-89.865716, 35.0500279], [-89.8659752, 35.0500394], [-89.8663938, 35.050058]], [[-89.9074947, 35.0511224], [-89.9073818, 35.0511215], [-89.906881, 35.0511177], [-89.9065974, 35.0511156], [-89.9065516, 35.0511152], [-89.9062741, 35.0511131], [-89.9058, 35.0511095], [-89.9056623, 35.0511085], [-89.9054109, 35.0511004], [-89.904966, 35.0510862], [-89.9034535, 35.0510379], [-89.9029722, 35.0510341], [-89.9026145, 35.0510238], [-89.9024434, 35.0510116], [-89.9023388, 35.0510042], [-89.9017528, 35.0509748]], [[-89.9552602, 35.079903], [-89.9550304, 35.0798306]], [[-89.9550304, 35.0798306], [-89.9551127, 35.0799819]], [[-89.9551127, 35.0799819], [-89.9560434, 35.0807414]], [[-89.9560434, 35.0807414], [-89.9562955, 35.0809434]], [[-89.9575758, 35.0819986], [-89.9577561, 35.082144], [-89.9578297, 35.0822033]], [[-89.9578297, 35.0822033], [-89.9581556, 35.0824858], [-89.9588222, 35.0830637], [-89.9588651, 35.0830876], [-89.9590743, 35.0832042]], [[-89.9590743, 35.0832042], [-89.9589509, 35.0830198], [-89.9586666, 35.0827652], [-89.9583549, 35.0825066], [-89.9578995, 35.0821286]], [[-89.9578995, 35.0821286], [-89.9572236, 35.0815931], [-89.9567944, 35.0812375]], [[-89.9567944, 35.0812375], [-89.9563974, 35.0808775]], [[-89.9563974, 35.0808775], [-89.9561989, 35.0807019]], [[-89.9561989, 35.0807019], [-89.9553514, 35.0799864], [-89.9552602, 35.079903]], [[-89.9550304, 35.0798306], [-89.9540642, 35.07901]], [[-89.9540642, 35.07901], [-89.9537389, 35.0787338]], [[-89.9537389, 35.0787338], [-89.9532592, 35.0783269]], [[-89.9532592, 35.0783269], [-89.9531292, 35.0782228], [-89.9525243, 35.0777387]], [[-89.9315313, 35.0764235], [-89.9314841, 35.0769603]], [[-89.9319707, 35.0717577], [-89.9319533, 35.0719637], [-89.9319401, 35.0721195], [-89.9319192, 35.0723665], [-89.9318903, 35.0727079], [-89.9318482, 35.0731663], [-89.9318401, 35.0732546], [-89.9318224, 35.0734471], [-89.9318067, 35.073618], [-89.9317989, 35.0737037], [-89.9317827, 35.0738793], [-89.9317766, 35.0739465], [-89.9317645, 35.0740775], [-89.9317528, 35.0742052], [-89.9317406, 35.0743428], [-89.9317208, 35.0745534], [-89.931719, 35.0745731], [-89.9316871, 35.0748873], [-89.9316753, 35.0750037], [-89.9316536, 35.0752169], [-89.9316319, 35.0754311], [-89.9316084, 35.0756624], [-89.9316002, 35.075743], [-89.9315787, 35.0759552], [-89.9315772, 35.0759697], [-89.9315313, 35.0764235]], [[-89.9321274, 35.0695919], [-89.9321062, 35.0700275], [-89.9320829, 35.0704102], [-89.93206, 35.0706856], [-89.932039, 35.070938], [-89.9319707, 35.0717577]], [[-89.9321485, 35.0691563], [-89.9321274, 35.0695919]], [[-89.9321485, 35.0691563], [-89.9322054, 35.0682915], [-89.9322328, 35.0678029]], [[-89.9322328, 35.0678029], [-89.9322566, 35.0676627], [-89.9323137, 35.0673231], [-89.9323309, 35.0670202]], [[-89.9323309, 35.0670202], [-89.9323847, 35.066757], [-89.9324471, 35.0664518], [-89.9324723, 35.0662974], [-89.9325978, 35.0656169], [-89.9326279, 35.065452], [-89.9326743, 35.0651981], [-89.9327302, 35.0648948]], [[-89.9404752, 35.0651429], [-89.9401305, 35.0651537], [-89.9397374, 35.0651414], [-89.938713, 35.0651095], [-89.9385318, 35.0651038], [-89.9379748, 35.0650855], [-89.937545, 35.0650713]], [[-89.937545, 35.0650713], [-89.9373149, 35.0650602]], [[-89.9373149, 35.0650602], [-89.9371413, 35.0650565], [-89.9337776, 35.064933], [-89.9333291, 35.0649166], [-89.9330066, 35.0649049], [-89.9327302, 35.0648948]], [[-89.9214568, 35.0758003], [-89.9219049, 35.0760053], [-89.9226076, 35.0762555], [-89.9229134, 35.0763477], [-89.9234981, 35.0764224], [-89.9241472, 35.0764531], [-89.9246783, 35.0764399], [-89.9252308, 35.0763741], [-89.9263211, 35.0762083]], [[-89.9059028, 35.0739862], [-89.9066592, 35.0739243], [-89.9073029, 35.0738102], [-89.9077804, 35.0736785], [-89.908172, 35.0735248], [-89.9088622, 35.0731845], [-89.910808, 35.072337], [-89.9113149, 35.0721443], [-89.911839, 35.0720033], [-89.9122625, 35.0719293], [-89.9127996, 35.0718799], [-89.9133682, 35.0718787], [-89.9149955, 35.0719223], [-89.915333, 35.0719473], [-89.9156183, 35.0719814], [-89.9160153, 35.0720545], [-89.9164346, 35.0721684], [-89.9168438, 35.072313], [-89.9172398, 35.0724941], [-89.9175941, 35.0726902], [-89.9176826, 35.0727564], [-89.9177605, 35.0728018], [-89.9178333, 35.0728443], [-89.9180795, 35.0730309], [-89.9191206, 35.0740104], [-89.9196011, 35.074472], [-89.9197316, 35.0745973], [-89.9198499, 35.074711], [-89.9199136, 35.0747722], [-89.9201507, 35.0749999], [-89.9202499, 35.0750708], [-89.9203428, 35.0751372], [-89.9205055, 35.0752536], [-89.9206603, 35.0753643], [-89.9206784, 35.0753749], [-89.9210041, 35.0755653], [-89.9212236, 35.0756936], [-89.9214568, 35.0758003]], [[-89.9623699, 35.0859887], [-89.9621238, 35.0857665], [-89.9620771, 35.0857238], [-89.9619694, 35.0856312], [-89.9616776, 35.0853762], [-89.9613389, 35.0850937], [-89.9612158, 35.0849885], [-89.9611061, 35.0848987], [-89.9610593, 35.0848587], [-89.9607374, 35.0845936], [-89.9604468, 35.0843482], [-89.960372, 35.0842804], [-89.9601685, 35.0841113], [-89.9599548, 35.0839345], [-89.9597855, 35.0837905], [-89.9597265, 35.0837418], [-89.9594749, 35.0835344], [-89.9594304, 35.0834939], [-89.9592748, 35.0833695], [-89.9590743, 35.0832042]], [[-89.9628329, 35.0864584], [-89.962698, 35.086318], [-89.9625781, 35.0861963], [-89.9623699, 35.0859887]], [[-89.9641565, 35.0879835], [-89.9636042, 35.087294], [-89.9634529, 35.0871228], [-89.9633653, 35.0870242], [-89.9632175, 35.086856], [-89.9631507, 35.08678], [-89.9629823, 35.0866122], [-89.9629407, 35.0865707], [-89.9628329, 35.0864584]], [[-89.9697279, 35.0945414], [-89.9695263, 35.0943242], [-89.9692807, 35.0940564], [-89.9691987, 35.093967], [-89.9689103, 35.0936525], [-89.96885, 35.0935868], [-89.968704, 35.0934276], [-89.9686372, 35.0933548], [-89.9680858, 35.0927536], [-89.9676227, 35.0922201], [-89.9669525, 35.0914844], [-89.9665753, 35.091047], [-89.9663672, 35.0907966], [-89.9659454, 35.0902807], [-89.9657881, 35.0900883], [-89.9653007, 35.0894585], [-89.9651697, 35.08929], [-89.9648933, 35.0889402], [-89.9645921, 35.0885471], [-89.9644454, 35.0883573], [-89.9641565, 35.0879835]], [[-89.9701643, 35.0950198], [-89.9698143, 35.0946344], [-89.9697279, 35.0945414]], [[-89.9321802, 35.0672978], [-89.9322328, 35.0678029]], [[-89.9320558, 35.0648801], [-89.9321043, 35.065814], [-89.9321243, 35.0663915], [-89.9321381, 35.0671736], [-89.9321802, 35.0672978]], [[-89.9327302, 35.0648948], [-89.9320558, 35.0648801]], [[-90.0471756, 35.155804], [-90.0465746, 35.1556445], [-90.04636, 35.1555915]], [[-90.04636, 35.1555915], [-90.0459199, 35.1554761]], [[-90.0478889, 35.1563476], [-90.048007, 35.1560316]]]}}, {"type": "Feature", "properties": {"osm_id": 12554770, "ref": "42", "name": "CROSSTOWN"}, "geometry": {"type": "MultiLineString", "coordinates": [[[-90.0251088, 35.0449616], [-90.0250774, 35.045067], [-90.0250791, 35.0452297], [-90.0250757, 35.0462948], [-90.0250491, 35.0463285]], [[-90.0250491, 35.0463285], [-90.0250485, 35.0464351], [-90.0250584, 35.0468748], [-90.0251048, 35.0470095]], [[-90.0232985, 35.0627632], [-90.0231777, 35.0628907], [-90.0229676, 35.0638467]], [[-90.0229676, 35.0638467], [-90.0228977, 35.0641354], [-90.0227855, 35.0645639]], [[-90.0227855, 35.0645639], [-90.0227198, 35.0648439], [-90.0227136, 35.0650263]], [[-90.0080916, 35.1884809], [-90.0080469, 35.1887806], [-90.0079926, 35.1894194], [-90.0079263, 35.1902262], [-90.0078942, 35.1912964], [-90.0078677, 35.1924528], [-90.0078589, 35.1929377], [-90.0078634, 35.1934221]], [[-90.0078634, 35.1934221], [-90.0078712, 35.1938031], [-90.0078706, 35.1939061], [-90.0078699, 35.1940241], [-90.0078692, 35.1941499], [-90.0079448, 35.1943405]], [[-90.0079448, 35.1943405], [-90.0080248, 35.1941415], [-90.0080276, 35.193291]], [[-90.0080276, 35.193291], [-90.0080455, 35.1924906]], [[-90.0080455, 35.1924906], [-90.0080653, 35.1918263], [-90.0080908, 35.1913657], [-90.0081089, 35.1901292]], [[-90.0081089, 35.1901292], [-90.0081094, 35.1890816], [-90.0080916, 35.1884809]], [[-90.0080916, 35.1884809], [-90.0081452, 35.1863306]], [[-90.003851, 35.2078166], [-90.0037819, 35.2079684], [-90.0037068, 35.2080375], [-90.0036304, 35.2080736], [-90.0035231, 35.208112], [-90.0033227, 35.208138]], [[-90.0033227, 35.208138], [-90.0030176, 35.208081], [-90.002619, 35.2080231], [-90.0024908, 35.2080045], [-90.0019784, 35.2079747], [-89.999648, 35.2079006], [-89.9971373, 35.2078391], [-89.995499, 35.2077831], [-89.9949962, 35.2077727], [-89.9948856, 35.2077704]], [[-89.9948856, 35.2077704], [-89.9943006, 35.2077583]], [[-89.9943006, 35.2077583], [-89.9939767, 35.2077476], [-89.9937306, 35.2077428]], [[-89.9937306, 35.2077428], [-89.9935555, 35.2077223], [-89.993498, 35.2077168], [-89.993237, 35.2076601], [-89.992995, 35.2075707], [-89.9929577, 35.2075489], [-89.9927724, 35.2074404], [-89.9925493, 35.2072572], [-89.9924622, 35.2071856], [-89.9924149, 35.2071457], [-89.9922422, 35.2069997], [-89.9920995, 35.2068791]], [[-89.9920995, 35.2068791], [-89.9918594, 35.2067144], [-89.9916539, 35.2066139]], [[-89.9916539, 35.2066139], [-89.9915667, 35.2065713], [-89.9915272, 35.2065552], [-89.9914606, 35.2065324]], [[-89.9914606, 35.2065324], [-89.9910686, 35.2064808]], [[-89.9910686, 35.2064808], [-89.990307, 35.2064573]], [[-89.990307, 35.2064573], [-89.9902703, 35.2071627], [-89.9902561, 35.2074373], [-89.9902494, 35.2075653], [-89.9901168, 35.2101159], [-89.9900708, 35.2111959], [-89.9899788, 35.2131929], [-89.9898191, 35.2165912], [-89.9898136, 35.2167094], [-89.9897928, 35.2171519]], [[-89.9897928, 35.2171519], [-89.9900655, 35.2171596], [-89.9903233, 35.2171669]], [[-89.9903233, 35.2171669], [-89.9905678, 35.2171738], [-89.9907425, 35.2171788], [-89.9908965, 35.2171832], [-89.9912164, 35.2171923], [-89.9914846, 35.2171998], [-89.991582, 35.2172026], [-89.9918041, 35.2172089], [-89.9920626, 35.2172162], [-89.9922998, 35.2172229]], [[-89.9922998, 35.2172229], [-89.9925696, 35.2172308], [-89.992778, 35.2172368], [-89.9929834, 35.2172411]], [[-89.9929834, 35.2172411], [-89.9936056, 35.2172528]], [[-89.9936056, 35.2172528], [-89.9939012, 35.2172682], [-89.9941274, 35.2172735], [-89.9942595, 35.2172787]], [[-89.9942595, 35.2172787], [-89.9943113, 35.2172809], [-89.9944072, 35.2172837], [-89.9945385, 35.2172875], [-89.9947895, 35.2172947], [-89.9949216, 35.2172985], [-89.9950384, 35.2173019], [-89.9952226, 35.2173072], [-89.9954424, 35.2173136], [-89.9960428, 35.2173309], [-89.9968326, 35.217356], [-89.9969568, 35.2173599], [-89.9981528, 35.2174029], [-89.9992578, 35.2174409], [-89.9996145, 35.2174492], [-90.0002948, 35.2174649], [-90.0008998, 35.2174899], [-90.0013168, 35.2175019], [-90.0022578, 35.2175389], [-90.0023598, 35.2175319], [-90.0026517, 35.2175419], [-90.0027193, 35.2175438]], [[-90.0027193, 35.2175438], [-90.0034502, 35.2175647]], [[-90.0034502, 35.2175647], [-90.0034373, 35.2173066], [-90.0034504, 35.2171187], [-90.0034499, 35.2170999]], [[-90.0034499, 35.2170999], [-90.0034481, 35.2170325], [-90.0034506, 35.2169326], [-90.0034715, 35.2165388], [-90.0034832, 35.2162254], [-90.0035176, 35.2148763], [-90.0035441, 35.2143489], [-90.0035511, 35.2142091], [-90.0035582, 35.2140674], [-90.0035661, 35.2139115], [-90.0035746, 35.2137412], [-90.0035885, 35.2133298], [-90.0035948, 35.2131366]], [[-90.0035948, 35.2131366], [-90.0036061, 35.2129188], [-90.0036172, 35.212703]], [[-90.0036172, 35.212703], [-90.0036284, 35.2124872], [-90.0036392, 35.2122786], [-90.0036526, 35.2120198], [-90.0036939, 35.2112227], [-90.0037408, 35.2102669], [-90.0037799, 35.2094187], [-90.0037877, 35.2091994], [-90.0038048, 35.2087321]], [[-90.0038048, 35.2087321], [-90.0038285, 35.2082325]], [[-90.0038285, 35.2082325], [-90.003851, 35.2078166]], [[-90.003851, 35.2078166], [-90.0038626, 35.2076188], [-90.0039037, 35.2068771], [-90.0039045, 35.2068566], [-90.0039478, 35.2057237], [-90.0039778, 35.2052255], [-90.0039948, 35.2051097], [-90.0040168, 35.2049595], [-90.0041391, 35.2046393], [-90.0042958, 35.2043195], [-90.0044314, 35.2041156], [-90.0045358, 35.2039585], [-90.0048308, 35.2036675], [-90.0052032, 35.203434], [-90.0063877, 35.2028844], [-90.0068367, 35.2026534], [-90.0070077, 35.2025569], [-90.0071865, 35.2024197], [-90.0073265, 35.2022824]], [[-90.0073265, 35.2022824], [-90.0074753, 35.2020784], [-90.007532, 35.2019851]], [[-90.007532, 35.2019851], [-90.0075713, 35.2019204], [-90.0076538, 35.2017514]], [[-90.0076538, 35.2017514], [-90.0076848, 35.2016613], [-90.0077286, 35.201455]], [[-90.0077286, 35.201455], [-90.0077379, 35.2010957]], [[-90.0077379, 35.2010957], [-90.0077505, 35.2006084], [-90.0077816, 35.1998893], [-90.0077852, 35.1998056]], [[-90.0077852, 35.1998056], [-90.0078039, 35.1993742]], [[-90.0078039, 35.1993742], [-90.007806, 35.1992555], [-90.00781, 35.1990288], [-90.0078198, 35.1984689], [-90.0078228, 35.1983008], [-90.0078279, 35.1981649], [-90.007827, 35.1980611], [-90.0078228, 35.1978585], [-90.0078195, 35.1976947], [-90.0078163, 35.1975394], [-90.0078213, 35.1973706], [-90.0078245, 35.1972625], [-90.0078292, 35.1971065], [-90.007848, 35.1964769], [-90.007859, 35.1962972], [-90.0078764, 35.1960108], [-90.0079306, 35.1951231], [-90.0079331, 35.1949859], [-90.0079373, 35.1947532], [-90.0079448, 35.1943405]], [[-90.0081452, 35.1863306], [-90.0081105, 35.1823519], [-90.0082043, 35.1806998], [-90.0082065, 35.1806609], [-90.008223, 35.1802345], [-90.008252, 35.1794826], [-90.0082539, 35.1793651], [-90.0082612, 35.1788974], [-90.0082715, 35.1782379], [-90.0083045, 35.1770259], [-90.008317, 35.1767298], [-90.0083417, 35.176144]], [[-90.0083417, 35.176144], [-90.0083595, 35.1757199]], [[-90.0083595, 35.1757199], [-90.0083865, 35.1743359], [-90.0084212, 35.1735198]], [[-90.0084212, 35.1735198], [-90.0084415, 35.1730409]], [[-90.0084415, 35.1730409], [-90.0084596, 35.1726485], [-90.0084605, 35.1726039], [-90.0084695, 35.1721359], [-90.0084804, 35.1720827], [-90.0085725, 35.1716329], [-90.0088909, 35.170928]], [[-90.0088909, 35.170928], [-90.0090869, 35.1705]], [[-90.0090869, 35.1705], [-90.0092385, 35.1701839], [-90.0093175, 35.1700239], [-90.0098145, 35.1690729], [-90.0100105, 35.1686769], [-90.0101986, 35.1681541], [-90.0102716, 35.1677935], [-90.0102979, 35.1673482], [-90.0103613, 35.1651014]], [[-90.0103613, 35.1651014], [-90.0103727, 35.1646982]], [[-90.0103727, 35.1646982], [-90.0104267, 35.1642939]], [[-90.0104267, 35.1642939], [-90.0106695, 35.1624829], [-90.0111085, 35.1594269], [-90.0111511, 35.1592251], [-90.0112325, 35.1588399], [-90.0114023, 35.1585733]], [[-90.0114023, 35.1585733], [-90.0115685, 35.1584], [-90.0118197, 35.1581438]], [[-90.0118197, 35.1581438], [-90.0118664, 35.1578617], [-90.0118898, 35.15772]], [[-90.0118898, 35.15772], [-90.0119851, 35.1571443], [-90.0121163, 35.156125], [-90.0121336, 35.1560249], [-90.0122006, 35.1555002]], [[-90.0122006, 35.1555002], [-90.0122626, 35.1550446], [-90.0122744, 35.1549577]], [[-90.0122744, 35.1549577], [-90.0122939, 35.154862], [-90.0123263, 35.1547026]], [[-90.0123263, 35.1547026], [-90.0123587, 35.1545432]], [[-90.0123587, 35.1545432], [-90.0124022, 35.1543294]], [[-90.0124022, 35.1543294], [-90.0124503, 35.1540929], [-90.0124629, 35.1540312], [-90.012468, 35.1540062], [-90.0124847, 35.1539239]], [[-90.0124847, 35.1539239], [-90.0125004, 35.1538458], [-90.0125161, 35.1537677]], [[-90.0125161, 35.1537677], [-90.012527, 35.153716], [-90.012534, 35.1536857]], [[-90.012534, 35.1536857], [-90.0125635, 35.1534776]], [[-90.0125635, 35.1534776], [-90.0125672, 35.1534465]], [[-90.0125672, 35.1534465], [-90.0125839, 35.153332]], [[-90.0125839, 35.153332], [-90.0126049, 35.1531993]], [[-90.0126049, 35.1531993], [-90.0126125, 35.1531428], [-90.0126215, 35.1530868], [-90.0126267, 35.1530542], [-90.0126313, 35.1529942]], [[-90.0126313, 35.1529942], [-90.0126656, 35.1528243]], [[-90.0126656, 35.1528243], [-90.0126821, 35.1527127], [-90.0127447, 35.1522887]], [[-90.0127447, 35.1522887], [-90.0127768, 35.1520666], [-90.0128036, 35.1518946], [-90.0129153, 35.1515915], [-90.0130081, 35.1514368], [-90.0130269, 35.1514104]], [[-90.0133204, 35.1511362], [-90.0132499, 35.1511865], [-90.0131787, 35.151243], [-90.0131219, 35.1512981], [-90.0130269, 35.1514104]], [[-90.0137555, 35.150889], [-90.0136331, 35.1509662], [-90.0134277, 35.1510716], [-90.0133204, 35.1511362]], [[-90.0141124, 35.15055], [-90.0140599, 35.1506265], [-90.0139889, 35.1507043], [-90.0138851, 35.1507981], [-90.0137555, 35.150889]], [[-90.0143041, 35.1497811], [-90.0142354, 35.1502697], [-90.0141649, 35.1504734], [-90.0141124, 35.15055]], [[-90.0143216, 35.1496565], [-90.0143041, 35.1497811]], [[-90.0143615, 35.1493566], [-90.0143482, 35.1494676], [-90.0143216, 35.1496565]], [[-90.0143615, 35.1493566], [-90.014374, 35.1492478], [-90.0143939, 35.149104]], [[-90.0143939, 35.149104], [-90.014416, 35.1489442]], [[-90.014416, 35.1489442], [-90.0144355, 35.1488038], [-90.0144672, 35.1485751], [-90.0145102, 35.1482649]], [[-90.0145102, 35.1482649], [-90.0145116, 35.1482545], [-90.014538, 35.148064], [-90.0145585, 35.1479159]], [[-90.0145585, 35.1479159], [-90.0145759, 35.1477952], [-90.0145845, 35.147736], [-90.0146081, 35.1475783]], [[-90.0146081, 35.1475783], [-90.0146164, 35.1475151], [-90.0147191, 35.1468049], [-90.0147466, 35.1466145], [-90.0147685, 35.1464629], [-90.0147789, 35.146438], [-90.0148172, 35.1463462], [-90.0148463, 35.1462766]], [[-90.0148463, 35.1462766], [-90.0149535, 35.1461059], [-90.0150725, 35.1459599]], [[-90.0150725, 35.1459599], [-90.0151765, 35.1458629], [-90.0152655, 35.1457419], [-90.0153389, 35.1456041]], [[-90.0153389, 35.1456041], [-90.0153812, 35.1454726], [-90.0153915, 35.1454379], [-90.0154105, 35.1453243]], [[-90.0154105, 35.1453243], [-90.0154655, 35.1449949]], [[-90.0154655, 35.1449949], [-90.0155201, 35.1446544]], [[-90.0155201, 35.1446544], [-90.0155317, 35.1445822], [-90.0155622, 35.1444011]], [[-90.0155622, 35.1444011], [-90.0155838, 35.1442807]], [[-90.0155838, 35.1442807], [-90.015599, 35.1441703], [-90.0156099, 35.1441016], [-90.0156343, 35.1439946]], [[-90.0156343, 35.1439946], [-90.0156684, 35.1438312], [-90.0156934, 35.1436839]], [[-90.0156934, 35.1436839], [-90.0157171, 35.1435335]], [[-90.0157171, 35.1435335], [-90.0157287, 35.1434559], [-90.0157492, 35.1433036], [-90.0157661, 35.1432034], [-90.0157851, 35.1431066], [-90.0158138, 35.1429004], [-90.015837, 35.142751]], [[-90.015837, 35.142751], [-90.0159186, 35.1421744], [-90.0159411, 35.1420056]], [[-90.0159411, 35.1420056], [-90.0159601, 35.1418635]], [[-90.0159601, 35.1418635], [-90.0159881, 35.1416533], [-90.0159993, 35.1415699]], [[-90.0159993, 35.1415699], [-90.0160122, 35.141487], [-90.0160556, 35.1411837]], [[-90.0160556, 35.1411837], [-90.016081, 35.1410067], [-90.016097, 35.140903], [-90.0161936, 35.140248], [-90.0162536, 35.1398364], [-90.0162879, 35.1395865]], [[-90.0162879, 35.1395865], [-90.0163224, 35.1393183]], [[-90.0163224, 35.1393183], [-90.0163689, 35.138956], [-90.0163733, 35.1389203]], [[-90.0163733, 35.1389203], [-90.0163761, 35.1388909], [-90.0164387, 35.1384824]], [[-90.0164387, 35.1384824], [-90.0164537, 35.138369], [-90.0164741, 35.1382274], [-90.0165268, 35.1378605], [-90.0166036, 35.137367]], [[-90.0166036, 35.137367], [-90.0166723, 35.1369686], [-90.0166786, 35.1368546]], [[-90.0166786, 35.1368546], [-90.0166846, 35.1367269], [-90.0166886, 35.1365797], [-90.0166954, 35.1364194]], [[-90.0166954, 35.1364194], [-90.0166996, 35.1362632], [-90.0167117, 35.1359669], [-90.016722, 35.1357864], [-90.0167351, 35.135613], [-90.0167549, 35.1349937], [-90.0167606, 35.1348893]], [[-90.0167606, 35.1348893], [-90.0167686, 35.1347428]], [[-90.0167686, 35.1347428], [-90.016778, 35.1345695], [-90.016782, 35.1344975]], [[-90.016782, 35.1344975], [-90.0167829, 35.1344699], [-90.0167844, 35.1344205], [-90.0167901, 35.1342486]], [[-90.0167901, 35.1342486], [-90.0167939, 35.1341354]], [[-90.0167939, 35.1341354], [-90.0168018, 35.1338668]], [[-90.0168018, 35.1338668], [-90.0168125, 35.1335249]], [[-90.0168125, 35.1335249], [-90.0168235, 35.1331576], [-90.0168272, 35.1330356]], [[-90.0168272, 35.1330356], [-90.0168395, 35.1326232]], [[-90.017344, 35.1326379], [-90.0171393, 35.1326319], [-90.0168395, 35.1326232]], [[-90.0203323, 35.1327251], [-90.0191177, 35.1326896], [-90.0182766, 35.1326651], [-90.018055, 35.1326586], [-90.0175486, 35.1326439], [-90.017344, 35.1326379]], [[-90.0208239, 35.1327394], [-90.0203323, 35.1327251]], [[-90.0208239, 35.1327394], [-90.0208283, 35.1323423]], [[-90.0208283, 35.1323423], [-90.0208327, 35.1322265]], [[-90.0208327, 35.1322265], [-90.0208508, 35.1317487], [-90.0208587, 35.131604], [-90.0208865, 35.1312704], [-90.0209078, 35.1310156], [-90.020924, 35.1308039], [-90.0209635, 35.1303256], [-90.0210064, 35.1298067], [-90.0210204, 35.1296264], [-90.0210461, 35.1292951], [-90.02105, 35.1292453], [-90.0210534, 35.1292046]], [[-90.0210534, 35.1292046], [-90.0210594, 35.1291315]], [[-90.0210594, 35.1291315], [-90.0210715, 35.1289858]], [[-90.0210715, 35.1289858], [-90.0210926, 35.12873]], [[-90.0210926, 35.12873], [-90.021102, 35.1283294]], [[-90.021102, 35.1283294], [-90.021105, 35.1282017], [-90.0211085, 35.1280534]], [[-90.0211085, 35.1280534], [-90.021118, 35.1276504], [-90.0211583, 35.1266385], [-90.0211812, 35.1261442], [-90.021205, 35.1256301], [-90.0212248, 35.1251316], [-90.0212446, 35.1246311], [-90.0212723, 35.1239975]], [[-90.0212723, 35.1239975], [-90.0213379, 35.1223313], [-90.0213553, 35.1218522]], [[-90.0213553, 35.1218522], [-90.0213733, 35.121386]], [[-90.0213733, 35.121386], [-90.0214372, 35.1200159], [-90.0214596, 35.1190201]], [[-90.0214596, 35.1190201], [-90.0214828, 35.1184051], [-90.0214919, 35.1180997], [-90.0214941, 35.1180247], [-90.0215029, 35.1178264], [-90.0215355, 35.1170899], [-90.0215561, 35.1166639], [-90.0215784, 35.1162042], [-90.021585, 35.1160672], [-90.0216215, 35.1153119]], [[-90.0216215, 35.1153119], [-90.0216273, 35.1151356], [-90.0216338, 35.1149383], [-90.0216386, 35.1147921], [-90.0216433, 35.1146491], [-90.0216452, 35.1145921], [-90.021648, 35.1145071], [-90.0216529, 35.1142995], [-90.021658, 35.1141538], [-90.021692, 35.1135607], [-90.0216887, 35.113214], [-90.0216963, 35.1128908], [-90.0217064, 35.1124806], [-90.021719, 35.1119533], [-90.0217326, 35.111546], [-90.0217423, 35.1109562], [-90.0217463, 35.1107146], [-90.0217498, 35.1105017], [-90.021753, 35.1103036], [-90.0217556, 35.1101419]], [[-90.0217556, 35.1101419], [-90.0217593, 35.1099174], [-90.0217595, 35.1098683], [-90.0217534, 35.1098266], [-90.0217473, 35.1097848], [-90.0217262, 35.109672]], [[-90.0217262, 35.109672], [-90.0216884, 35.1094901]], [[-90.0216884, 35.1094901], [-90.0216602, 35.1093506], [-90.0216236, 35.1091697], [-90.0216219, 35.1091612], [-90.0216031, 35.1090682]], [[-90.0216031, 35.1090682], [-90.0215892, 35.1089995], [-90.0215626, 35.108868], [-90.0214975, 35.1085459], [-90.0214872, 35.1084909], [-90.0214264, 35.1081666], [-90.0213475, 35.1077459], [-90.0212458, 35.1072873]], [[-90.0212458, 35.1072873], [-90.0212022, 35.1070904], [-90.0211555, 35.1068799]], [[-90.0211555, 35.1068799], [-90.0210384, 35.1063845]], [[-90.0210384, 35.1063845], [-90.020895, 35.1057967], [-90.0207687, 35.1052714], [-90.0206495, 35.1047759], [-90.0204818, 35.1043305], [-90.0204634, 35.104283], [-90.0204147, 35.1041554], [-90.0203596, 35.1040111], [-90.0203365, 35.1039469], [-90.0193953, 35.1019094], [-90.0192415, 35.1015765], [-90.0190585, 35.1011803]], [[-90.0190585, 35.1011803], [-90.0188445, 35.1007169]], [[-90.0188445, 35.1007169], [-90.0187405, 35.1005129], [-90.018677, 35.1003698]], [[-90.018677, 35.1003698], [-90.0186053, 35.1002082], [-90.0184085, 35.0997649], [-90.0182735, 35.0993739], [-90.0181031, 35.0987238]], [[-90.0181031, 35.0987238], [-90.0180403, 35.0984767]], [[-90.0180403, 35.0984767], [-90.0179932, 35.0979091], [-90.0179585, 35.0974899], [-90.0179655, 35.0973051]], [[-90.0179655, 35.0973051], [-90.0179721, 35.097132], [-90.0179787, 35.0969589], [-90.0179845, 35.0968059]], [[-90.0179845, 35.0968059], [-90.018001, 35.0962054], [-90.0180025, 35.0961519], [-90.0180072, 35.0959819], [-90.0180261, 35.0955562], [-90.0180285, 35.0954969], [-90.0180358, 35.0953102]], [[-90.0180358, 35.0953102], [-90.0180406, 35.0951897], [-90.0180439, 35.0951064], [-90.0180524, 35.0948894]], [[-90.0180524, 35.0948894], [-90.0180545, 35.0948359], [-90.0180725, 35.0941669], [-90.0180763, 35.0940837], [-90.0181081, 35.0933774], [-90.0181345, 35.0927929], [-90.0181695, 35.0913889], [-90.0181728, 35.0913174]], [[-90.0181728, 35.0913174], [-90.018188, 35.0908033]], [[-90.018188, 35.0908033], [-90.0181915, 35.0906849], [-90.0182385, 35.0895881], [-90.018249, 35.0893426], [-90.0182556, 35.0891882], [-90.0182975, 35.0882091], [-90.0183096, 35.0879271]], [[-90.0183096, 35.0879271], [-90.0183265, 35.0875329]], [[-90.0183265, 35.0875329], [-90.0183425, 35.0872851]], [[-90.0183425, 35.0872851], [-90.0183625, 35.0869769], [-90.0183625, 35.086939], [-90.0183625, 35.086708]], [[-90.0183625, 35.086708], [-90.0183625, 35.0864769]], [[-90.0183625, 35.0864769], [-90.0183655, 35.0861999], [-90.0183839, 35.0858855], [-90.0184065, 35.0854989]], [[-90.0184065, 35.0854989], [-90.0184259, 35.0852588]], [[-90.0184259, 35.0852588], [-90.0184971, 35.0843796]], [[-90.0184971, 35.0843796], [-90.0185034, 35.0842394], [-90.018505, 35.0842027], [-90.0185092, 35.0841205]], [[-90.0185092, 35.0841205], [-90.0185128, 35.0840518], [-90.018524, 35.0838353], [-90.0185293, 35.0837334]], [[-90.0185293, 35.0837334], [-90.0185383, 35.0835584], [-90.0185415, 35.083519], [-90.0185588, 35.0833079]], [[-90.0185588, 35.0833079], [-90.0185866, 35.0830871], [-90.0185954, 35.0830189]], [[-90.0185954, 35.0830189], [-90.0186096, 35.0829045]], [[-90.0186096, 35.0829045], [-90.0186949, 35.0822265], [-90.0187399, 35.0817319], [-90.0187865, 35.0813121], [-90.0188045, 35.0811499], [-90.0190423, 35.0800838], [-90.0190949, 35.0798479], [-90.0193861, 35.0785416], [-90.0194875, 35.0780869]], [[-90.0194875, 35.0780869], [-90.0195593, 35.0778488]], [[-90.0195593, 35.0778488], [-90.0195952, 35.0777296], [-90.0196105, 35.0776786]], [[-90.0196105, 35.0776786], [-90.0196588, 35.0775184], [-90.0197394, 35.0772507], [-90.019771, 35.0771452], [-90.0198459, 35.0768957], [-90.0198876, 35.0767585], [-90.0199131, 35.0766524], [-90.0200543, 35.0760662], [-90.0202086, 35.0754254], [-90.0202312, 35.0753315], [-90.0202833, 35.0751151], [-90.0203203, 35.0749615], [-90.0203807, 35.0746997], [-90.0204437, 35.0744493], [-90.0207655, 35.0730558]], [[-90.0207655, 35.0730558], [-90.0208047, 35.072886], [-90.0208566, 35.0726791]], [[-90.0208566, 35.0726791], [-90.0210644, 35.0717576]], [[-90.0210644, 35.0717576], [-90.0212366, 35.0710497]], [[-90.0217506, 35.0689212], [-90.0213116, 35.0707193], [-90.0212366, 35.0710497]], [[-90.0218257, 35.0686151], [-90.0217506, 35.0689212]], [[-90.0224561, 35.0660551], [-90.022391, 35.0663192], [-90.0219577, 35.0680762], [-90.0218257, 35.0686151]], [[-90.0226811, 35.0651483], [-90.0224561, 35.0660551]], [[-90.0227136, 35.0650263], [-90.0226811, 35.0651483]], [[-90.0227136, 35.0650263], [-90.0228088, 35.0648757], [-90.0229028, 35.0645877]], [[-90.0229028, 35.0645877], [-90.0231919, 35.0634347], [-90.0233177, 35.0629136], [-90.0232985, 35.0627632]], [[-90.0234267, 35.062235], [-90.0232985, 35.0627632]], [[-90.023558, 35.0616971], [-90.023475, 35.0620396], [-90.0234267, 35.062235]], [[-90.0236956, 35.0611112], [-90.0236597, 35.0612688], [-90.0236063, 35.0615094], [-90.0235963, 35.0615533], [-90.023558, 35.0616971]], [[-90.0237276, 35.060971], [-90.0237234, 35.0609896], [-90.0236956, 35.0611112]], [[-90.0242733, 35.0586438], [-90.0241661, 35.0590931], [-90.0241351, 35.0592175], [-90.0241173, 35.0592888], [-90.0240593, 35.0595348], [-90.024046, 35.059591], [-90.0240395, 35.0596187], [-90.0240112, 35.0597388], [-90.0239701, 35.0599135], [-90.0239318, 35.0600759], [-90.0238947, 35.0602335], [-90.0238337, 35.0604923], [-90.0237276, 35.060971]], [[-90.0244145, 35.0580892], [-90.0243834, 35.0582171], [-90.0243782, 35.0582411], [-90.0243388, 35.058397], [-90.0243276, 35.0584414], [-90.0243191, 35.0584765], [-90.0242733, 35.0586438]], [[-90.0244949, 35.0577161], [-90.0244341, 35.0580085], [-90.0244145, 35.0580892]], [[-90.0247553, 35.0563212], [-90.0247004, 35.0566635], [-90.0246879, 35.0567415], [-90.0245946, 35.0572206], [-90.0245583, 35.0574071], [-90.0245312, 35.0575504], [-90.0245146, 35.0576216], [-90.0244949, 35.0577161]], [[-90.0249398, 35.0548989], [-90.0249196, 35.0550595], [-90.0249017, 35.0552278], [-90.0249007, 35.0552362], [-90.0248685, 35.0555195], [-90.0248508, 35.0556745], [-90.0248456, 35.0557098], [-90.0247887, 35.0560952], [-90.0247553, 35.0563212]], [[-90.0249944, 35.0542692], [-90.0249816, 35.0544447], [-90.0249721, 35.054559], [-90.0249623, 35.0546776], [-90.0249574, 35.054718], [-90.0249512, 35.0547684], [-90.0249398, 35.0548989]], [[-90.02502, 35.0537578], [-90.0250181, 35.0537989], [-90.0250149, 35.0538682], [-90.0250086, 35.0539736], [-90.025003, 35.0540682], [-90.0249944, 35.0542692]], [[-90.0250454, 35.053256], [-90.0250442, 35.0532804], [-90.0250355, 35.0534515], [-90.0250232, 35.053694], [-90.02502, 35.0537578]], [[-90.0250903, 35.0490886], [-90.0250878, 35.0491804], [-90.0250777, 35.04955], [-90.0250731, 35.0497341], [-90.0250732, 35.0499396], [-90.0250733, 35.0501807], [-90.0250734, 35.0504037], [-90.0250735, 35.0505781], [-90.0250736, 35.050734], [-90.0250737, 35.0508865], [-90.0250747, 35.0509066], [-90.0250954, 35.0513069], [-90.0250627, 35.052251], [-90.0250582, 35.0524693], [-90.0250551, 35.0526107], [-90.0250513, 35.0527831], [-90.0250497, 35.0529153], [-90.0250454, 35.053256]], [[-90.0251008, 35.0484625], [-90.0250999, 35.0485176], [-90.0250916, 35.0490094], [-90.0250903, 35.0490886]], [[-90.0251048, 35.0470095], [-90.025108, 35.0474812], [-90.0251088, 35.0475967], [-90.0251063, 35.0476302], [-90.0251019, 35.0477389], [-90.0251028, 35.0478862], [-90.0251017, 35.048198], [-90.0251008, 35.0484625]], [[-90.0251048, 35.0470095], [-90.0251865, 35.0468862], [-90.0251813, 35.0465397], [-90.025183, 35.0464392], [-90.025183, 35.0463332], [-90.0251848, 35.0452934], [-90.025183, 35.0450798], [-90.0251088, 35.0449616]], [[-90.0251074, 35.0448115], [-90.0251088, 35.0449616]], [[-90.0251062, 35.044242], [-90.025106, 35.0443493], [-90.0251059, 35.0443843], [-90.0251055, 35.044595], [-90.0251074, 35.0448115]], [[-90.0251102, 35.0438068], [-90.0251095, 35.0440681], [-90.0251078, 35.0441045], [-90.0251062, 35.044242]], [[-90.0251105, 35.0436743], [-90.0251104, 35.0437065], [-90.0251102, 35.0438068]], [[-90.025117, 35.0418896], [-90.0251159, 35.0421073], [-90.0251146, 35.0423384], [-90.0251136, 35.0425365], [-90.0251135, 35.0425901], [-90.0251128, 35.0428368], [-90.0251125, 35.0428577], [-90.0251097, 35.0430781], [-90.0251099, 35.0431925], [-90.0251103, 35.0434993], [-90.0251105, 35.0436743]], [[-90.0251471, 35.036189], [-90.0251556, 35.0368615], [-90.0251594, 35.0371607], [-90.0251661, 35.0376922], [-90.0251672, 35.0377798], [-90.0251619, 35.0382867], [-90.0251585, 35.0385076], [-90.0251516, 35.0389626], [-90.0251468, 35.0392777], [-90.0251434, 35.0394967], [-90.0251356, 35.0400094], [-90.0251349, 35.0400608], [-90.0251266, 35.0406458], [-90.0251241, 35.0409672], [-90.0251216, 35.0412954], [-90.0251188, 35.041661], [-90.025117, 35.0418896]], [[-90.0251502, 35.0355138], [-90.0251496, 35.0356407], [-90.0251465, 35.0358782], [-90.0251472, 35.0361779], [-90.0251471, 35.036189]], [[-90.0251502, 35.0355138], [-90.0244594, 35.0355128]], [[-90.0244594, 35.0355128], [-90.0244107, 35.0355127], [-90.024253, 35.035515], [-90.0236786, 35.0355226], [-90.0233998, 35.0355262], [-90.0232381, 35.0355284], [-90.0229691, 35.0355293], [-90.0228924, 35.0355295], [-90.0225747, 35.0355328], [-90.0222381, 35.0355316], [-90.0221555, 35.0355331], [-90.0218209, 35.0355313], [-90.0217447, 35.0355312], [-90.0211566, 35.0355308], [-90.0210284, 35.0355314], [-90.020705, 35.0355329], [-90.0206435, 35.0355332], [-90.0197698, 35.0355372]], [[-90.0197698, 35.0355372], [-90.0197668, 35.035089], [-90.0197637, 35.0348823], [-90.0197537, 35.0342222], [-90.0197699, 35.0338909], [-90.0197806, 35.0335778], [-90.0197805, 35.0335429], [-90.0197791, 35.032945], [-90.0197787, 35.03277], [-90.0197784, 35.0326305], [-90.0197757, 35.0323642]], [[-90.0197757, 35.0323642], [-90.0197749, 35.0322635], [-90.0197742, 35.0321695]], [[-90.0197742, 35.0321695], [-90.0197717, 35.0318399], [-90.0198365, 35.0303069], [-90.019829, 35.0298068], [-90.0198637, 35.0283692], [-90.0198621, 35.0282343], [-90.0198578, 35.027882], [-90.0198467, 35.0269562], [-90.0198297, 35.0254565], [-90.0198806, 35.0232516], [-90.0198827, 35.0224263], [-90.0198828, 35.022366], [-90.0198832, 35.0222128], [-90.0198835, 35.0220629], [-90.0198843, 35.0217502], [-90.0198844, 35.0217127], [-90.0198848, 35.0215643], [-90.0198855, 35.0212835], [-90.0198856, 35.0212456], [-90.0198861, 35.0210269]], [[-90.0198861, 35.0210269], [-90.0199516, 35.0209009]], [[-90.0199516, 35.0209009], [-90.0198188, 35.0208987]], [[-90.0198188, 35.0208987], [-90.0190558, 35.0208899], [-90.0186646, 35.0208932], [-90.0185128, 35.0208926], [-90.017984, 35.0208903]], [[-90.017984, 35.0208903], [-90.0166953, 35.0208993], [-90.0159087, 35.0209048], [-90.0153825, 35.0209085], [-90.0148477, 35.0209142], [-90.0145465, 35.0209138], [-90.0142593, 35.0209146], [-90.0141031, 35.0209151], [-90.0140534, 35.0209154], [-90.0140077, 35.0209152], [-90.0139448, 35.0209158], [-90.0124676, 35.0209206], [-90.0099644, 35.0209426], [-90.0092398, 35.0209486], [-90.0089744, 35.0209507], [-90.0085487, 35.0209541], [-90.0083376, 35.0209558], [-90.0082972, 35.0209562], [-90.0075238, 35.0209635]], [[-90.0075238, 35.0209635], [-90.0070046, 35.0209598], [-90.0069188, 35.0209602], [-90.0063313, 35.020962], [-90.0058754, 35.0209635], [-90.0056568, 35.0210337]], [[-90.0056568, 35.0210337], [-90.005275, 35.0210529]], [[-90.005275, 35.0210529], [-90.0044566, 35.0210398], [-90.0030014, 35.0210296]], [[-90.0030014, 35.0210296], [-90.0021114, 35.0210212]], [[-90.0021114, 35.0210212], [-90.0007399, 35.0210334], [-89.9994339, 35.0210432], [-89.9987634, 35.0210443], [-89.9982843, 35.0210436], [-89.9974677, 35.021043], [-89.9971485, 35.0210418], [-89.9969051, 35.0210408], [-89.9966039, 35.0210397], [-89.9961067, 35.0210409], [-89.9957942, 35.0210417], [-89.995645, 35.0210421], [-89.9951537, 35.0210436], [-89.9943231, 35.0210441], [-89.9941548, 35.0210458], [-89.9928122, 35.0210535], [-89.9924944, 35.0210527], [-89.9917996, 35.0210535], [-89.9915641, 35.0210506], [-89.9908601, 35.0210469], [-89.9905965, 35.0210455], [-89.9904495, 35.0210447], [-89.9903601, 35.0210442], [-89.9902121, 35.0210434], [-89.9901631, 35.0210431], [-89.9898529, 35.0210415]], [[-89.9898529, 35.0210415], [-89.9898497, 35.0206153], [-89.9898481, 35.020396]], [[-89.9898481, 35.020396], [-89.989836, 35.01878], [-89.989861, 35.0157368], [-89.9898594, 35.0147958], [-89.9898591, 35.0145973], [-89.989867, 35.0136833], [-89.9898702, 35.0132185], [-89.9898754, 35.0113552], [-89.9898754, 35.0112556], [-89.9898751, 35.0074543], [-89.9898785, 35.0072289]], [[-89.9898785, 35.0072289], [-89.9898811, 35.0070587], [-89.9898843, 35.0068499], [-89.98989, 35.0064733]], [[-89.98989, 35.0064733], [-89.9908112, 35.0064744], [-89.9909084, 35.0064734], [-89.9918422, 35.0064643], [-89.9926022, 35.0064587], [-89.9930826, 35.006453], [-89.9937557, 35.006454]], [[-89.9937557, 35.006454], [-89.9950782, 35.0064483], [-89.9953679, 35.0064485], [-89.9955554, 35.0064486]], [[-89.9955554, 35.0064486], [-89.9959694, 35.0064496], [-89.9963448, 35.0064462], [-89.9972522, 35.0064515], [-89.9973675, 35.0064522], [-89.997857, 35.006455], [-89.9978733, 35.0064551]], [[-89.9978733, 35.0064551], [-89.9980139, 35.0064545], [-89.9982395, 35.0064537], [-89.9982755, 35.0064534], [-89.9985627, 35.0064523], [-89.9986164, 35.0064521], [-89.9987931, 35.0064515], [-89.9988179, 35.0064514], [-89.9990652, 35.0064505]], [[-89.9990652, 35.0064505], [-89.9991851, 35.0064501], [-89.9995834, 35.0064486]], [[-89.9995834, 35.0064486], [-90.0001063, 35.0064459]], [[-90.0001063, 35.0064459], [-90.0014739, 35.0064389], [-90.0022405, 35.006435]], [[-90.0022405, 35.006435], [-90.0030449, 35.0064275]], [[-90.0030449, 35.0064275], [-90.0046177, 35.0064429], [-90.0054599, 35.0064419], [-90.0061292, 35.0064411], [-90.0063591, 35.0064408], [-90.0064643, 35.0064421], [-90.0069446, 35.0064479], [-90.0069731, 35.0064482], [-90.0071041, 35.0064498]], [[-90.0071041, 35.0064498], [-90.0071754, 35.0064506], [-90.0072692, 35.0064517], [-90.0073914, 35.0064532], [-90.0076706, 35.0064533]], [[-90.0076706, 35.0064533], [-90.0079585, 35.0064495], [-90.0079788, 35.0064501], [-90.0082616, 35.0064456]], [[-90.0082616, 35.0064456], [-90.0090189, 35.0064357], [-90.0090721, 35.0064359], [-90.0098937, 35.0064382], [-90.0099033, 35.0064382], [-90.0103107, 35.0064327], [-90.0107622, 35.0064317], [-90.010814, 35.0064316], [-90.0114775, 35.0064325], [-90.0117129, 35.0064321], [-90.011723, 35.006432], [-90.0119174, 35.0064317], [-90.0121427, 35.0064312], [-90.0121783, 35.0064312], [-90.0123607, 35.0064308], [-90.0125313, 35.0064305], [-90.0125883, 35.0064304], [-90.0127978, 35.0064299], [-90.0129134, 35.0064296], [-90.0130569, 35.0064292], [-90.0132185, 35.0064286], [-90.0133208, 35.0064282], [-90.0134115, 35.0064278], [-90.0135964, 35.0064273], [-90.0137657, 35.0064268], [-90.0138492, 35.0064265], [-90.0138743, 35.0064264], [-90.0141208, 35.0064257], [-90.0141268, 35.0064256], [-90.0143921, 35.0064248], [-90.014653, 35.006424], [-90.0149225, 35.0064232], [-90.0151951, 35.0064224], [-90.0154757, 35.0064215], [-90.0156785, 35.0064208], [-90.015937, 35.00642], [-90.0160567, 35.0064196], [-90.0168773, 35.0064169], [-90.0171252, 35.0064157], [-90.0172936, 35.0064149], [-90.0173807, 35.0064145], [-90.0175893, 35.0064135], [-90.0193181, 35.0064054], [-90.0212527, 35.0064046], [-90.0221592, 35.0063948], [-90.0225212, 35.0063934], [-90.024033, 35.0063877], [-90.0243444, 35.0063865], [-90.0247621, 35.0063849]], [[-90.0247621, 35.0063849], [-90.0249979, 35.0063861], [-90.0253119, 35.0063829]], [[-90.0253119, 35.0063829], [-90.0253033, 35.0069552], [-90.0252886, 35.0079377], [-90.0252564, 35.009576], [-90.0252404, 35.0103907], [-90.0252348, 35.0108433], [-90.0252264, 35.0115155], [-90.0252147, 35.0124596], [-90.0252013, 35.0129376], [-90.0252102, 35.0137278], [-90.0252169, 35.0138292], [-90.0252055, 35.0145772], [-90.02524, 35.0155603], [-90.0252408, 35.016609]], [[-90.0252408, 35.016609], [-90.025244, 35.0170857], [-90.0252443, 35.0171173], [-90.0252451, 35.0172174], [-90.0252442, 35.0173328], [-90.0252404, 35.0177758]], [[-90.0252404, 35.0177758], [-90.025223, 35.0187008], [-90.0252213, 35.0188152], [-90.0252191, 35.0193918], [-90.0252194, 35.0194793], [-90.0252174, 35.0197398], [-90.0252174, 35.0198648], [-90.0252156, 35.0199216], [-90.0252161, 35.0201842]], [[-90.0252161, 35.0201842], [-90.0252149, 35.0202985]], [[-90.0252149, 35.0202985], [-90.0252138, 35.0203652]], [[-90.0252138, 35.0203652], [-90.0252144, 35.0204776], [-90.0252142, 35.0205071]], [[-90.0252142, 35.0205071], [-90.0251578, 35.020609], [-90.0251058, 35.0206866], [-90.0250561, 35.0207626], [-90.0249395, 35.020837], [-90.0247935, 35.020892]], [[-90.0247935, 35.020892], [-90.0245459, 35.0208902], [-90.0244407, 35.0208894], [-90.0241346, 35.0208872], [-90.0234309, 35.0208821], [-90.0233212, 35.0208854], [-90.0219808, 35.0208943], [-90.0218517, 35.020891], [-90.0206979, 35.020897], [-90.0199516, 35.0209009]], [[-90.0199516, 35.0209009], [-90.0198188, 35.0208987]], [[-90.0198188, 35.0208987], [-90.0198861, 35.0210269]]]}}, {"type": "Feature", "properties": {"osm_id": 12558894, "ref": "57", "name": null}, "geometry": {"type": "MultiLineString", "coordinates": [[[-89.9879635, 35.1085674], [-89.9883646, 35.1086201], [-89.9885134, 35.1086629], [-89.9887173, 35.1087452], [-89.9889459, 35.1088496]], [[-89.9889459, 35.1088496], [-89.9891478, 35.1090037]], [[-89.9891478, 35.1090037], [-89.9894576, 35.1092049], [-89.9896554, 35.1092081]], [[-89.9920511, 35.1107194], [-89.9917754, 35.1105374]], [[-89.9920511, 35.1107194], [-89.9921128, 35.1106212], [-89.9921638, 35.11054]], [[-89.9921638, 35.11054], [-89.9922458, 35.1104435], [-89.9923772, 35.1103141], [-89.9926222, 35.1101559]], [[-89.9926222, 35.1101559], [-89.9930233, 35.1100038], [-89.994439, 35.1096226], [-89.9958012, 35.1092422], [-89.9964976, 35.1090511], [-89.9969075, 35.1090129], [-89.9970632, 35.1090181], [-89.9973125, 35.1090265], [-89.9981536, 35.1090615], [-89.9993934, 35.1090583], [-90.0009404, 35.1090826], [-90.0015448, 35.1090927], [-90.0036438, 35.1091281], [-90.004826, 35.1091568], [-90.0050842, 35.1091636]], [[-90.0050842, 35.1091636], [-90.0059267, 35.1091829], [-90.0060417, 35.1091855], [-90.0060765, 35.1091866], [-90.0066654, 35.1092058], [-90.0073056, 35.1092266], [-90.0080286, 35.1092501], [-90.0085712, 35.1092678], [-90.0087938, 35.1092751], [-90.0099345, 35.1093122], [-90.0100475, 35.1093161], [-90.0101156, 35.1093178], [-90.0106794, 35.1093393], [-90.0107724, 35.109342], [-90.0119353, 35.1093756], [-90.0120956, 35.1093759], [-90.0121999, 35.1093695], [-90.0122682, 35.1093596], [-90.0123471, 35.1093455], [-90.0125921, 35.1092234]], [[-90.0125921, 35.1092234], [-90.0136852, 35.1092378], [-90.0144242, 35.1092475]], [[-90.0144242, 35.1092475], [-90.0146588, 35.1092852], [-90.0147545, 35.1093119], [-90.0148699, 35.1093453]], [[-90.0148699, 35.1093453], [-90.0149547, 35.1093702], [-90.0150905, 35.1094091], [-90.0152228, 35.1094396], [-90.0152907, 35.1094507], [-90.0153653, 35.1094563], [-90.0157427, 35.1094701], [-90.017314, 35.1095231], [-90.0183004, 35.1095564], [-90.0184252, 35.1095606], [-90.0211282, 35.1096518], [-90.0215516, 35.1096661], [-90.0217262, 35.109672]], [[-90.0217556, 35.1101419], [-90.0217593, 35.1099174], [-90.0217595, 35.1098683], [-90.0217534, 35.1098266], [-90.0217473, 35.1097848], [-90.0217262, 35.109672]], [[-90.0216215, 35.1153119], [-90.0216273, 35.1151356], [-90.0216338, 35.1149383], [-90.0216386, 35.1147921], [-90.0216433, 35.1146491], [-90.0216452, 35.1145921], [-90.021648, 35.1145071], [-90.0216529, 35.1142995], [-90.021658, 35.1141538], [-90.021692, 35.1135607], [-90.0216887, 35.113214], [-90.0216963, 35.1128908], [-90.0217064, 35.1124806], [-90.021719, 35.1119533], [-90.0217326, 35.111546], [-90.0217423, 35.1109562], [-90.0217463, 35.1107146], [-90.0217498, 35.1105017], [-90.021753, 35.1103036], [-90.0217556, 35.1101419]], [[-90.0220796, 35.115315], [-90.0216215, 35.1153119]], [[-90.022328, 35.1153138], [-90.022136, 35.1153144], [-90.0220796, 35.115315]], [[-90.0225258, 35.1153161], [-90.022328, 35.1153138]], [[-90.0230265, 35.1153279], [-90.0229505, 35.1153209], [-90.0225258, 35.1153161]], [[-90.027524, 35.115431], [-90.0268939, 35.1154095], [-90.0262975, 35.1153889], [-90.0261834, 35.1153868], [-90.0256448, 35.1153768], [-90.0252474, 35.1153715], [-90.0249361, 35.1153638], [-90.0242966, 35.1153479], [-90.0241309, 35.1153434], [-90.0230265, 35.1153279]], [[-90.0275843, 35.1154321], [-90.027524, 35.115431]], [[-90.028228, 35.1154519], [-90.0275843, 35.1154321]], [[-90.0308295, 35.1155043], [-90.0302964, 35.115492], [-90.0301347, 35.11549], [-90.0299147, 35.1154869], [-90.0298221, 35.1154857], [-90.0295419, 35.1154784], [-90.0293684, 35.1154758], [-90.0292512, 35.1154741], [-90.0288239, 35.1154633], [-90.0284584, 35.115458], [-90.028228, 35.1154519]], [[-90.0313672, 35.1155161], [-90.030956, 35.1155071], [-90.0308295, 35.1155043]], [[-90.0367134, 35.1156345], [-90.03604, 35.1156201], [-90.034632, 35.1155895], [-90.0339731, 35.1155747], [-90.0337555, 35.1155698], [-90.0330559, 35.1155541], [-90.0323466, 35.1155382], [-90.0317873, 35.1155256], [-90.0313672, 35.1155161]], [[-90.0371646, 35.1156441], [-90.0367134, 35.1156345]], [[-90.0375431, 35.1156537], [-90.037482, 35.1156522], [-90.0371646, 35.1156441]], [[-90.0428751, 35.1157851], [-90.0427468, 35.1157815], [-90.0423508, 35.1157703], [-90.0422685, 35.115768], [-90.0421448, 35.1157648], [-90.0418906, 35.1157581], [-90.0410006, 35.1157347], [-90.0404247, 35.1157219], [-90.038893, 35.115688], [-90.037802, 35.1156603], [-90.0375431, 35.1156537]], [[-90.0433595, 35.1157988], [-90.0428751, 35.1157851]], [[-90.0465347, 35.1158588], [-90.0462386, 35.1158532], [-90.0450524, 35.1158295], [-90.0433595, 35.1157988]], [[-90.0470175, 35.115868], [-90.0465985, 35.11586], [-90.0465347, 35.1158588]], [[-90.047463, 35.1312317], [-90.0475435, 35.1311121], [-90.0475417, 35.1310942], [-90.0475251, 35.1309337], [-90.0474671, 35.1303729], [-90.0473823, 35.1302179]], [[-90.0473193, 35.130367], [-90.0474, 35.131122], [-90.047463, 35.1312317]], [[-90.0473823, 35.1302179], [-90.0473193, 35.130367]], [[-90.0473823, 35.1302179], [-90.0472898, 35.1293201], [-90.0472593, 35.1290243], [-90.0472073, 35.1287673], [-90.0471867, 35.1287175], [-90.0471331, 35.1285883], [-90.0470512, 35.1284233]], [[-90.0470512, 35.1284233], [-90.0470345, 35.1282697], [-90.0469601, 35.1280564], [-90.0469213, 35.1279017], [-90.0468984, 35.1277405], [-90.0468938, 35.1276624], [-90.0469185, 35.1270231], [-90.04694, 35.1263134], [-90.0469521, 35.1259624], [-90.0469606, 35.1257482], [-90.0469713, 35.1254759], [-90.0469856, 35.1251157], [-90.0469771, 35.1250929]], [[-90.0469771, 35.1250929], [-90.046932, 35.1249724]], [[-90.046932, 35.1249724], [-90.0469101, 35.124914]], [[-90.0469168, 35.1248245], [-90.0469143, 35.1248577], [-90.0469101, 35.124914]], [[-90.0469223, 35.1247515], [-90.0469168, 35.1248245]], [[-90.0469844, 35.1243744], [-90.0469385, 35.1245011], [-90.0469223, 35.1247515]], [[-90.047059, 35.1238935], [-90.0470576, 35.1239143], [-90.0470506, 35.124081], [-90.0470426, 35.1242612], [-90.0469844, 35.1243744]], [[-90.0472051, 35.1196559], [-90.0471675, 35.1208197], [-90.0471577, 35.1211238], [-90.0471516, 35.1213112], [-90.04713, 35.1220037], [-90.0471132, 35.1223891], [-90.0470716, 35.1236119], [-90.047059, 35.1238935]], [[-90.0472061, 35.1162166], [-90.0472329, 35.1163131], [-90.0472456, 35.1163591], [-90.0472625, 35.1164199], [-90.0472932, 35.116734], [-90.0473033, 35.1168376], [-90.0472974, 35.1170839], [-90.0472702, 35.1177723], [-90.0472537, 35.118238], [-90.047246, 35.118455], [-90.0472358, 35.1187089], [-90.0472051, 35.1196559]], [[-90.0470175, 35.115868], [-90.0472061, 35.1162166]], [[-89.8591904, 35.099942], [-89.8593155, 35.0999434], [-89.8593307, 35.0999436], [-89.8595827, 35.0999465], [-89.8599622, 35.0999509]], [[-89.8599622, 35.0999509], [-89.8608127, 35.0999763], [-89.8610969, 35.0999802], [-89.8619172, 35.099992]], [[-89.8619172, 35.099992], [-89.8625422, 35.0999862], [-89.8626305, 35.0999854]], [[-90.047463, 35.1312317], [-90.0474565, 35.1313989], [-90.0474353, 35.1315246], [-90.0474223, 35.1316021], [-90.0474172, 35.1316352], [-90.0474053, 35.1317119], [-90.0473959, 35.1317664]], [[-90.0473959, 35.1317664], [-90.0473546, 35.1319468]], [[-90.0473546, 35.1319468], [-90.0474398, 35.1320327], [-90.0474527, 35.1320468], [-90.0474672, 35.1320628], [-90.047666, 35.1322815], [-90.0478613, 35.1324919], [-90.0480736, 35.1326041]], [[-90.0486327, 35.1326125], [-90.0482948, 35.1326074], [-90.0480736, 35.1326041]], [[-90.0503918, 35.1326433], [-90.0503221, 35.1326421], [-90.0495157, 35.1326276], [-90.0493493, 35.1326246], [-90.0488615, 35.1326159], [-90.0486327, 35.1326125]], [[-90.0508318, 35.1326504], [-90.0504806, 35.1326447], [-90.0503918, 35.1326433]], [[-90.051505, 35.1326637], [-90.0512954, 35.1326587], [-90.0508389, 35.1326505], [-90.0508318, 35.1326504]], [[-90.0519796, 35.132675], [-90.0518888, 35.1326728], [-90.051505, 35.1326637]], [[-90.0546375, 35.1327293], [-90.0545402, 35.1327271], [-90.0542037, 35.1327196], [-90.0536483, 35.1327078], [-90.0520635, 35.1326766], [-90.0519796, 35.132675]], [[-90.0546375, 35.1327293], [-90.0546315, 35.1329619], [-90.0546925, 35.1331729], [-90.0549695, 35.1335932], [-90.0550124, 35.1336568], [-90.0550553, 35.1337336], [-90.0550768, 35.1338323], [-90.0550902, 35.1340078]], [[-90.0550902, 35.1340078], [-90.0550607, 35.134464], [-90.0550419, 35.1345605], [-90.0550178, 35.1346329], [-90.0549614, 35.1347667], [-90.0547558, 35.1351456], [-90.0545472, 35.13553]], [[-90.0545472, 35.13553], [-90.0543472, 35.1358986]], [[-90.0543472, 35.1358986], [-90.0536954, 35.1367277], [-90.0533464, 35.1371665]], [[-90.0533464, 35.1371665], [-90.0531387, 35.1374277], [-90.0530654, 35.1375199]], [[-90.0530654, 35.1375199], [-90.0522946, 35.1386308], [-90.0520431, 35.1391081], [-90.0518773, 35.1394951], [-90.0518637, 35.1395357]], [[-90.0518637, 35.1395357], [-90.051846, 35.1396166], [-90.0518168, 35.1397509], [-90.0517972, 35.1399198], [-90.0517919, 35.1399665]], [[-90.0517919, 35.1399665], [-90.0517457, 35.1402801], [-90.0517342, 35.1403575]], [[-90.0517342, 35.1403575], [-90.0517182, 35.1404601], [-90.0516523, 35.140883], [-90.051594, 35.141257], [-90.0515879, 35.1412961], [-90.0515815, 35.1413491], [-90.0514839, 35.1415947], [-90.0513428, 35.14195], [-90.0511373, 35.1424618], [-90.0511041, 35.1425444]], [[-90.0511041, 35.1425444], [-90.0510645, 35.1426415], [-90.0509021, 35.14304], [-90.0508414, 35.1431889], [-90.0507291, 35.1434642], [-90.0507017, 35.1435314]], [[-90.0507017, 35.1435314], [-90.0505934, 35.1437984], [-90.0505003, 35.1440278], [-90.050495, 35.144041], [-90.0503279, 35.1444527], [-90.0502995, 35.1445227], [-90.050293, 35.1445388]], [[-90.050293, 35.1445388], [-90.0502866, 35.1445549], [-90.0502797, 35.1445722], [-90.0502661, 35.1446065], [-90.0501007, 35.1450227], [-90.0499697, 35.1453523], [-90.0499301, 35.1454521], [-90.0499044, 35.1455167], [-90.0498746, 35.1455916], [-90.0497067, 35.1460142], [-90.0495366, 35.1464423], [-90.0495064, 35.1465178]], [[-90.0495064, 35.1465178], [-90.0494722, 35.1466071], [-90.0493232, 35.1469942], [-90.0492748, 35.1471199]], [[-90.0492748, 35.1471199], [-90.0491519, 35.1474393], [-90.04912, 35.1475222]], [[-90.04912, 35.1475222], [-90.0491115, 35.1475433], [-90.0490927, 35.1475899], [-90.0488745, 35.148131]], [[-90.0488745, 35.148131], [-90.048751, 35.1484375], [-90.0487214, 35.1485178]], [[-90.0487214, 35.1485178], [-90.0486863, 35.148598], [-90.0485317, 35.1489846], [-90.0483621, 35.1494021], [-90.0483214, 35.1495031]], [[-90.0483214, 35.1495031], [-90.0482886, 35.149583], [-90.0481179, 35.1499988], [-90.0480525, 35.1501581]], [[-90.0480525, 35.1501581], [-90.0479919, 35.1503154], [-90.04797, 35.1503723], [-90.0479462, 35.1504341], [-90.0479251, 35.150489]], [[-90.0479251, 35.150489], [-90.047909, 35.1505298], [-90.047889, 35.1505804], [-90.04772, 35.1509979], [-90.0475233, 35.1514861]], [[-90.0475233, 35.1514861], [-90.0473716, 35.1518485]], [[-90.0473716, 35.1518485], [-90.0470953, 35.1525325]], [[-90.0470953, 35.1525325], [-90.0468977, 35.1530254], [-90.0468882, 35.1530491]], [[-90.0468882, 35.1530491], [-90.0467245, 35.1534519]], [[-90.0467245, 35.1534519], [-90.0465377, 35.1539355], [-90.0465219, 35.1539765], [-90.0465083, 35.1540116], [-90.0464724, 35.1541045]], [[-90.0464724, 35.1541045], [-90.0463765, 35.1543902], [-90.0463426, 35.1544753]], [[-90.0463426, 35.1544753], [-90.0463105, 35.1545541], [-90.0461788, 35.1548652], [-90.0459641, 35.1553725]], [[-90.0459641, 35.1553725], [-90.0459199, 35.1554761]], [[-90.04636, 35.1555915], [-90.0459199, 35.1554761]], [[-90.0471756, 35.155804], [-90.0465746, 35.1556445], [-90.04636, 35.1555915]], [[-90.048007, 35.1560316], [-90.0477783, 35.1559682], [-90.0476377, 35.1559293], [-90.0475901, 35.1559161], [-90.0471756, 35.155804]], [[-90.0478889, 35.1563476], [-90.048007, 35.1560316]], [[-89.8589793, 35.0999378], [-89.8591904, 35.099942]], [[-89.8588977, 35.0996141], [-89.8589423, 35.0997909], [-89.8589516, 35.0998278], [-89.8589793, 35.0999378]], [[-89.8588166, 35.099292], [-89.8588734, 35.0995177], [-89.8588977, 35.0996141]], [[-90.0125921, 35.1092234], [-90.0123517, 35.1091864], [-90.0114468, 35.1091538], [-90.0107915, 35.1091316], [-90.0105536, 35.1091235], [-90.0100066, 35.1091128], [-90.0098984, 35.1091096], [-90.0098336, 35.1091103], [-90.0088378, 35.1090743], [-90.0087983, 35.1090729], [-90.0060861, 35.1089747], [-90.0050726, 35.108925]], [[-90.0050726, 35.108925], [-90.0048356, 35.1089119], [-90.0035695, 35.1088996], [-90.0030187, 35.1089057], [-90.0015207, 35.1088703], [-90.000185, 35.1088439], [-89.9993363, 35.1087785], [-89.9981641, 35.1087166], [-89.9981421, 35.1087158], [-89.9975423, 35.1086928], [-89.9970818, 35.1086878], [-89.9966658, 35.1086878], [-89.996398, 35.1087211], [-89.9962052, 35.1087711], [-89.9957568, 35.1088872], [-89.9944296, 35.1092691], [-89.9940223, 35.1093878], [-89.9937868, 35.1094564], [-89.9934812, 35.1095455], [-89.9926831, 35.1097781], [-89.9923921, 35.1099239]], [[-89.9923921, 35.1099239], [-89.9920984, 35.1101559], [-89.9919994, 35.1102603], [-89.9919533, 35.1103204], [-89.9919009, 35.1103858]], [[-89.9919009, 35.1103858], [-89.9918524, 35.1104443], [-89.9917754, 35.1105374]], [[-89.9917754, 35.1105374], [-89.9917245, 35.110506], [-89.9915739, 35.1104132]], [[-89.9915739, 35.1104132], [-89.9915356, 35.1103896]], [[-89.9915356, 35.1103896], [-89.9914614, 35.1103439]], [[-89.9914614, 35.1103439], [-89.9912465, 35.1102115], [-89.9910917, 35.110111], [-89.9907267, 35.1098739], [-89.9901552, 35.1095027], [-89.9899403, 35.1093673], [-89.9897272, 35.1092428], [-89.9896554, 35.1092081]], [[-89.9896554, 35.1092081], [-89.9895541, 35.1090655], [-89.9889077, 35.1086289], [-89.9886689, 35.10854]], [[-89.9886689, 35.10854], [-89.9880823, 35.1085628], [-89.9879635, 35.1085674]], [[-89.9879635, 35.1085674], [-89.9878204, 35.1085697], [-89.9876855, 35.1085759]], [[-89.9876855, 35.1085759], [-89.9873615, 35.1085769]], [[-89.9873615, 35.1085769], [-89.9865052, 35.1085608], [-89.9864454, 35.1085592], [-89.9857174, 35.1085571], [-89.9854686, 35.1085543]], [[-89.9854686, 35.1085543], [-89.9852582, 35.108552], [-89.9850839, 35.10855], [-89.984892, 35.1085479]], [[-89.984892, 35.1085479], [-89.9843685, 35.108528]], [[-89.9843685, 35.108528], [-89.9842214, 35.1085195], [-89.9832827, 35.1084651], [-89.9828072, 35.1084387], [-89.9826103, 35.1084277], [-89.9825209, 35.1084228], [-89.9824385, 35.1084182], [-89.9822115, 35.1084071], [-89.9816468, 35.1083824], [-89.980834, 35.1083665], [-89.9800525, 35.1083609], [-89.9795169, 35.1083547], [-89.9794639, 35.1083548], [-89.979252, 35.1083551], [-89.9787098, 35.1083485], [-89.9785067, 35.1083312], [-89.9778737, 35.1083163], [-89.9777167, 35.1083113], [-89.9775184, 35.1083064], [-89.9775038, 35.108306], [-89.9773769, 35.1083024], [-89.9773433, 35.1083014], [-89.9772059, 35.1082975], [-89.9771066, 35.1082947], [-89.9770313, 35.1082926], [-89.9753352, 35.1082372], [-89.9750151, 35.1082235]], [[-89.9750151, 35.1082235], [-89.9744803, 35.1082073]], [[-89.9744803, 35.1082073], [-89.97403, 35.1081911]], [[-89.97403, 35.1081911], [-89.9736915, 35.1081789], [-89.9733995, 35.1081699], [-89.9728885, 35.1081529], [-89.9721345, 35.1081379], [-89.9713536, 35.1081119], [-89.970558, 35.1080911], [-89.9703288, 35.1080843], [-89.9702601, 35.1080823]], [[-89.9702601, 35.1080823], [-89.9696725, 35.1080649]], [[-89.9696725, 35.1080649], [-89.9694065, 35.1080555], [-89.9692384, 35.1080495]], [[-89.9692384, 35.1080495], [-89.9689395, 35.1080389], [-89.9687725, 35.1080363], [-89.9686148, 35.1080338], [-89.9684994, 35.108032], [-89.9680505, 35.1080249], [-89.9675304, 35.1080096], [-89.966831, 35.1079883], [-89.9661214, 35.1079695], [-89.9657536, 35.1079569], [-89.9651581, 35.1079412], [-89.9647003, 35.1079237], [-89.963916, 35.1078931], [-89.9638595, 35.1078909], [-89.9636784, 35.1078882], [-89.9635113, 35.1078857], [-89.9627357, 35.1078775], [-89.9625255, 35.1078728], [-89.9624552, 35.1078724], [-89.9622874, 35.1078669], [-89.9620795, 35.1078558], [-89.9619943, 35.1078534]], [[-89.9619943, 35.1078534], [-89.9617273, 35.1078459], [-89.9614852, 35.107839]], [[-89.9614852, 35.107839], [-89.9612973, 35.1078316], [-89.9611149, 35.1078245], [-89.9610061, 35.1078202]], [[-89.9610061, 35.1078202], [-89.9598004, 35.1077761], [-89.959571, 35.1077692], [-89.9594925, 35.1077671], [-89.9593899, 35.1077644], [-89.9591842, 35.1077589], [-89.9590356, 35.1077549], [-89.9588413, 35.1077495], [-89.9585347, 35.107741], [-89.9574149, 35.1077016], [-89.9563962, 35.1076978], [-89.9544725, 35.1077285]], [[-89.9544725, 35.1077285], [-89.9540034, 35.1077469]], [[-89.9540034, 35.1077469], [-89.9535583, 35.1077477]], [[-89.9535583, 35.1077477], [-89.9532789, 35.1077511], [-89.9532077, 35.1077509], [-89.9524766, 35.1077576], [-89.9512665, 35.1077839], [-89.9510319, 35.1077903], [-89.9500532, 35.107817], [-89.9488896, 35.1078488], [-89.9487654, 35.107851], [-89.9486361, 35.1078533], [-89.9486053, 35.1078538], [-89.9483293, 35.1078586], [-89.9481447, 35.1078619], [-89.9480154, 35.1078642], [-89.9479291, 35.1078657], [-89.9476547, 35.1078705], [-89.9470573, 35.107881], [-89.9467561, 35.1078862], [-89.9466483, 35.1078927], [-89.9464676, 35.1078913], [-89.9463643, 35.1078931], [-89.9460315, 35.1078989]], [[-89.9460061, 35.1084318], [-89.9460106, 35.1083391], [-89.9460206, 35.1081273], [-89.9460315, 35.1078989]], [[-89.9458591, 35.1125109], [-89.9458603, 35.1124739], [-89.9458814, 35.1117945], [-89.9458886, 35.1115633], [-89.9458905, 35.1115029], [-89.9458975, 35.1114019], [-89.9459054, 35.1112315], [-89.945914, 35.111046], [-89.9459161, 35.1110013], [-89.9459173, 35.1108802], [-89.9459187, 35.1107294], [-89.945919, 35.1106995], [-89.9459198, 35.1105692], [-89.945921, 35.1103791], [-89.9459213, 35.1103287], [-89.9459223, 35.1102113], [-89.9459225, 35.1101829], [-89.9459255, 35.1100239], [-89.9459338, 35.1098673], [-89.9459395, 35.1097606], [-89.945953, 35.1095064], [-89.9459593, 35.1093875], [-89.9459665, 35.1092509], [-89.9459805, 35.1089709], [-89.945991, 35.108751], [-89.9459942, 35.1086833], [-89.9460002, 35.1085571], [-89.9460061, 35.1084318]], [[-89.9458385, 35.1130761], [-89.9458524, 35.1126948], [-89.9458591, 35.1125109]], [[-89.9458304, 35.1134994], [-89.9458365, 35.1131814], [-89.9458385, 35.1130761]], [[-89.9458304, 35.1134994], [-89.9453154, 35.1134845], [-89.9452216, 35.1134818], [-89.9449276, 35.1134732], [-89.9442295, 35.1134539], [-89.9439703, 35.1134461], [-89.9435554, 35.1134337], [-89.942788, 35.1134131], [-89.9420431, 35.113389], [-89.9412885, 35.1133669], [-89.9408884, 35.113359], [-89.9398185, 35.1133379], [-89.9383156, 35.1132983]], [[-89.9383156, 35.1132983], [-89.9383867, 35.1122678], [-89.9383822, 35.1121552], [-89.9383935, 35.1113179], [-89.9384103, 35.1110571], [-89.9384219, 35.1104187], [-89.9384325, 35.1099362], [-89.9384352, 35.1098441], [-89.9384645, 35.1088359], [-89.9384853, 35.1081464], [-89.9384995, 35.1076749]], [[-89.9384995, 35.1076749], [-89.9380979, 35.1076719]], [[-89.9380979, 35.1076719], [-89.9363397, 35.1076323], [-89.9361424, 35.1076279], [-89.935799, 35.1076198], [-89.9356975, 35.1076179], [-89.9356166, 35.1076171], [-89.9354351, 35.1076185], [-89.9352695, 35.1076139], [-89.9350595, 35.1075979], [-89.9343972, 35.107599], [-89.9343172, 35.1075991], [-89.9341246, 35.1075949], [-89.933796, 35.1075878], [-89.9335777, 35.1075831], [-89.9332391, 35.1075757], [-89.9331821, 35.1075745], [-89.9329441, 35.1075693], [-89.9329044, 35.1075684], [-89.9324252, 35.107558], [-89.9320046, 35.1075483], [-89.9317508, 35.1075425], [-89.9316835, 35.1075419], [-89.9313824, 35.1075313]], [[-89.9313824, 35.1075313], [-89.931172, 35.1075239], [-89.9309105, 35.1075131], [-89.9306453, 35.1075039]], [[-89.9302962, 35.1074962], [-89.9306453, 35.1075039]], [[-89.9269197, 35.107405], [-89.9270246, 35.1074068], [-89.9276205, 35.1074169], [-89.927883, 35.1074296], [-89.9281309, 35.1074415], [-89.9288905, 35.1074749], [-89.9296554, 35.1074861], [-89.9301845, 35.1074939], [-89.9302962, 35.1074962]], [[-89.9262065, 35.1073929], [-89.9267493, 35.1074021], [-89.9269197, 35.107405]], [[-89.9256554, 35.1073799], [-89.9262065, 35.1073929]], [[-89.9190634, 35.1071984], [-89.9202072, 35.1072333], [-89.9214755, 35.1072708], [-89.9225194, 35.1073], [-89.9235654, 35.1073275], [-89.9240242, 35.1073362], [-89.9244115, 35.1073507], [-89.9256554, 35.1073799]], [[-89.9185785, 35.1071836], [-89.9190634, 35.1071984]], [[-89.9156763, 35.1071096], [-89.9185785, 35.1071836]], [[-89.9151526, 35.1070956], [-89.9156763, 35.1071096]], [[-89.914454, 35.1070996], [-89.9151526, 35.1070956]], [[-89.9088548, 35.1069242], [-89.9096724, 35.1069769], [-89.9105259, 35.1069939], [-89.9112714, 35.1070105], [-89.9119314, 35.1070302], [-89.9122562, 35.1070398], [-89.9125416, 35.1070479], [-89.9136853, 35.1070802], [-89.914454, 35.1070996]], [[-89.8706157, 35.0997252], [-89.872008, 35.0996925], [-89.8726113, 35.0996907], [-89.8728899, 35.0997294], [-89.8732443, 35.0997785], [-89.8732975, 35.0997859], [-89.8742265, 35.1000499], [-89.8760085, 35.1007739], [-89.8776861, 35.1013896], [-89.8778685, 35.1014482], [-89.8787908, 35.101798], [-89.8791965, 35.1019519], [-89.8797062, 35.1021413], [-89.8798389, 35.1021906], [-89.8805745, 35.1024639], [-89.8813714, 35.1027584], [-89.8814017, 35.10277], [-89.8820957, 35.1030335], [-89.8822865, 35.1031059], [-89.8831623, 35.1034296], [-89.8836429, 35.1036072], [-89.8837856, 35.10366]], [[-89.8837856, 35.10366], [-89.8842065, 35.1038156], [-89.8843403, 35.103865]], [[-89.8843403, 35.103865], [-89.884503, 35.1039275], [-89.8849008, 35.1040805]], [[-89.8849008, 35.1040805], [-89.8850263, 35.1041287], [-89.8851019, 35.1041571], [-89.8854594, 35.1042867], [-89.8856157, 35.1043434], [-89.8859894, 35.1044837], [-89.8860228, 35.1044962], [-89.8864089, 35.104641], [-89.8866249, 35.1047221], [-89.8871697, 35.1049264], [-89.8874055, 35.1050149], [-89.8885186, 35.1054247], [-89.8886424, 35.1054718], [-89.8891666, 35.105671], [-89.8894185, 35.1057649], [-89.8898054, 35.1059171]], [[-89.8898054, 35.1059171], [-89.8901672, 35.1060595], [-89.8903076, 35.1061147]], [[-89.8903076, 35.1061147], [-89.8904257, 35.1061561], [-89.8906014, 35.1062176], [-89.8908899, 35.1063169]], [[-89.8908899, 35.1063169], [-89.8910365, 35.1063699], [-89.8913137, 35.1064239], [-89.8913936, 35.1064395], [-89.8916019, 35.1064688], [-89.8916317, 35.106473], [-89.891873, 35.1064957], [-89.8920899, 35.1065018], [-89.8923195, 35.1065082], [-89.8924963, 35.1065131], [-89.8930088, 35.1065274], [-89.8931197, 35.1065305], [-89.89346, 35.10654], [-89.8942967, 35.1065634], [-89.8947077, 35.1065749], [-89.8947301, 35.1065755], [-89.8950311, 35.1065839], [-89.8954134, 35.1065946]], [[-89.8954134, 35.1065946], [-89.8956858, 35.1066011], [-89.8959263, 35.1066068], [-89.8959426, 35.1066072], [-89.8960599, 35.10661]], [[-89.8960599, 35.10661], [-89.8961337, 35.1066117], [-89.896727, 35.1066258], [-89.8970567, 35.1066287], [-89.8971575, 35.1066308], [-89.8976815, 35.1066416], [-89.8987213, 35.1066632], [-89.8987965, 35.1066727], [-89.8993595, 35.1066859], [-89.9001187, 35.1067063], [-89.9014099, 35.1067409], [-89.9022545, 35.1067599], [-89.9025529, 35.106772], [-89.9029525, 35.1067881], [-89.9045277, 35.1068121], [-89.9073581, 35.1068897]], [[-89.9073581, 35.1068897], [-89.9078994, 35.1069182]], [[-89.9078994, 35.1069182], [-89.9083771, 35.1069212]], [[-89.9083771, 35.1069212], [-89.9088548, 35.1069242]], [[-89.8706157, 35.0997252], [-89.8700797, 35.0997405], [-89.8696416, 35.0997515]], [[-89.8696416, 35.0997515], [-89.8686728, 35.0997554]], [[-89.8686728, 35.0997554], [-89.868199, 35.0997769]], [[-89.868199, 35.0997769], [-89.8673156, 35.0998171], [-89.8672073, 35.0998143], [-89.8658151, 35.0998688], [-89.8656794, 35.0998739], [-89.8626305, 35.0999854]], [[-89.8626305, 35.0999854], [-89.8626342, 35.0998762], [-89.8626461, 35.099529], [-89.8626494, 35.099338]], [[-89.8626494, 35.099338], [-89.8626528, 35.0989912], [-89.8626529, 35.0989787], [-89.8626561, 35.098768], [-89.8626584, 35.0983951], [-89.8626597, 35.0982724], [-89.8626604, 35.0982095], [-89.8626684, 35.0978421], [-89.8626706, 35.0977369], [-89.8626764, 35.097514], [-89.8626861, 35.0970405], [-89.8626885, 35.0969071], [-89.8627038, 35.0962577]], [[-89.8627038, 35.0962577], [-89.8627048, 35.0961304]], [[-89.8627048, 35.0961304], [-89.8626882, 35.0960046], [-89.8626575, 35.0958707], [-89.8625707, 35.095709], [-89.8625118, 35.0956187], [-89.8624338, 35.0955271], [-89.8624104, 35.0955019], [-89.8623673, 35.0954553], [-89.862288, 35.0953862], [-89.8621642, 35.0952968], [-89.862017, 35.0952129]], [[-89.862017, 35.0952129], [-89.8619355, 35.0951765], [-89.8618295, 35.095139], [-89.8617493, 35.0951196], [-89.8616692, 35.0951054]], [[-89.8616692, 35.0951054], [-89.8615352, 35.0950924], [-89.8614028, 35.095086], [-89.8611038, 35.0950842], [-89.8610374, 35.0950833], [-89.8608753, 35.0950812], [-89.8604924, 35.0950762], [-89.8596316, 35.0950649], [-89.8596008, 35.0950645], [-89.8593235, 35.0950609]], [[-89.8593235, 35.0950609], [-89.8587935, 35.0950499], [-89.8585906, 35.0950653]], [[-89.8585906, 35.0950653], [-89.8585862, 35.0951594], [-89.8585586, 35.0957514], [-89.8585262, 35.096444], [-89.8585074, 35.0968047], [-89.858518, 35.0969384], [-89.8585658, 35.0975433], [-89.8586253, 35.0980638]], [[-89.8586253, 35.0980638], [-89.8585748, 35.0982174], [-89.8585959, 35.0983433], [-89.8586647, 35.0986374], [-89.8588166, 35.099292]], [[-90.0469101, 35.124914], [-90.0468516, 35.1251012], [-90.0468004, 35.1265718], [-90.0467937, 35.1270246], [-90.0467856, 35.1273123]], [[-90.0467856, 35.1273123], [-90.0467757, 35.1276632]], [[-90.0467757, 35.1276632], [-90.0467787, 35.1278211], [-90.0468114, 35.1280049], [-90.0468515, 35.1281408], [-90.0469202, 35.1283042], [-90.0470512, 35.1284233]], [[-90.046761, 35.1568003], [-90.0469241, 35.1564085]], [[-90.0469241, 35.1564085], [-90.0470133, 35.156194]], [[-90.0470133, 35.156194], [-90.0471756, 35.155804]], [[-90.0471756, 35.155804], [-90.0473781, 35.1553037]], [[-90.0473781, 35.1553037], [-90.0474333, 35.1551535]], [[-90.0474333, 35.1551535], [-90.0475725, 35.1548106]], [[-90.0475725, 35.1548106], [-90.047603, 35.1547346], [-90.0477249, 35.1544302], [-90.0478158, 35.1542148]], [[-90.0478158, 35.1542148], [-90.0479628, 35.1538928], [-90.0479962, 35.1538198]], [[-90.0479962, 35.1538198], [-90.0480489, 35.1537022], [-90.0482181, 35.153325], [-90.048393, 35.1528522], [-90.0484528, 35.1527133], [-90.0484585, 35.152581]], [[-90.0484585, 35.152581], [-90.0486034, 35.1522293]], [[-90.0486034, 35.1522293], [-90.0486221, 35.152182], [-90.048629, 35.1521644], [-90.0487672, 35.151814]], [[-90.0487672, 35.151814], [-90.0488165, 35.1516874], [-90.0489443, 35.1513587]], [[-90.0489443, 35.1513587], [-90.0489997, 35.1512213], [-90.0490821, 35.1510166], [-90.0491174, 35.1509261], [-90.0491384, 35.1508721]], [[-90.0491384, 35.1508721], [-90.0491669, 35.1508062], [-90.0491863, 35.1507613], [-90.049289, 35.1505129], [-90.0493549, 35.1503536], [-90.0495286, 35.1499335], [-90.0495658, 35.1498437]], [[-90.0495658, 35.1498437], [-90.0496071, 35.1497369], [-90.049768, 35.1493208], [-90.0497912, 35.1492607], [-90.0498033, 35.1492294]], [[-90.0498033, 35.1492294], [-90.0499355, 35.1489263], [-90.0499671, 35.1488472]], [[-90.0499671, 35.1488472], [-90.0499978, 35.148776], [-90.0502068, 35.1482308]], [[-90.0502068, 35.1482308], [-90.0503267, 35.1479285], [-90.0503457, 35.1478806], [-90.0503576, 35.1478506]], [[-90.0503576, 35.1478506], [-90.0503873, 35.1477641], [-90.0505277, 35.1473557], [-90.0505783, 35.1472384]], [[-90.0505783, 35.1472384], [-90.0506933, 35.1469273], [-90.0507226, 35.1468537]], [[-90.0507226, 35.1468537], [-90.0507572, 35.1467669]], [[-90.0507572, 35.1467669], [-90.0509766, 35.1462751], [-90.0511606, 35.1458612], [-90.0511793, 35.1458086], [-90.0513178, 35.1454346], [-90.0513465, 35.1453625], [-90.0515185, 35.144948], [-90.0515449, 35.1448872], [-90.0515493, 35.1448771]], [[-90.0515493, 35.1448771], [-90.0515552, 35.1448658], [-90.0515748, 35.1448032], [-90.0517216, 35.144433], [-90.0517457, 35.1443722], [-90.051797, 35.1442476]], [[-90.051797, 35.1442476], [-90.0519236, 35.1439478], [-90.0519549, 35.1438738]], [[-90.0519549, 35.1438738], [-90.0519835, 35.1437972], [-90.0521426, 35.1433715], [-90.052311, 35.1429608], [-90.0523423, 35.1428845]], [[-90.0523423, 35.1428845], [-90.0523729, 35.14281], [-90.0526038, 35.1422453], [-90.0527951, 35.1417504], [-90.0528165, 35.1416978], [-90.0529213, 35.1414234], [-90.053168, 35.1408387], [-90.0532045, 35.1407522], [-90.0532458, 35.1406377], [-90.053367, 35.1403241], [-90.0534865, 35.1400411], [-90.0535157, 35.1399721], [-90.0535382, 35.1399101], [-90.0536204, 35.1396838], [-90.0536763, 35.1395321], [-90.0537544, 35.1393307]], [[-90.0537544, 35.1393307], [-90.0538235, 35.1391421], [-90.0538667, 35.1390431]], [[-90.0538667, 35.1390431], [-90.0539088, 35.1389631], [-90.0539566, 35.1388853], [-90.0540098, 35.1388098], [-90.0540908, 35.1386966]], [[-90.0540908, 35.1386966], [-90.0543695, 35.138307], [-90.0544361, 35.1382138]], [[-90.0544361, 35.1382138], [-90.0550365, 35.1373857], [-90.0556508, 35.1365369]], [[-90.0556508, 35.1365369], [-90.0559667, 35.1361014], [-90.0562807, 35.1356685], [-90.0562397, 35.135511], [-90.0562491, 35.1354523], [-90.0562841, 35.1352339], [-90.0563032, 35.1351088], [-90.0563964, 35.134532], [-90.0564375, 35.1342312]], [[-90.0564375, 35.1342312], [-90.0564635, 35.1340407], [-90.0564954, 35.1333065]], [[-90.0564954, 35.1333065], [-90.0565037, 35.1327728]], [[-90.0565037, 35.1327728], [-90.0560641, 35.1327655], [-90.0556794, 35.1327591], [-90.0551814, 35.1327509]], [[-90.0551814, 35.1327509], [-90.0546375, 35.1327293]], [[-90.0480736, 35.1326041], [-90.0480048, 35.1324294], [-90.0476204, 35.1320115], [-90.047588, 35.13198], [-90.0475517, 35.1319446], [-90.0475245, 35.1319135], [-90.0475025, 35.1318883], [-90.0473959, 35.1317664]]]}}, {"type": "Feature", "properties": {"osm_id": 16225965, "ref": "7", "name": "MATA 7 Shelby & Holmes"}, "geometry": {"type": "MultiLineString", "coordinates": [[[-90.0083595, 35.1757199], [-90.0083865, 35.1743359], [-90.0084212, 35.1735198]], [[-90.0084212, 35.1735198], [-90.0084415, 35.1730409]], [[-90.0084415, 35.1730409], [-90.0084596, 35.1726485], [-90.0084605, 35.1726039], [-90.0084695, 35.1721359], [-90.0084804, 35.1720827], [-90.0085725, 35.1716329], [-90.0088909, 35.170928]], [[-90.0088909, 35.170928], [-90.0090869, 35.1705]], [[-90.0090869, 35.1705], [-90.0092385, 35.1701839], [-90.0093175, 35.1700239], [-90.0098145, 35.1690729], [-90.0100105, 35.1686769], [-90.0101986, 35.1681541], [-90.0102716, 35.1677935], [-90.0102979, 35.1673482], [-90.0103613, 35.1651014]], [[-90.0103613, 35.1651014], [-90.0103727, 35.1646982]], [[-90.0103727, 35.1646982], [-90.0109033, 35.1647484]], [[-90.0109033, 35.1647484], [-90.0111242, 35.1647718], [-90.0116438, 35.1648279], [-90.0124405, 35.1649139], [-90.0132325, 35.1649999], [-90.0140595, 35.1650759], [-90.0148395, 35.1651429], [-90.0156425, 35.1652289], [-90.0159242, 35.1652561], [-90.0161188, 35.165278], [-90.016497, 35.1653169], [-90.0170258, 35.1653694], [-90.0171324, 35.1653809], [-90.01775, 35.1654477], [-90.017972, 35.1654656]], [[-90.017972, 35.1654656], [-90.0181174, 35.1654832]], [[-90.0181174, 35.1654832], [-90.0183578, 35.1655112]], [[-90.0183578, 35.1655112], [-90.0194955, 35.1656549], [-90.0206456, 35.1657832], [-90.0212712, 35.1658506], [-90.0213765, 35.1658593]], [[-90.0213765, 35.1658593], [-90.0218485, 35.1658983]], [[-90.0218485, 35.1658983], [-90.0218993, 35.1655721], [-90.0222083, 35.1637245], [-90.0222663, 35.1633667], [-90.022418, 35.162431], [-90.0225455, 35.1616841], [-90.022549, 35.1616621], [-90.0225581, 35.1616108], [-90.0226566, 35.161023], [-90.0226675, 35.1609457], [-90.0229521, 35.1592383], [-90.023085, 35.1582009], [-90.0231669, 35.1574885]], [[-90.0231669, 35.1574885], [-90.0240121, 35.1573094], [-90.0241988, 35.1572698], [-90.0244201, 35.1572198], [-90.0244625, 35.1572139], [-90.0247547, 35.1571958], [-90.0251662, 35.1571914], [-90.0254646, 35.15719], [-90.0255279, 35.1571856], [-90.0268413, 35.157148], [-90.0276033, 35.1571071], [-90.0282863, 35.1570868], [-90.0288129, 35.1570636], [-90.0295222, 35.1570554], [-90.0307289, 35.1570223], [-90.0309388, 35.1570146], [-90.0312614, 35.1570016], [-90.0314722, 35.1569904], [-90.0316988, 35.1569783], [-90.0318117, 35.1569761], [-90.0319625, 35.1569759], [-90.0325682, 35.1569841], [-90.0327781, 35.156986]], [[-90.0327781, 35.156986], [-90.0330288, 35.1569903], [-90.0332595, 35.1569942]], [[-90.0332595, 35.1569942], [-90.0335245, 35.1569899], [-90.0337628, 35.1569761]], [[-90.0337628, 35.1569761], [-90.0347218, 35.1567657], [-90.0350388, 35.156695], [-90.0353901, 35.1566166], [-90.0355911, 35.1565699], [-90.0356962, 35.1565474], [-90.0358024, 35.1565291], [-90.0359104, 35.1565185], [-90.0360351, 35.1565147], [-90.0361611, 35.1565136]], [[-90.0361611, 35.1565136], [-90.0363222, 35.1565247], [-90.0365271, 35.1565398], [-90.0367306, 35.1565645]], [[-90.0367306, 35.1565645], [-90.0374185, 35.1566441]], [[-90.0374185, 35.1566441], [-90.0374995, 35.1561636]], [[-90.0374995, 35.1561636], [-90.037585, 35.1556589]], [[-90.037585, 35.1556589], [-90.0385892, 35.1557524]], [[-90.0385892, 35.1557524], [-90.0390977, 35.1558017], [-90.0394304, 35.1558219], [-90.0396129, 35.1558338], [-90.039804, 35.155849]], [[-90.039804, 35.155849], [-90.0401946, 35.1558616], [-90.0405549, 35.1558733]], [[-90.0405549, 35.1558733], [-90.0416525, 35.1558922], [-90.0423155, 35.1559079], [-90.0429844, 35.1559124], [-90.0434565, 35.15593], [-90.0435584, 35.1559475], [-90.0436765, 35.1559694], [-90.0440775, 35.1560761], [-90.04415, 35.1560998], [-90.0442517, 35.156133]], [[-90.0442517, 35.156133], [-90.0449159, 35.1563157], [-90.0450531, 35.15635]], [[-90.0450531, 35.15635], [-90.0455208, 35.1564874]], [[-90.0455208, 35.1564874], [-90.0460158, 35.1566119]], [[-90.0460158, 35.1566119], [-90.0461707, 35.1566519], [-90.0464317, 35.1567175]], [[-90.0464317, 35.1567175], [-90.046761, 35.1568003]], [[-90.046761, 35.1568003], [-90.0471861, 35.1569129]], [[-90.0471861, 35.1569129], [-90.0476335, 35.1570314]], [[-90.0476335, 35.1570314], [-90.0477302, 35.1567725]], [[-90.0477302, 35.1567725], [-90.0478889, 35.1563476]], [[-90.0478889, 35.1563476], [-90.048007, 35.1560316]], [[-90.048007, 35.1560316], [-90.0477783, 35.1559682], [-90.0476377, 35.1559293], [-90.0475901, 35.1559161], [-90.0471756, 35.155804]], [[-90.0471756, 35.155804], [-90.0473781, 35.1553037]], [[-90.0473781, 35.1553037], [-90.0474333, 35.1551535]], [[-90.0474333, 35.1551535], [-90.0475725, 35.1548106]], [[-90.0475725, 35.1548106], [-90.047603, 35.1547346], [-90.0477249, 35.1544302], [-90.0478158, 35.1542148]], [[-90.0478158, 35.1542148], [-90.0479628, 35.1538928], [-90.0479962, 35.1538198]], [[-90.0479962, 35.1538198], [-90.0480489, 35.1537022], [-90.0482181, 35.153325], [-90.048393, 35.1528522], [-90.0484528, 35.1527133], [-90.0484585, 35.152581]], [[-90.0484585, 35.152581], [-90.0486034, 35.1522293]], [[-90.0486034, 35.1522293], [-90.0486221, 35.152182], [-90.048629, 35.1521644], [-90.0487672, 35.151814]], [[-90.0487672, 35.151814], [-90.0488165, 35.1516874], [-90.0489443, 35.1513587]], [[-90.0489443, 35.1513587], [-90.0489997, 35.1512213], [-90.0490821, 35.1510166], [-90.0491174, 35.1509261], [-90.0491384, 35.1508721]], [[-90.0491384, 35.1508721], [-90.0491669, 35.1508062], [-90.0491863, 35.1507613], [-90.049289, 35.1505129], [-90.0493549, 35.1503536], [-90.0495286, 35.1499335], [-90.0495658, 35.1498437]], [[-90.0495658, 35.1498437], [-90.0496071, 35.1497369], [-90.049768, 35.1493208], [-90.0497912, 35.1492607], [-90.0498033, 35.1492294]], [[-90.0498033, 35.1492294], [-90.0499355, 35.1489263], [-90.0499671, 35.1488472]], [[-90.0499671, 35.1488472], [-90.0499978, 35.148776], [-90.0502068, 35.1482308]], [[-90.0502068, 35.1482308], [-90.0503267, 35.1479285], [-90.0503457, 35.1478806], [-90.0503576, 35.1478506]], [[-90.0503576, 35.1478506], [-90.0503873, 35.1477641], [-90.0505277, 35.1473557], [-90.0505783, 35.1472384]], [[-90.0505783, 35.1472384], [-90.0506933, 35.1469273], [-90.0507226, 35.1468537]], [[-90.0507226, 35.1468537], [-90.0507572, 35.1467669]], [[-90.0507572, 35.1467669], [-90.0509766, 35.1462751], [-90.0511606, 35.1458612], [-90.0511793, 35.1458086], [-90.0513178, 35.1454346], [-90.0513465, 35.1453625], [-90.0515185, 35.144948], [-90.0515449, 35.1448872], [-90.0515493, 35.1448771]], [[-90.0515493, 35.1448771], [-90.0515552, 35.1448658], [-90.0515748, 35.1448032], [-90.0517216, 35.144433], [-90.0517457, 35.1443722], [-90.051797, 35.1442476]], [[-90.051797, 35.1442476], [-90.0519236, 35.1439478], [-90.0519549, 35.1438738]], [[-90.0519549, 35.1438738], [-90.0519835, 35.1437972], [-90.0521426, 35.1433715], [-90.052311, 35.1429608], [-90.0523423, 35.1428845]], [[-90.0523423, 35.1428845], [-90.0523729, 35.14281], [-90.0526038, 35.1422453], [-90.0527951, 35.1417504], [-90.0528165, 35.1416978], [-90.0529213, 35.1414234], [-90.053168, 35.1408387], [-90.0532045, 35.1407522], [-90.0532458, 35.1406377], [-90.053367, 35.1403241], [-90.0534865, 35.1400411], [-90.0535157, 35.1399721], [-90.0535382, 35.1399101], [-90.0536204, 35.1396838], [-90.0536763, 35.1395321], [-90.0537544, 35.1393307]], [[-90.0537544, 35.1393307], [-90.0538235, 35.1391421], [-90.0538667, 35.1390431]], [[-90.0538667, 35.1390431], [-90.0539088, 35.1389631], [-90.0539566, 35.1388853], [-90.0540098, 35.1388098], [-90.0540908, 35.1386966]], [[-90.0540908, 35.1386966], [-90.0543695, 35.138307], [-90.0544361, 35.1382138]], [[-90.0544361, 35.1382138], [-90.0550365, 35.1373857], [-90.0556508, 35.1365369]], [[-90.0556508, 35.1365369], [-90.0552932, 35.1363618], [-90.0552231, 35.1363275]], [[-90.0552231, 35.1363275], [-90.0547714, 35.1361057]], [[-90.0547714, 35.1361057], [-90.0543472, 35.1358986]], [[-90.0543472, 35.1358986], [-90.0539186, 35.1357056], [-90.0537505, 35.1356299], [-90.0527734, 35.1355204], [-90.0524601, 35.1354944], [-90.0520167, 35.1354576]], [[-90.0520167, 35.1354576], [-90.0516028, 35.1354232]], [[-90.0516028, 35.1354232], [-90.0511276, 35.1353751]], [[-90.0511276, 35.1353751], [-90.0508816, 35.1353502], [-90.0504696, 35.1353084]], [[-90.0504696, 35.1353084], [-90.0501064, 35.1352716], [-90.0500538, 35.1352663]], [[-90.0500538, 35.1352663], [-90.0495877, 35.1352224]], [[-90.0495877, 35.1352224], [-90.0488428, 35.1351523], [-90.0485728, 35.1351268], [-90.048109, 35.1350832], [-90.047965, 35.1350696], [-90.047364, 35.135013], [-90.0470012, 35.1349788]], [[-90.0470012, 35.1349788], [-90.0466383, 35.1349447], [-90.0465317, 35.1349347], [-90.0464876, 35.1349305]], [[-90.0464876, 35.1349305], [-90.0463466, 35.1349154]], [[-90.0463466, 35.1349154], [-90.0462861, 35.1349094], [-90.0462088, 35.1349018], [-90.0458612, 35.1348676]], [[-90.0458612, 35.1348676], [-90.0449321, 35.1347761], [-90.0443979, 35.1347235], [-90.0441142, 35.1346955]], [[-90.0441142, 35.1346955], [-90.0440312, 35.1346873], [-90.0436764, 35.1346524]], [[-90.0436764, 35.1346524], [-90.0432361, 35.1346124], [-90.0432121, 35.1346102]], [[-90.0432121, 35.1346102], [-90.0430672, 35.134597], [-90.0428981, 35.1345817], [-90.0424605, 35.1345419], [-90.0414915, 35.1344482], [-90.0411825, 35.1344219], [-90.0404847, 35.134355]], [[-90.0404847, 35.134355], [-90.0400179, 35.1343152]], [[-90.0400179, 35.1343152], [-90.0395588, 35.1342674]], [[-90.0395588, 35.1342674], [-90.0395346, 35.1342651], [-90.0392769, 35.134241], [-90.0384625, 35.1341649], [-90.0365895, 35.1339899], [-90.0353015, 35.1338775], [-90.0349881, 35.1338552]], [[-90.0349881, 35.1338552], [-90.0345465, 35.133815]], [[-90.0345465, 35.133815], [-90.0341052, 35.1337748], [-90.0333265, 35.1337039], [-90.0327165, 35.1336529], [-90.032076, 35.1335918], [-90.0315035, 35.1335372]], [[-90.0315035, 35.1335372], [-90.0313225, 35.1335199], [-90.0310015, 35.1334549]], [[-90.0310015, 35.1334549], [-90.0310155, 35.1329899], [-90.0310425, 35.1323989]], [[-90.0310425, 35.1323989], [-90.0310488, 35.1321278], [-90.0310555, 35.1318389]], [[-90.0310555, 35.1318389], [-90.030797, 35.1318304], [-90.0306557, 35.1318257], [-90.0304912, 35.1318203]], [[-90.0304912, 35.1318203], [-90.0301774, 35.13181], [-90.0297421, 35.1317957], [-90.0291835, 35.1317719], [-90.0289769, 35.1317666], [-90.0288852, 35.1317642]], [[-90.0288852, 35.1317642], [-90.0285245, 35.131755], [-90.0283775, 35.1317539]], [[-90.0283775, 35.1317539], [-90.0279355, 35.1317467]], [[-90.0279355, 35.1317467], [-90.0272726, 35.1317358], [-90.0272225, 35.1317369], [-90.0270688, 35.1317399]], [[-90.0270688, 35.1317399], [-90.0268757, 35.1316965], [-90.0266221, 35.1316875], [-90.0264291, 35.131665], [-90.0262389, 35.1315973], [-90.0260928, 35.1315308], [-90.0259302, 35.1314384], [-90.025704, 35.131398]], [[-90.025704, 35.131398], [-90.0258653, 35.1315601], [-90.0260085, 35.1316415], [-90.0260982, 35.1316843]], [[-90.0260982, 35.1316843], [-90.0261683, 35.1317142], [-90.0263826, 35.1317904], [-90.0264101, 35.131793], [-90.0265491, 35.1318064], [-90.02679, 35.1318096], [-90.0268782, 35.1318108], [-90.0270688, 35.1317399]], [[-90.025704, 35.131398], [-90.0255463, 35.131324], [-90.0255185, 35.1312999], [-90.0249285, 35.1309409], [-90.0248007, 35.1308653], [-90.0247154, 35.1308021]], [[-90.0247154, 35.1308021], [-90.0243355, 35.1305899], [-90.0239225, 35.1303449], [-90.0233775, 35.1300379]], [[-90.0233775, 35.1300379], [-90.0231166, 35.1298775]], [[-90.0231166, 35.1298775], [-90.0230294, 35.1298239]], [[-90.0230294, 35.1298239], [-90.0229155, 35.1297539], [-90.0227352, 35.1296416], [-90.0223987, 35.129432]], [[-90.0223987, 35.129432], [-90.0219756, 35.129188], [-90.0216108, 35.1289995], [-90.0215046, 35.1289419], [-90.0214357, 35.1289055]], [[-90.0214357, 35.1289055], [-90.0210926, 35.12873]], [[-90.0210926, 35.12873], [-90.0206962, 35.1285084]], [[-90.0206962, 35.1285084], [-90.0204681, 35.128383]], [[-90.0204681, 35.128383], [-90.0201793, 35.1282075]], [[-90.0201793, 35.1282075], [-90.0199263, 35.1280717], [-90.0197886, 35.1279942], [-90.0191584, 35.1276397], [-90.0184329, 35.1272396]], [[-90.0184329, 35.1272396], [-90.017594, 35.1267764]], [[-90.017594, 35.1267764], [-90.0170982, 35.1264952], [-90.0170109, 35.1264422]], [[-90.0170109, 35.1264422], [-90.0167731, 35.1262931], [-90.015992, 35.1258401], [-90.0158106, 35.1257336], [-90.0157187, 35.1256797], [-90.0155102, 35.1255573]], [[-90.0155102, 35.1255573], [-90.0149434, 35.1252245], [-90.0149349, 35.1252195], [-90.0149191, 35.1252103], [-90.0144556, 35.1249344], [-90.0142889, 35.1248407], [-90.0142697, 35.1248294], [-90.0139999, 35.1246748], [-90.0136729, 35.1244873], [-90.0132886, 35.1242744]], [[-90.0132886, 35.1242744], [-90.013115, 35.1241743], [-90.0130304, 35.1241255], [-90.0129418, 35.1240744], [-90.0127273, 35.1239507]], [[-90.0127273, 35.1239507], [-90.0120603, 35.1235236]], [[-90.0120603, 35.1235236], [-90.0115322, 35.1232307]], [[-90.0115322, 35.1232307], [-90.010847, 35.1228409]], [[-90.010847, 35.1228409], [-90.0103511, 35.1225465]], [[-90.0103511, 35.1225465], [-90.0097392, 35.1221542], [-90.0086091, 35.1214298], [-90.0082849, 35.1212122], [-90.0074427, 35.1206756], [-90.0066689, 35.1201895], [-90.0066113, 35.1201533], [-90.0065695, 35.120129], [-90.0063462, 35.1199837], [-90.0051334, 35.1191969], [-90.0050878, 35.1191673]], [[-90.0050878, 35.1191673], [-90.005015, 35.1191202]], [[-90.005015, 35.1191202], [-90.0038997, 35.1183991], [-90.0036376, 35.1182277], [-90.0032033, 35.1179647], [-90.0029444, 35.1178095], [-90.0026649, 35.1176313], [-90.0023833, 35.1174555], [-90.0022756, 35.1173883]], [[-90.0022756, 35.1173883], [-90.0021679, 35.117321], [-90.0019657, 35.1171881], [-90.0018531, 35.1171141]], [[-90.0018531, 35.1171141], [-90.0015749, 35.116959], [-90.0015027, 35.1169187], [-90.0014048, 35.1168562]], [[-90.0014048, 35.1168562], [-90.0013068, 35.1167937], [-90.0008436, 35.1164981]], [[-90.0008436, 35.1164981], [-90.00074, 35.1164319]], [[-90.00074, 35.1164319], [-90.0002556, 35.1161228]], [[-90.0002556, 35.1161228], [-90.0002192, 35.1160996]], [[-90.0002192, 35.1160996], [-89.9996868, 35.1157598]], [[-89.9996868, 35.1157598], [-89.9995005, 35.1156409]], [[-89.9995005, 35.1156409], [-89.9991255, 35.1153819]], [[-89.9991255, 35.1153819], [-89.9990452, 35.1153288], [-89.9982802, 35.1148223], [-89.9976213, 35.1143861], [-89.9966165, 35.1137209], [-89.9962802, 35.1135135], [-89.9959905, 35.1133229], [-89.995543, 35.1130287], [-89.9949631, 35.1126429], [-89.9948616, 35.112573], [-89.994329, 35.1122063]], [[-89.994329, 35.1122063], [-89.9933036, 35.1115469], [-89.992131, 35.1107722], [-89.9920511, 35.1107194]], [[-89.9920511, 35.1107194], [-89.9917754, 35.1105374]], [[-89.9917754, 35.1105374], [-89.9917245, 35.110506], [-89.9915739, 35.1104132]], [[-89.9915739, 35.1104132], [-89.9915356, 35.1103896]], [[-89.9915356, 35.1103896], [-89.9914614, 35.1103439]], [[-89.9914614, 35.1103439], [-89.9912465, 35.1102115], [-89.9910917, 35.110111], [-89.9907267, 35.1098739], [-89.9901552, 35.1095027], [-89.9899403, 35.1093673], [-89.9897272, 35.1092428], [-89.9896554, 35.1092081]], [[-89.9896554, 35.1092081], [-89.9895541, 35.1090655], [-89.9889077, 35.1086289], [-89.9886689, 35.10854]], [[-89.9886689, 35.10854], [-89.9888244, 35.1087569], [-89.9889459, 35.1088496]], [[-89.9889459, 35.1088496], [-89.9891478, 35.1090037]], [[-89.9891478, 35.1090037], [-89.9894576, 35.1092049], [-89.9896554, 35.1092081]], [[-89.9886689, 35.10854], [-89.9885853, 35.1084593], [-89.9884491, 35.1083365], [-89.9883547, 35.1082509], [-89.9882962, 35.1081978], [-89.9881842, 35.1080844], [-89.9879531, 35.1078505], [-89.9878288, 35.1077142], [-89.9877369, 35.1075908], [-89.9874892, 35.107258], [-89.9874634, 35.1072215], [-89.9872565, 35.1069289], [-89.9870233, 35.1065921], [-89.986968, 35.1065123], [-89.9869231, 35.106463], [-89.9868091, 35.106338], [-89.9867393, 35.1062615], [-89.9865344, 35.1060366], [-89.9864205, 35.1059117], [-89.9862861, 35.1058028], [-89.9861616, 35.1056972]], [[-89.9861616, 35.1056972], [-89.985979, 35.1055603], [-89.985948, 35.1055357]], [[-89.985948, 35.1055357], [-89.9857572, 35.1054063], [-89.9856225, 35.1053149]], [[-89.9856225, 35.1053149], [-89.9855604, 35.1052713], [-89.9854458, 35.1051908], [-89.9852462, 35.1050506]], [[-89.9852462, 35.1050506], [-89.9850422, 35.1049226]], [[-89.9850422, 35.1049226], [-89.9849704, 35.1048729]], [[-89.9849704, 35.1048729], [-89.9848485, 35.1048032]], [[-89.9848485, 35.1048032], [-89.9846453, 35.1046691], [-89.9845517, 35.1046074]], [[-89.9845517, 35.1046074], [-89.9844732, 35.1045576], [-89.9841989, 35.1043834], [-89.9841513, 35.1043526]], [[-89.9841513, 35.1043526], [-89.9838615, 35.1041651], [-89.9837021, 35.1040598], [-89.9833981, 35.1038693], [-89.9833244, 35.1038176], [-89.9831086, 35.1036876], [-89.9829656, 35.1035948], [-89.9818314, 35.1028771], [-89.9816445, 35.1027552], [-89.9814909, 35.1026576], [-89.9814384, 35.1026174], [-89.9813544, 35.1025605], [-89.9809541, 35.1023143], [-89.980808, 35.1022224], [-89.9805384, 35.1020642], [-89.9804688, 35.1020233]], [[-89.9804688, 35.1020233], [-89.9803422, 35.1019552], [-89.9799937, 35.1017632]], [[-89.9799937, 35.1017632], [-89.9798008, 35.1016596], [-89.9796281, 35.1015704], [-89.9793608, 35.1014323], [-89.9790325, 35.1012569], [-89.9787944, 35.1011305], [-89.9783159, 35.1008829], [-89.9782153, 35.1008316], [-89.977604, 35.1005134], [-89.9775086, 35.1004592], [-89.9771563, 35.1002773], [-89.9769935, 35.1001959], [-89.9758107, 35.0995786], [-89.9755505, 35.0994409], [-89.9750412, 35.0991753], [-89.9749072, 35.0991077], [-89.9744468, 35.0988646], [-89.9738973, 35.0985721], [-89.9735875, 35.0984072], [-89.9734778, 35.0983385], [-89.9732128, 35.0981682], [-89.9731873, 35.0981502], [-89.9726701, 35.0977596], [-89.9725235, 35.0976276], [-89.9720409, 35.0971653], [-89.9717958, 35.0968973], [-89.9716174, 35.0966933], [-89.9715345, 35.0966043], [-89.971165, 35.0961896], [-89.9710668, 35.0960782], [-89.9709876, 35.0959943], [-89.9707846, 35.0957698], [-89.9706453, 35.0955975]], [[-89.9706453, 35.0955975], [-89.9705487, 35.0954893], [-89.9701643, 35.0950198]], [[-89.9701643, 35.0950198], [-89.9698143, 35.0946344], [-89.9697279, 35.0945414]], [[-89.9697279, 35.0945414], [-89.9695263, 35.0943242], [-89.9692807, 35.0940564], [-89.9691987, 35.093967], [-89.9689103, 35.0936525], [-89.96885, 35.0935868], [-89.968704, 35.0934276], [-89.9686372, 35.0933548], [-89.9680858, 35.0927536], [-89.9676227, 35.0922201], [-89.9669525, 35.0914844], [-89.9665753, 35.091047], [-89.9663672, 35.0907966], [-89.9659454, 35.0902807], [-89.9657881, 35.0900883], [-89.9653007, 35.0894585], [-89.9651697, 35.08929], [-89.9648933, 35.0889402], [-89.9645921, 35.0885471], [-89.9644454, 35.0883573], [-89.9641565, 35.0879835]], [[-89.9641565, 35.0879835], [-89.9636042, 35.087294], [-89.9634529, 35.0871228], [-89.9633653, 35.0870242], [-89.9632175, 35.086856], [-89.9631507, 35.08678], [-89.9629823, 35.0866122], [-89.9629407, 35.0865707], [-89.9628329, 35.0864584]], [[-89.9628329, 35.0864584], [-89.962698, 35.086318], [-89.9625781, 35.0861963], [-89.9623699, 35.0859887]], [[-89.9623699, 35.0859887], [-89.9621238, 35.0857665], [-89.9620771, 35.0857238], [-89.9619694, 35.0856312], [-89.9616776, 35.0853762], [-89.9613389, 35.0850937], [-89.9612158, 35.0849885], [-89.9611061, 35.0848987], [-89.9610593, 35.0848587], [-89.9607374, 35.0845936], [-89.9604468, 35.0843482], [-89.960372, 35.0842804], [-89.9601685, 35.0841113], [-89.9599548, 35.0839345], [-89.9597855, 35.0837905], [-89.9597265, 35.0837418], [-89.9594749, 35.0835344], [-89.9594304, 35.0834939], [-89.9592748, 35.0833695], [-89.9590743, 35.0832042]], [[-89.9590743, 35.0832042], [-89.9589509, 35.0830198], [-89.9586666, 35.0827652], [-89.9583549, 35.0825066], [-89.9578995, 35.0821286]], [[-89.9578995, 35.0821286], [-89.9572236, 35.0815931], [-89.9567944, 35.0812375]], [[-89.9567944, 35.0812375], [-89.9563974, 35.0808775]], [[-89.9563974, 35.0808775], [-89.9561989, 35.0807019]], [[-89.9561989, 35.0807019], [-89.9553514, 35.0799864], [-89.9552602, 35.079903]], [[-89.9552602, 35.079903], [-89.9550304, 35.0798306]], [[-89.9550304, 35.0798306], [-89.9551127, 35.0799819]], [[-89.9551127, 35.0799819], [-89.9560434, 35.0807414]], [[-89.9560434, 35.0807414], [-89.9562955, 35.0809434]], [[-89.9562955, 35.0809434], [-89.9566817, 35.081277]], [[-89.9566817, 35.081277], [-89.9571109, 35.0816238], [-89.9575758, 35.0819986]], [[-89.9575758, 35.0819986], [-89.9577561, 35.082144], [-89.9578297, 35.0822033]], [[-89.9578297, 35.0822033], [-89.9581556, 35.0824858], [-89.9588222, 35.0830637], [-89.9588651, 35.0830876], [-89.9590743, 35.0832042]], [[-89.9550304, 35.0798306], [-89.9540642, 35.07901]], [[-89.9540642, 35.07901], [-89.9537389, 35.0787338]], [[-89.9537389, 35.0787338], [-89.9532592, 35.0783269]], [[-89.9532592, 35.0783269], [-89.9531292, 35.0782228], [-89.9525243, 35.0777387]], [[-89.9525243, 35.0777387], [-89.9520002, 35.0773058]], [[-89.9520002, 35.0773058], [-89.9517697, 35.0771075]], [[-89.9517697, 35.0771075], [-89.951543, 35.0769034], [-89.9511597, 35.0765585]], [[-89.9511597, 35.0765585], [-89.9508512, 35.0766858], [-89.9505772, 35.0767617]], [[-89.9505772, 35.0767617], [-89.950304, 35.0768373]], [[-89.950304, 35.0768373], [-89.9506692, 35.0768311], [-89.9510443, 35.0768636], [-89.9513099, 35.0769273], [-89.9515647, 35.0770063], [-89.9517697, 35.0771075]], [[-89.950304, 35.0768373], [-89.9495906, 35.0769624]], [[-89.9495906, 35.0769624], [-89.9492835, 35.0769931], [-89.9486759, 35.0770041], [-89.9437623, 35.0769383], [-89.9428059, 35.076913], [-89.9418192, 35.0768652], [-89.9416614, 35.0768585]], [[-89.9416614, 35.0768585], [-89.9412931, 35.0768416]], [[-89.9412931, 35.0768416], [-89.9409316, 35.076828], [-89.94049, 35.076807], [-89.937243, 35.0766685], [-89.9351527, 35.0765796], [-89.9334357, 35.0765058]], [[-89.9324031, 35.0764605], [-89.9334357, 35.0765058]], [[-89.9320168, 35.0764454], [-89.9315313, 35.0764235]], [[-89.9319707, 35.0717577], [-89.9319533, 35.0719637], [-89.9319401, 35.0721195], [-89.9319192, 35.0723665], [-89.9318903, 35.0727079], [-89.9318482, 35.0731663], [-89.9318401, 35.0732546], [-89.9318224, 35.0734471], [-89.9318067, 35.073618], [-89.9317989, 35.0737037], [-89.9317827, 35.0738793], [-89.9317766, 35.0739465], [-89.9317645, 35.0740775], [-89.9317528, 35.0742052], [-89.9317406, 35.0743428], [-89.9317208, 35.0745534], [-89.931719, 35.0745731], [-89.9316871, 35.0748873], [-89.9316753, 35.0750037], [-89.9316536, 35.0752169], [-89.9316319, 35.0754311], [-89.9316084, 35.0756624], [-89.9316002, 35.075743], [-89.9315787, 35.0759552], [-89.9315772, 35.0759697], [-89.9315313, 35.0764235]], [[-89.9321274, 35.0695919], [-89.9321062, 35.0700275], [-89.9320829, 35.0704102], [-89.93206, 35.0706856], [-89.932039, 35.070938], [-89.9319707, 35.0717577]], [[-89.9321485, 35.0691563], [-89.9321274, 35.0695919]], [[-89.9321485, 35.0691563], [-89.9322054, 35.0682915], [-89.9322328, 35.0678029]], [[-89.9322328, 35.0678029], [-89.9322566, 35.0676627], [-89.9323137, 35.0673231], [-89.9323309, 35.0670202]], [[-89.9323309, 35.0670202], [-89.9323727, 35.0659714], [-89.9324385, 35.065075]], [[-89.9324385, 35.065075], [-89.9324582, 35.064692]], [[-89.9324582, 35.064692], [-89.9324681, 35.0644475], [-89.9324727, 35.0641502], [-89.9324448, 35.0638713], [-89.932399, 35.0636347], [-89.9323292, 35.0634145], [-89.9322495, 35.063222], [-89.9320841, 35.0629268], [-89.931624, 35.0621959], [-89.9314583, 35.0618974], [-89.9313348, 35.0616152], [-89.9312391, 35.0613362], [-89.9311793, 35.0610752]], [[-89.9311793, 35.0610752], [-89.9311335, 35.0607783]], [[-89.9311335, 35.0607783], [-89.9311096, 35.0605271], [-89.9311106, 35.0603107], [-89.9311296, 35.0599997], [-89.9311909, 35.059683], [-89.9312812, 35.0593559], [-89.9314584, 35.058881], [-89.9316518, 35.0585011], [-89.9319128, 35.0580579], [-89.9323379, 35.0573264]], [[-89.9323379, 35.0573264], [-89.9326045, 35.0568638]], [[-89.9326045, 35.0568638], [-89.9328757, 35.0563862], [-89.9333969, 35.0555069], [-89.9334363, 35.0554404]], [[-89.9334363, 35.0554404], [-89.933573, 35.0551737]], [[-89.933573, 35.0551737], [-89.9336893, 35.0549106], [-89.933826, 35.0545263], [-89.9338963, 35.0542622], [-89.9339576, 35.0539686], [-89.9340153, 35.0535998]], [[-89.9340153, 35.0535998], [-89.9341246, 35.0532184], [-89.9342237, 35.0528613]], [[-89.9342237, 35.0528613], [-89.934267, 35.0526445], [-89.9342814, 35.0524556], [-89.934285, 35.0522196], [-89.9342701, 35.051961], [-89.9342661, 35.0518925]], [[-89.9342661, 35.0518925], [-89.9342653, 35.0517588]], [[-89.9342653, 35.0517588], [-89.9333911, 35.0517305]], [[-89.9333911, 35.0517305], [-89.9332309, 35.0517269], [-89.9332067, 35.0517261], [-89.9329352, 35.0517169], [-89.9328025, 35.0517124], [-89.9326889, 35.0517086]], [[-89.9326889, 35.0517086], [-89.9324844, 35.0517031], [-89.9323247, 35.0516981], [-89.9312823, 35.0516657]], [[-89.9312057, 35.0368904], [-89.9312143, 35.0370721], [-89.9312189, 35.0371692], [-89.9312136, 35.0376917], [-89.9312113, 35.037911], [-89.9312087, 35.0381675], [-89.9312041, 35.0386172], [-89.9311995, 35.0390658], [-89.9311947, 35.0395312], [-89.9312125, 35.0405302], [-89.9312246, 35.0411654], [-89.9312202, 35.0413233], [-89.9312173, 35.0414302], [-89.9312215, 35.0416576], [-89.9312267, 35.0419419], [-89.9312314, 35.0421991], [-89.9312298, 35.0422375], [-89.9312254, 35.0424527], [-89.9312222, 35.0427501], [-89.93124, 35.0430817], [-89.9312412, 35.0431806], [-89.9312562, 35.0437416], [-89.9312684, 35.044093], [-89.9312439, 35.0445406], [-89.9312421, 35.0446267], [-89.9312421, 35.0447252], [-89.9312453, 35.045057], [-89.9312472, 35.0452229], [-89.9312502, 35.0452978], [-89.9312576, 35.0459179], [-89.9312623, 35.0464179], [-89.9312606, 35.0468611], [-89.9312575, 35.0469921], [-89.9312582, 35.0477275], [-89.9312456, 35.0482636], [-89.9312511, 35.0486326], [-89.9312654, 35.0495938], [-89.9312793, 35.0502583], [-89.9312845, 35.05051], [-89.9312838, 35.050879], [-89.9312833, 35.0511431], [-89.9312827, 35.0514647], [-89.9312823, 35.0516657]], [[-89.9361609, 35.0367865], [-89.9360102, 35.0367895], [-89.9355916, 35.0367978], [-89.934886, 35.0368119], [-89.9344513, 35.0368205], [-89.9340961, 35.0368276], [-89.9326907, 35.0368581], [-89.9326037, 35.03686], [-89.9323837, 35.0368648], [-89.9322971, 35.0368667], [-89.9322372, 35.036868], [-89.9318482, 35.0368764], [-89.9313754, 35.0368867], [-89.9312057, 35.0368904]], [[-89.9321802, 35.0672978], [-89.9322328, 35.0678029]], [[-89.9323448, 35.0650775], [-89.9322811, 35.0659616], [-89.9321802, 35.0672978]], [[-89.9323668, 35.0646876], [-89.9323448, 35.0650775]], [[-89.9309645, 35.0609744], [-89.9310272, 35.0612948], [-89.9310976, 35.0615085], [-89.9311261, 35.0615951], [-89.9312496, 35.0618906], [-89.9314339, 35.0622359], [-89.9316734, 35.0626186], [-89.9319813, 35.0631148], [-89.9321321, 35.0633797], [-89.9322321, 35.0636139], [-89.932301, 35.0638149], [-89.9323488, 35.0640351], [-89.9323707, 35.0642504], [-89.9323767, 35.0644364], [-89.9323668, 35.0646876]], [[-89.930928, 35.0606597], [-89.9309645, 35.0609744]], [[-89.9322672, 35.0572649], [-89.9319163, 35.05787], [-89.9314354, 35.0586994], [-89.9311779, 35.05919], [-89.9311107, 35.0593614], [-89.9310434, 35.0595332], [-89.9309842, 35.0597645], [-89.9309441, 35.0600107], [-89.9309226, 35.0602989], [-89.930928, 35.0606597]], [[-89.9365336, 35.0365574], [-89.9364929, 35.0366107], [-89.9364458, 35.0366458], [-89.9363829, 35.0366808], [-89.9361609, 35.0367865]], [[-89.9312823, 35.0516657], [-89.9312773, 35.0518274]], [[-89.9312773, 35.0518274], [-89.9313027, 35.0518279], [-89.93181, 35.0518379], [-89.9321402, 35.0518452], [-89.9324832, 35.0518527], [-89.9326485, 35.0518542], [-89.9326886, 35.0518546]], [[-89.9326886, 35.0518546], [-89.9328053, 35.051856], [-89.9329365, 35.0518575], [-89.9332104, 35.0518606], [-89.9333928, 35.0518641]], [[-89.9333928, 35.0518641], [-89.9334128, 35.0519334], [-89.9336002, 35.0525825], [-89.9337858, 35.05336], [-89.9338309, 35.0536935], [-89.9338507, 35.0540652]], [[-89.9338507, 35.0540652], [-89.9337443, 35.0544798], [-89.9336095, 35.0548714], [-89.9334933, 35.0551289]], [[-89.9334933, 35.0551289], [-89.9333634, 35.0553807]], [[-89.9333634, 35.0553807], [-89.9332016, 35.0556661], [-89.9325407, 35.0567966]], [[-89.9325407, 35.0567966], [-89.9322672, 35.0572649]], [[-89.9371719, 35.0367932], [-89.9371758, 35.0365426], [-89.9371768, 35.036477], [-89.9371773, 35.0364439], [-89.9371782, 35.0362427], [-89.9371684, 35.0360866], [-89.9371654, 35.036038], [-89.9371506, 35.0358851], [-89.9371468, 35.0358462], [-89.9371125, 35.0355678], [-89.9370754, 35.035273], [-89.9370639, 35.0351151], [-89.9370596, 35.034949], [-89.9370611, 35.0348122], [-89.9370682, 35.0346461], [-89.9370854, 35.0345244], [-89.937108, 35.0343757], [-89.9371468, 35.0341314], [-89.9371654, 35.0339571], [-89.9371725, 35.0337711], [-89.9371794, 35.0336437], [-89.9371839, 35.0335594], [-89.9371854, 35.0330213], [-89.9371853, 35.0330139], [-89.9371782, 35.0324049], [-89.9371725, 35.0320493], [-89.9371611, 35.0316164], [-89.9370678, 35.0314742]], [[-89.9370635, 35.0312637], [-89.9370678, 35.0314742]], [[-89.9370606, 35.0310267], [-89.9370635, 35.0312637]], [[-89.9370557, 35.0307801], [-89.9370606, 35.0310267]], [[-89.9369531, 35.0248028], [-89.936955, 35.0249296], [-89.9369612, 35.0253488], [-89.9369634, 35.0255771], [-89.9369662, 35.0258754], [-89.9369685, 35.0261176], [-89.9369728, 35.0265687], [-89.9369769, 35.0270019], [-89.936986, 35.0279483], [-89.936989, 35.0282252], [-89.9369911, 35.0284124], [-89.9369994, 35.028709], [-89.9370098, 35.029082], [-89.9370139, 35.0292303], [-89.9370165, 35.0293229], [-89.9370226, 35.0295989], [-89.9370347, 35.030029], [-89.9370392, 35.0301887], [-89.9370557, 35.0307801]], [[-89.9369414, 35.023692], [-89.9369506, 35.0242372], [-89.9369516, 35.0244612], [-89.9369531, 35.0248028]], [[-89.9369042, 35.0214918], [-89.9369168, 35.0222359], [-89.9369274, 35.0228658], [-89.9369323, 35.023153], [-89.9369414, 35.023692]], [[-89.9368976, 35.021103], [-89.9368986, 35.0211628], [-89.9369042, 35.0214918]], [[-89.9368976, 35.021103], [-89.93689, 35.020649]], [[-89.936877, 35.0202308], [-89.93689, 35.020649]], [[-89.9368291, 35.0061071], [-89.9368646, 35.0088414], [-89.936875, 35.0107756], [-89.9368769, 35.0110757], [-89.9368918, 35.0128783], [-89.9368889, 35.0136524], [-89.9368885, 35.0137764], [-89.9368868, 35.0139547], [-89.9368116, 35.0150518], [-89.9368059, 35.0151835], [-89.9368026, 35.0152589], [-89.9367901, 35.0155457], [-89.9367862, 35.0156347], [-89.936783, 35.015708], [-89.9367902, 35.0162192], [-89.9367959, 35.0166266], [-89.9368054, 35.0173069], [-89.9368097, 35.018184], [-89.9368137, 35.018374], [-89.9368144, 35.0184232], [-89.9368129, 35.0192876], [-89.9368386, 35.0198103], [-89.9368395, 35.0198883], [-89.9368528, 35.0200105], [-89.9368728, 35.0200939], [-89.936877, 35.0202308]], [[-89.9368291, 35.0061071], [-89.9368291, 35.0055787]], [[-89.9368291, 35.0055787], [-89.9368291, 35.0052939]], [[-89.9368291, 35.0052939], [-89.9368291, 35.0039659], [-89.9368291, 35.0036825], [-89.9368297, 35.0035746], [-89.9368053, 35.0016564]], [[-89.9368053, 35.0016564], [-89.9358654, 35.0016375], [-89.935324, 35.0016298]], [[-89.9371719, 35.0367932], [-89.9365432, 35.0367922], [-89.9361609, 35.0367865]], [[-89.9368291, 35.0061071], [-89.9359746, 35.0061023]], [[-89.9359746, 35.0061023], [-89.9342981, 35.006093], [-89.933721, 35.0060898], [-89.9332231, 35.006087], [-89.9310761, 35.0060833], [-89.9306606, 35.0060826], [-89.9293842, 35.0060803], [-89.9280987, 35.0060769], [-89.9277805, 35.006076], [-89.9267714, 35.0060733], [-89.9256444, 35.0060702], [-89.9249433, 35.0060683], [-89.9236732, 35.0060649], [-89.9219906, 35.0060603]], [[-89.9219906, 35.0060603], [-89.9212195, 35.0060581]], [[-89.9212195, 35.0060581], [-89.9202985, 35.0060379], [-89.9200963, 35.0060335], [-89.9190678, 35.0060333]], [[-89.9190678, 35.0060333], [-89.9168394, 35.006057], [-89.9150489, 35.0060375], [-89.9146596, 35.0060333], [-89.912528, 35.0060275], [-89.9115004, 35.0060247], [-89.9100794, 35.0060237], [-89.9091533, 35.0060167], [-89.9089723, 35.0060161], [-89.9086376, 35.0060158], [-89.9080912, 35.0060153], [-89.9078058, 35.0060151], [-89.9077189, 35.0060144], [-89.9069725, 35.0060074], [-89.9062824, 35.006001], [-89.9025972, 35.0059667], [-89.9015098, 35.0059566]], [[-89.9015098, 35.0059566], [-89.9008804, 35.0059636]], [[-89.9008804, 35.0059636], [-89.9004836, 35.005968], [-89.8992645, 35.0059816], [-89.8965622, 35.0059886], [-89.8946608, 35.0059935], [-89.8935153, 35.0059939], [-89.892905, 35.005993], [-89.8903213, 35.0060073], [-89.8884954, 35.0059295]], [[-89.8884954, 35.0059295], [-89.8879163, 35.0059004], [-89.8877069, 35.0058899]], [[-89.8877069, 35.0058899], [-89.8876015, 35.0058853]], [[-89.8876015, 35.0058853], [-89.8875022, 35.0058812], [-89.8867042, 35.0058478], [-89.886634, 35.0058438]], [[-89.886634, 35.0058438], [-89.8864505, 35.0058382]], [[-89.8864505, 35.0058382], [-89.8858893, 35.005809], [-89.885415, 35.0057487], [-89.8846106, 35.0057148], [-89.8843816, 35.0057191], [-89.8840111, 35.0057184], [-89.883649, 35.0057218], [-89.883135, 35.005746], [-89.8826939, 35.0057713], [-89.8825422, 35.00578], [-89.8817509, 35.005833]], [[-89.8817509, 35.005833], [-89.881211, 35.0058611], [-89.8810795, 35.005868]], [[-89.8802791, 35.0059027], [-89.879763, 35.0059375], [-89.878993, 35.0060043], [-89.8772891, 35.0061953], [-89.8762386, 35.0062862]], [[-89.8762386, 35.0062862], [-89.8756262, 35.0063219], [-89.8750237, 35.0063154]], [[-89.8750237, 35.0063154], [-89.874437, 35.0062943], [-89.8737216, 35.0062342], [-89.8732102, 35.0061758], [-89.8727725, 35.0061008]], [[-89.8727725, 35.0061008], [-89.8725055, 35.0060653], [-89.8718717, 35.0059718]], [[-89.8718717, 35.0059718], [-89.871263, 35.0059047]], [[-89.871263, 35.0059047], [-89.8707331, 35.0058613]], [[-89.8707331, 35.0058613], [-89.8701219, 35.0058406], [-89.870047, 35.0058381], [-89.8683845, 35.005826], [-89.8661881, 35.0058203], [-89.8643548, 35.0058138], [-89.8635487, 35.005814], [-89.8632542, 35.0058141], [-89.8609515, 35.0058146], [-89.8596977, 35.0058149], [-89.8595535, 35.0058149], [-89.8588458, 35.0058151], [-89.8576858, 35.0058066], [-89.8556002, 35.0058107], [-89.853735, 35.0058144], [-89.8531754, 35.0058155], [-89.8525389, 35.0058168], [-89.8521, 35.0058177], [-89.850847, 35.0058202], [-89.8500787, 35.0058217], [-89.849558, 35.0058228], [-89.8485782, 35.0058247]], [[-89.8485782, 35.0058247], [-89.8486147, 35.0086603], [-89.8486184, 35.0089471], [-89.848626, 35.0095343], [-89.8486296, 35.0097096], [-89.8486407, 35.0102407], [-89.8486403, 35.0103017], [-89.8486412, 35.011349], [-89.848644, 35.012677], [-89.8486495, 35.0130397], [-89.8486466, 35.0135942], [-89.8487019, 35.0141977], [-89.8487101, 35.014459], [-89.8487371, 35.0150373], [-89.848737, 35.0155228], [-89.8487369, 35.0160488], [-89.8487368, 35.0169184], [-89.8487051, 35.0187361], [-89.8487027, 35.0188763]], [[-89.8487027, 35.0188763], [-89.8487, 35.0196909], [-89.8486976, 35.0204057]], [[-89.8662417, 35.0203669], [-89.8656873, 35.0203643], [-89.8651881, 35.0203665], [-89.8649479, 35.0203673], [-89.8645339, 35.0203688], [-89.8641474, 35.0203733], [-89.8626833, 35.0203671], [-89.861724, 35.0203779], [-89.8608386, 35.020374], [-89.8604115, 35.0203719], [-89.8596569, 35.0203681], [-89.8591901, 35.0203671], [-89.8584378, 35.0203674], [-89.8574614, 35.0203754], [-89.8573534, 35.0203784], [-89.8571286, 35.0203791], [-89.8569057, 35.0203796], [-89.856304, 35.0203776], [-89.8559476, 35.0203794], [-89.8554408, 35.0203819], [-89.8551307, 35.0203834], [-89.8535447, 35.0203913], [-89.852473, 35.0203894], [-89.8505721, 35.0203954], [-89.850071, 35.0203982], [-89.8499006, 35.0203991], [-89.8493479, 35.0204021], [-89.8486976, 35.0204057]], [[-89.8662417, 35.0203669], [-89.8676911, 35.0203789], [-89.8685854, 35.0203863], [-89.8690022, 35.0203897], [-89.8699249, 35.0203972], [-89.8700902, 35.0203973], [-89.8703318, 35.0203974]], [[-89.8703318, 35.0203974], [-89.870453, 35.0204505], [-89.8705518, 35.0204514], [-89.8707421, 35.0204514], [-89.8713041, 35.0204538], [-89.8714314, 35.0204543], [-89.8716206, 35.0204561], [-89.8727337, 35.0204667], [-89.8729752, 35.0204689], [-89.8735708, 35.0204746], [-89.8740958, 35.0204783]], [[-89.8740958, 35.0204783], [-89.8743213, 35.0204805], [-89.8750169, 35.0204873]], [[-89.8750169, 35.0204873], [-89.8770627, 35.0204876]], [[-89.8774437, 35.0204876], [-89.8784755, 35.0204902], [-89.8791157, 35.0204885], [-89.8794451, 35.0204876]], [[-89.8794451, 35.0204876], [-89.8798116, 35.0204895], [-89.8799913, 35.0204905]], [[-89.8799913, 35.0204905], [-89.8801224, 35.0204937]], [[-89.8801224, 35.0204937], [-89.8810957, 35.0204905]], [[-89.881717, 35.0205078], [-89.8822356, 35.0205138]], [[-89.8822356, 35.0205138], [-89.8827828, 35.0205203], [-89.8829855, 35.0204484]], [[-89.8829855, 35.0204484], [-89.8836193, 35.020452]], [[-89.8836193, 35.020452], [-89.8862299, 35.0204669], [-89.8869566, 35.020471], [-89.8880405, 35.0204772], [-89.888709, 35.020481], [-89.8902173, 35.0204896], [-89.8904897, 35.0204922], [-89.8905413, 35.0204927], [-89.8906663, 35.020493], [-89.8910392, 35.020494]], [[-89.8910392, 35.020494], [-89.891706, 35.0204975], [-89.8924463, 35.0205015], [-89.8935599, 35.0205074], [-89.8941443, 35.0205102], [-89.8949765, 35.0205142], [-89.895355, 35.020516], [-89.8955371, 35.0205169], [-89.8956717, 35.0205175], [-89.8964079, 35.0205211], [-89.8968882, 35.0205234], [-89.8974055, 35.0205259]], [[-89.8974055, 35.0205259], [-89.8976557, 35.0205271], [-89.8978776, 35.0205281], [-89.8980605, 35.020529], [-89.8983535, 35.0205284]], [[-89.8983535, 35.0205284], [-89.898532, 35.020528], [-89.8988851, 35.0205273], [-89.8991061, 35.0205268]], [[-89.8991061, 35.0205268], [-89.8992117, 35.0205273], [-89.899504, 35.0205352]], [[-89.899504, 35.0205352], [-89.8997122, 35.020623], [-89.9000023, 35.0206251], [-89.9001564, 35.0206262], [-89.901378, 35.0206295]], [[-89.901378, 35.0206295], [-89.9016625, 35.0206254]], [[-89.9016625, 35.0206254], [-89.9018572, 35.0206249], [-89.9036068, 35.0206274], [-89.9046066, 35.0206245]], [[-89.9046066, 35.0206245], [-89.9067178, 35.0206589], [-89.9068911, 35.0206593], [-89.9091183, 35.0206554], [-89.9113741, 35.0206702], [-89.9137508, 35.02068], [-89.9145752, 35.0206756], [-89.9162879, 35.0206867], [-89.9190833, 35.0206788], [-89.9235152, 35.0207159], [-89.9238957, 35.0207222], [-89.9247724, 35.0207262], [-89.9263508, 35.0207069], [-89.9280038, 35.0207094], [-89.9299032, 35.0207114], [-89.9308655, 35.0206947], [-89.9311839, 35.0206287]], [[-89.9311839, 35.0206287], [-89.932342, 35.0206338], [-89.9324721, 35.0206333], [-89.9339721, 35.0206386], [-89.9344727, 35.0206404], [-89.9353373, 35.0206435], [-89.9353676, 35.0206436], [-89.9356213, 35.0206445], [-89.9357275, 35.0206449], [-89.9358187, 35.0206452], [-89.9360352, 35.020646], [-89.9361419, 35.0206464], [-89.9363806, 35.0206472]], [[-89.9363806, 35.0206472], [-89.9365684, 35.0207295], [-89.9367347, 35.0208547], [-89.9368976, 35.021103]]]}}], "source": "OpenStreetMap via Overpass API", "fetched_at": "2026-07-16T06:58:11.553356+00:00"}